distribution,x_axis_mode,x_axis_value,mu,case,entity_id,num_nulls
Uniform,relative,1,0.4,Worst,I1_1422,523
Uniform,relative,1,0.4,Average,I1_1422,523
Uniform,relative,2,0.58,Worst,I1_1422,523
Uniform,relative,2,0.6266666666666667,Average,I1_1422,523
Uniform,relative,3,0.7666666666666667,Worst,I1_1422,523
Uniform,relative,3,0.7266666666666667,Average,I1_1422,523
Uniform,relative,4,0.7866666666666666,Worst,I1_1422,523
Uniform,relative,4,0.7466666666666667,Average,I1_1422,523
Uniform,relative,5,0.8333333333333334,Worst,I1_1422,523
Uniform,relative,5,0.8,Average,I1_1422,523
Uniform,relative,6,0.86,Worst,I1_1422,523
Uniform,relative,6,0.8533333333333334,Average,I1_1422,523
Uniform,relative,7,0.8333333333333334,Worst,I1_1422,523
Uniform,relative,7,0.8866666666666667,Average,I1_1422,523
Uniform,relative,8,0.9,Worst,I1_1422,523
Uniform,relative,8,0.84,Average,I1_1422,523
Uniform,relative,9,0.88,Worst,I1_1422,523
Uniform,relative,9,0.9066666666666666,Average,I1_1422,523
Uniform,relative,10,0.92,Worst,I1_1422,523
Uniform,relative,10,0.8866666666666667,Average,I1_1422,523
Uniform,relative,11,0.92,Worst,I1_1422,523
Uniform,relative,11,0.9533333333333334,Average,I1_1422,523
Uniform,relative,12,0.9266666666666666,Worst,I1_1422,523
Uniform,relative,12,0.9266666666666666,Average,I1_1422,523
Uniform,relative,13,0.94,Worst,I1_1422,523
Uniform,relative,13,0.92,Average,I1_1422,523
Uniform,relative,14,0.9266666666666666,Worst,I1_1422,523
Uniform,relative,14,0.9266666666666666,Average,I1_1422,523
Uniform,relative,15,0.9266666666666666,Worst,I1_1422,523
Uniform,relative,15,0.9466666666666667,Average,I1_1422,523
Uniform,relative,16,0.96,Worst,I1_1422,523
Uniform,relative,16,0.9733333333333334,Average,I1_1422,523
Uniform,relative,17,0.9266666666666666,Worst,I1_1422,523
Uniform,relative,17,0.9466666666666667,Average,I1_1422,523
Uniform,relative,18,0.9133333333333333,Worst,I1_1422,523
Uniform,relative,18,0.9333333333333333,Average,I1_1422,523
Uniform,relative,19,0.92,Worst,I1_1422,523
Uniform,relative,19,0.9533333333333334,Average,I1_1422,523
Uniform,relative,20,0.96,Worst,I1_1422,523
Uniform,relative,20,0.9733333333333334,Average,I1_1422,523
Uniform,relative,21,0.96,Worst,I1_1422,523
Uniform,relative,21,0.9533333333333334,Average,I1_1422,523
Uniform,relative,22,0.9733333333333334,Worst,I1_1422,523
Uniform,relative,22,0.9666666666666667,Average,I1_1422,523
Uniform,relative,23,0.9533333333333334,Worst,I1_1422,523
Uniform,relative,23,0.96,Average,I1_1422,523
Uniform,relative,24,0.96,Worst,I1_1422,523
Uniform,relative,24,0.9666666666666667,Average,I1_1422,523
Uniform,relative,25,0.9333333333333333,Worst,I1_1422,523
Uniform,relative,25,0.9733333333333334,Average,I1_1422,523
Uniform,relative,26,0.98,Worst,I1_1422,523
Uniform,relative,26,0.9533333333333334,Average,I1_1422,523
Uniform,relative,27,0.94,Worst,I1_1422,523
Uniform,relative,27,0.9866666666666667,Average,I1_1422,523
Uniform,relative,28,0.9466666666666667,Worst,I1_1422,523
Uniform,relative,28,0.9866666666666667,Average,I1_1422,523
Uniform,relative,29,0.96,Worst,I1_1422,523
Uniform,relative,29,0.9866666666666667,Average,I1_1422,523
Uniform,relative,30,0.94,Worst,I1_1422,523
Uniform,relative,30,0.96,Average,I1_1422,523
Uniform,relative,1,0.37333333333333335,Worst,I4_1026,507
Uniform,relative,1,0.3466666666666667,Average,I4_1026,507
Uniform,relative,2,0.5866666666666667,Worst,I4_1026,507
Uniform,relative,2,0.6333333333333333,Average,I4_1026,507
Uniform,relative,3,0.6866666666666666,Worst,I4_1026,507
Uniform,relative,3,0.6733333333333333,Average,I4_1026,507
Uniform,relative,4,0.7533333333333333,Worst,I4_1026,507
Uniform,relative,4,0.68,Average,I4_1026,507
Uniform,relative,5,0.7933333333333333,Worst,I4_1026,507
Uniform,relative,5,0.7866666666666666,Average,I4_1026,507
Uniform,relative,6,0.84,Worst,I4_1026,507
Uniform,relative,6,0.7933333333333333,Average,I4_1026,507
Uniform,relative,7,0.8733333333333333,Worst,I4_1026,507
Uniform,relative,7,0.84,Average,I4_1026,507
Uniform,relative,8,0.8733333333333333,Worst,I4_1026,507
Uniform,relative,8,0.86,Average,I4_1026,507
Uniform,relative,9,0.9333333333333333,Worst,I4_1026,507
Uniform,relative,9,0.86,Average,I4_1026,507
Uniform,relative,10,0.9266666666666666,Worst,I4_1026,507
Uniform,relative,10,0.8733333333333333,Average,I4_1026,507
Uniform,relative,11,0.9066666666666666,Worst,I4_1026,507
Uniform,relative,11,0.92,Average,I4_1026,507
Uniform,relative,12,0.9266666666666666,Worst,I4_1026,507
Uniform,relative,12,0.92,Average,I4_1026,507
Uniform,relative,13,0.9333333333333333,Worst,I4_1026,507
Uniform,relative,13,0.92,Average,I4_1026,507
Uniform,relative,14,0.9466666666666667,Worst,I4_1026,507
Uniform,relative,14,0.9266666666666666,Average,I4_1026,507
Uniform,relative,15,0.9533333333333334,Worst,I4_1026,507
Uniform,relative,15,0.9333333333333333,Average,I4_1026,507
Uniform,relative,16,0.9733333333333334,Worst,I4_1026,507
Uniform,relative,16,0.9066666666666666,Average,I4_1026,507
Uniform,relative,17,0.94,Worst,I4_1026,507
Uniform,relative,17,0.9666666666666667,Average,I4_1026,507
Uniform,relative,18,0.9333333333333333,Worst,I4_1026,507
Uniform,relative,18,0.9666666666666667,Average,I4_1026,507
Uniform,relative,19,0.9533333333333334,Worst,I4_1026,507
Uniform,relative,19,0.9466666666666667,Average,I4_1026,507
Uniform,relative,20,0.96,Worst,I4_1026,507
Uniform,relative,20,0.96,Average,I4_1026,507
Uniform,relative,21,0.94,Worst,I4_1026,507
Uniform,relative,21,0.96,Average,I4_1026,507
Uniform,relative,22,0.96,Worst,I4_1026,507
Uniform,relative,22,0.9533333333333334,Average,I4_1026,507
Uniform,relative,23,0.94,Worst,I4_1026,507
Uniform,relative,23,0.9733333333333334,Average,I4_1026,507
Uniform,relative,24,0.9666666666666667,Worst,I4_1026,507
Uniform,relative,24,0.9933333333333333,Average,I4_1026,507
Uniform,relative,25,0.9733333333333334,Worst,I4_1026,507
Uniform,relative,25,0.9933333333333333,Average,I4_1026,507
Uniform,relative,26,0.9666666666666667,Worst,I4_1026,507
Uniform,relative,26,0.9866666666666667,Average,I4_1026,507
Uniform,relative,27,0.9333333333333333,Worst,I4_1026,507
Uniform,relative,27,0.96,Average,I4_1026,507
Uniform,relative,28,0.9666666666666667,Worst,I4_1026,507
Uniform,relative,28,0.94,Average,I4_1026,507
Uniform,relative,29,0.9533333333333334,Worst,I4_1026,507
Uniform,relative,29,0.98,Average,I4_1026,507
Uniform,relative,30,0.98,Worst,I4_1026,507
Uniform,relative,30,0.96,Average,I4_1026,507
Uniform,relative,1,0.36,Worst,I3_441,516
Uniform,relative,1,0.4,Average,I3_441,516
Uniform,relative,2,0.6133333333333333,Worst,I3_441,516
Uniform,relative,2,0.5733333333333334,Average,I3_441,516
Uniform,relative,3,0.6866666666666666,Worst,I3_441,516
Uniform,relative,3,0.7466666666666667,Average,I3_441,516
Uniform,relative,4,0.72,Worst,I3_441,516
Uniform,relative,4,0.7933333333333333,Average,I3_441,516
Uniform,relative,5,0.8333333333333334,Worst,I3_441,516
Uniform,relative,5,0.82,Average,I3_441,516
Uniform,relative,6,0.8333333333333334,Worst,I3_441,516
Uniform,relative,6,0.84,Average,I3_441,516
Uniform,relative,7,0.9,Worst,I3_441,516
Uniform,relative,7,0.86,Average,I3_441,516
Uniform,relative,8,0.8733333333333333,Worst,I3_441,516
Uniform,relative,8,0.8866666666666667,Average,I3_441,516
Uniform,relative,9,0.8866666666666667,Worst,I3_441,516
Uniform,relative,9,0.8,Average,I3_441,516
Uniform,relative,10,0.9266666666666666,Worst,I3_441,516
Uniform,relative,10,0.9,Average,I3_441,516
Uniform,relative,11,0.8866666666666667,Worst,I3_441,516
Uniform,relative,11,0.92,Average,I3_441,516
Uniform,relative,12,0.9266666666666666,Worst,I3_441,516
Uniform,relative,12,0.9133333333333333,Average,I3_441,516
Uniform,relative,13,0.94,Worst,I3_441,516
Uniform,relative,13,0.9333333333333333,Average,I3_441,516
Uniform,relative,14,0.9,Worst,I3_441,516
Uniform,relative,14,0.92,Average,I3_441,516
Uniform,relative,15,0.8933333333333333,Worst,I3_441,516
Uniform,relative,15,0.9466666666666667,Average,I3_441,516
Uniform,relative,16,0.9666666666666667,Worst,I3_441,516
Uniform,relative,16,0.9333333333333333,Average,I3_441,516
Uniform,relative,17,0.9266666666666666,Worst,I3_441,516
Uniform,relative,17,0.9333333333333333,Average,I3_441,516
Uniform,relative,18,0.96,Worst,I3_441,516
Uniform,relative,18,0.96,Average,I3_441,516
Uniform,relative,19,0.9066666666666666,Worst,I3_441,516
Uniform,relative,19,0.9266666666666666,Average,I3_441,516
Uniform,relative,20,0.96,Worst,I3_441,516
Uniform,relative,20,0.9533333333333334,Average,I3_441,516
Uniform,relative,21,0.9666666666666667,Worst,I3_441,516
Uniform,relative,21,0.9333333333333333,Average,I3_441,516
Uniform,relative,22,0.9533333333333334,Worst,I3_441,516
Uniform,relative,22,0.9933333333333333,Average,I3_441,516
Uniform,relative,23,0.94,Worst,I3_441,516
Uniform,relative,23,0.94,Average,I3_441,516
Uniform,relative,24,0.9733333333333334,Worst,I3_441,516
Uniform,relative,24,0.9533333333333334,Average,I3_441,516
Uniform,relative,25,0.9533333333333334,Worst,I3_441,516
Uniform,relative,25,0.9666666666666667,Average,I3_441,516
Uniform,relative,26,0.96,Worst,I3_441,516
Uniform,relative,26,0.9666666666666667,Average,I3_441,516
Uniform,relative,27,0.9666666666666667,Worst,I3_441,516
Uniform,relative,27,0.98,Average,I3_441,516
Uniform,relative,28,0.96,Worst,I3_441,516
Uniform,relative,28,0.9533333333333334,Average,I3_441,516
Uniform,relative,29,0.98,Worst,I3_441,516
Uniform,relative,29,0.9466666666666667,Average,I3_441,516
Uniform,relative,30,0.9933333333333333,Worst,I3_441,516
Uniform,relative,30,0.9666666666666667,Average,I3_441,516
Uniform,relative,1,0.37333333333333335,Worst,I1_1323,523
Uniform,relative,1,0.36666666666666664,Average,I1_1323,523
Uniform,relative,2,0.6133333333333333,Worst,I1_1323,523
Uniform,relative,2,0.5733333333333334,Average,I1_1323,523
Uniform,relative,3,0.7333333333333333,Worst,I1_1323,523
Uniform,relative,3,0.6666666666666666,Average,I1_1323,523
Uniform,relative,4,0.7466666666666667,Worst,I1_1323,523
Uniform,relative,4,0.7466666666666667,Average,I1_1323,523
Uniform,relative,5,0.8,Worst,I1_1323,523
Uniform,relative,5,0.8066666666666666,Average,I1_1323,523
Uniform,relative,6,0.8866666666666667,Worst,I1_1323,523
Uniform,relative,6,0.86,Average,I1_1323,523
Uniform,relative,7,0.8866666666666667,Worst,I1_1323,523
Uniform,relative,7,0.78,Average,I1_1323,523
Uniform,relative,8,0.9066666666666666,Worst,I1_1323,523
Uniform,relative,8,0.86,Average,I1_1323,523
Uniform,relative,9,0.8866666666666667,Worst,I1_1323,523
Uniform,relative,9,0.8733333333333333,Average,I1_1323,523
Uniform,relative,10,0.8666666666666667,Worst,I1_1323,523
Uniform,relative,10,0.9133333333333333,Average,I1_1323,523
Uniform,relative,11,0.92,Worst,I1_1323,523
Uniform,relative,11,0.9066666666666666,Average,I1_1323,523
Uniform,relative,12,0.9266666666666666,Worst,I1_1323,523
Uniform,relative,12,0.8533333333333334,Average,I1_1323,523
Uniform,relative,13,0.9266666666666666,Worst,I1_1323,523
Uniform,relative,13,0.9333333333333333,Average,I1_1323,523
Uniform,relative,14,0.94,Worst,I1_1323,523
Uniform,relative,14,0.96,Average,I1_1323,523
Uniform,relative,15,0.9333333333333333,Worst,I1_1323,523
Uniform,relative,15,0.8866666666666667,Average,I1_1323,523
Uniform,relative,16,0.9333333333333333,Worst,I1_1323,523
Uniform,relative,16,0.9733333333333334,Average,I1_1323,523
Uniform,relative,17,0.9533333333333334,Worst,I1_1323,523
Uniform,relative,17,0.94,Average,I1_1323,523
Uniform,relative,18,0.9466666666666667,Worst,I1_1323,523
Uniform,relative,18,0.9666666666666667,Average,I1_1323,523
Uniform,relative,19,0.9733333333333334,Worst,I1_1323,523
Uniform,relative,19,0.9733333333333334,Average,I1_1323,523
Uniform,relative,20,0.9333333333333333,Worst,I1_1323,523
Uniform,relative,20,0.96,Average,I1_1323,523
Uniform,relative,21,0.9533333333333334,Worst,I1_1323,523
Uniform,relative,21,0.94,Average,I1_1323,523
Uniform,relative,22,0.92,Worst,I1_1323,523
Uniform,relative,22,0.96,Average,I1_1323,523
Uniform,relative,23,0.9333333333333333,Worst,I1_1323,523
Uniform,relative,23,0.92,Average,I1_1323,523
Uniform,relative,24,0.9666666666666667,Worst,I1_1323,523
Uniform,relative,24,0.9666666666666667,Average,I1_1323,523
Uniform,relative,25,0.9666666666666667,Worst,I1_1323,523
Uniform,relative,25,0.96,Average,I1_1323,523
Uniform,relative,26,0.9466666666666667,Worst,I1_1323,523
Uniform,relative,26,0.9866666666666667,Average,I1_1323,523
Uniform,relative,27,0.9666666666666667,Worst,I1_1323,523
Uniform,relative,27,0.9733333333333334,Average,I1_1323,523
Uniform,relative,28,0.9866666666666667,Worst,I1_1323,523
Uniform,relative,28,0.9733333333333334,Average,I1_1323,523
Uniform,relative,29,0.9866666666666667,Worst,I1_1323,523
Uniform,relative,29,0.96,Average,I1_1323,523
Uniform,relative,30,0.9866666666666667,Worst,I1_1323,523
Uniform,relative,30,0.9933333333333333,Average,I1_1323,523
Uniform,relative,1,0.36666666666666664,Worst,I2_1377,526
Uniform,relative,1,0.36,Average,I2_1377,526
Uniform,relative,2,0.5866666666666667,Worst,I2_1377,526
Uniform,relative,2,0.6,Average,I2_1377,526
Uniform,relative,3,0.68,Worst,I2_1377,526
Uniform,relative,3,0.6733333333333333,Average,I2_1377,526
Uniform,relative,4,0.8066666666666666,Worst,I2_1377,526
Uniform,relative,4,0.82,Average,I2_1377,526
Uniform,relative,5,0.8533333333333334,Worst,I2_1377,526
Uniform,relative,5,0.7933333333333333,Average,I2_1377,526
Uniform,relative,6,0.88,Worst,I2_1377,526
Uniform,relative,6,0.8466666666666667,Average,I2_1377,526
Uniform,relative,7,0.8333333333333334,Worst,I2_1377,526
Uniform,relative,7,0.8666666666666667,Average,I2_1377,526
Uniform,relative,8,0.8733333333333333,Worst,I2_1377,526
Uniform,relative,8,0.84,Average,I2_1377,526
Uniform,relative,9,0.8933333333333333,Worst,I2_1377,526
Uniform,relative,9,0.8933333333333333,Average,I2_1377,526
Uniform,relative,10,0.8733333333333333,Worst,I2_1377,526
Uniform,relative,10,0.9333333333333333,Average,I2_1377,526
Uniform,relative,11,0.9266666666666666,Worst,I2_1377,526
Uniform,relative,11,0.9266666666666666,Average,I2_1377,526
Uniform,relative,12,0.9,Worst,I2_1377,526
Uniform,relative,12,0.9066666666666666,Average,I2_1377,526
Uniform,relative,13,0.9,Worst,I2_1377,526
Uniform,relative,13,0.8866666666666667,Average,I2_1377,526
Uniform,relative,14,0.9333333333333333,Worst,I2_1377,526
Uniform,relative,14,0.9466666666666667,Average,I2_1377,526
Uniform,relative,15,0.96,Worst,I2_1377,526
Uniform,relative,15,0.9333333333333333,Average,I2_1377,526
Uniform,relative,16,0.9733333333333334,Worst,I2_1377,526
Uniform,relative,16,0.9666666666666667,Average,I2_1377,526
Uniform,relative,17,0.9466666666666667,Worst,I2_1377,526
Uniform,relative,17,0.8866666666666667,Average,I2_1377,526
Uniform,relative,18,0.92,Worst,I2_1377,526
Uniform,relative,18,0.9133333333333333,Average,I2_1377,526
Uniform,relative,19,0.9666666666666667,Worst,I2_1377,526
Uniform,relative,19,0.94,Average,I2_1377,526
Uniform,relative,20,0.8866666666666667,Worst,I2_1377,526
Uniform,relative,20,0.9466666666666667,Average,I2_1377,526
Uniform,relative,21,0.94,Worst,I2_1377,526
Uniform,relative,21,0.9533333333333334,Average,I2_1377,526
Uniform,relative,22,0.9133333333333333,Worst,I2_1377,526
Uniform,relative,22,0.9266666666666666,Average,I2_1377,526
Uniform,relative,23,0.9266666666666666,Worst,I2_1377,526
Uniform,relative,23,0.9066666666666666,Average,I2_1377,526
Uniform,relative,24,0.9533333333333334,Worst,I2_1377,526
Uniform,relative,24,0.9533333333333334,Average,I2_1377,526
Uniform,relative,25,0.9733333333333334,Worst,I2_1377,526
Uniform,relative,25,0.9733333333333334,Average,I2_1377,526
Uniform,relative,26,0.9666666666666667,Worst,I2_1377,526
Uniform,relative,26,0.98,Average,I2_1377,526
Uniform,relative,27,0.9533333333333334,Worst,I2_1377,526
Uniform,relative,27,0.9466666666666667,Average,I2_1377,526
Uniform,relative,28,0.98,Worst,I2_1377,526
Uniform,relative,28,0.9466666666666667,Average,I2_1377,526
Uniform,relative,29,0.98,Worst,I2_1377,526
Uniform,relative,29,0.96,Average,I2_1377,526
Uniform,relative,30,0.9266666666666666,Worst,I2_1377,526
Uniform,relative,30,0.9733333333333334,Average,I2_1377,526
Uniform,relative,1,0.29333333333333333,Worst,I3_1026,516
Uniform,relative,1,0.38,Average,I3_1026,516
Uniform,relative,2,0.5933333333333334,Worst,I3_1026,516
Uniform,relative,2,0.62,Average,I3_1026,516
Uniform,relative,3,0.7733333333333333,Worst,I3_1026,516
Uniform,relative,3,0.7,Average,I3_1026,516
Uniform,relative,4,0.8266666666666667,Worst,I3_1026,516
Uniform,relative,4,0.7466666666666667,Average,I3_1026,516
Uniform,relative,5,0.8,Worst,I3_1026,516
Uniform,relative,5,0.74,Average,I3_1026,516
Uniform,relative,6,0.86,Worst,I3_1026,516
Uniform,relative,6,0.8466666666666667,Average,I3_1026,516
Uniform,relative,7,0.8866666666666667,Worst,I3_1026,516
Uniform,relative,7,0.8533333333333334,Average,I3_1026,516
Uniform,relative,8,0.9133333333333333,Worst,I3_1026,516
Uniform,relative,8,0.86,Average,I3_1026,516
Uniform,relative,9,0.9066666666666666,Worst,I3_1026,516
Uniform,relative,9,0.9,Average,I3_1026,516
Uniform,relative,10,0.92,Worst,I3_1026,516
Uniform,relative,10,0.9066666666666666,Average,I3_1026,516
Uniform,relative,11,0.9266666666666666,Worst,I3_1026,516
Uniform,relative,11,0.9,Average,I3_1026,516
Uniform,relative,12,0.9066666666666666,Worst,I3_1026,516
Uniform,relative,12,0.9,Average,I3_1026,516
Uniform,relative,13,0.9066666666666666,Worst,I3_1026,516
Uniform,relative,13,0.9133333333333333,Average,I3_1026,516
Uniform,relative,14,0.92,Worst,I3_1026,516
Uniform,relative,14,0.94,Average,I3_1026,516
Uniform,relative,15,0.96,Worst,I3_1026,516
Uniform,relative,15,0.9466666666666667,Average,I3_1026,516
Uniform,relative,16,0.9466666666666667,Worst,I3_1026,516
Uniform,relative,16,0.94,Average,I3_1026,516
Uniform,relative,17,0.9533333333333334,Worst,I3_1026,516
Uniform,relative,17,0.9266666666666666,Average,I3_1026,516
Uniform,relative,18,0.9666666666666667,Worst,I3_1026,516
Uniform,relative,18,0.9466666666666667,Average,I3_1026,516
Uniform,relative,19,0.98,Worst,I3_1026,516
Uniform,relative,19,0.94,Average,I3_1026,516
Uniform,relative,20,0.9333333333333333,Worst,I3_1026,516
Uniform,relative,20,0.96,Average,I3_1026,516
Uniform,relative,21,0.96,Worst,I3_1026,516
Uniform,relative,21,0.9666666666666667,Average,I3_1026,516
Uniform,relative,22,0.9066666666666666,Worst,I3_1026,516
Uniform,relative,22,0.94,Average,I3_1026,516
Uniform,relative,23,0.9666666666666667,Worst,I3_1026,516
Uniform,relative,23,0.9666666666666667,Average,I3_1026,516
Uniform,relative,24,0.9666666666666667,Worst,I3_1026,516
Uniform,relative,24,0.9466666666666667,Average,I3_1026,516
Uniform,relative,25,0.9466666666666667,Worst,I3_1026,516
Uniform,relative,25,0.96,Average,I3_1026,516
Uniform,relative,26,0.9533333333333334,Worst,I3_1026,516
Uniform,relative,26,0.98,Average,I3_1026,516
Uniform,relative,27,0.9266666666666666,Worst,I3_1026,516
Uniform,relative,27,0.9733333333333334,Average,I3_1026,516
Uniform,relative,28,0.96,Worst,I3_1026,516
Uniform,relative,28,0.9666666666666667,Average,I3_1026,516
Uniform,relative,29,0.98,Worst,I3_1026,516
Uniform,relative,29,0.9733333333333334,Average,I3_1026,516
Uniform,relative,30,0.9733333333333334,Worst,I3_1026,516
Uniform,relative,30,0.9466666666666667,Average,I3_1026,516
Uniform,relative,1,0.31333333333333335,Worst,I4_1230,507
Uniform,relative,1,0.37333333333333335,Average,I4_1230,507
Uniform,relative,2,0.6,Worst,I4_1230,507
Uniform,relative,2,0.66,Average,I4_1230,507
Uniform,relative,3,0.72,Worst,I4_1230,507
Uniform,relative,3,0.6933333333333334,Average,I4_1230,507
Uniform,relative,4,0.7533333333333333,Worst,I4_1230,507
Uniform,relative,4,0.7933333333333333,Average,I4_1230,507
Uniform,relative,5,0.8533333333333334,Worst,I4_1230,507
Uniform,relative,5,0.8333333333333334,Average,I4_1230,507
Uniform,relative,6,0.84,Worst,I4_1230,507
Uniform,relative,6,0.9,Average,I4_1230,507
Uniform,relative,7,0.8533333333333334,Worst,I4_1230,507
Uniform,relative,7,0.86,Average,I4_1230,507
Uniform,relative,8,0.8733333333333333,Worst,I4_1230,507
Uniform,relative,8,0.8133333333333334,Average,I4_1230,507
Uniform,relative,9,0.9133333333333333,Worst,I4_1230,507
Uniform,relative,9,0.9133333333333333,Average,I4_1230,507
Uniform,relative,10,0.92,Worst,I4_1230,507
Uniform,relative,10,0.9133333333333333,Average,I4_1230,507
Uniform,relative,11,0.9066666666666666,Worst,I4_1230,507
Uniform,relative,11,0.9,Average,I4_1230,507
Uniform,relative,12,0.94,Worst,I4_1230,507
Uniform,relative,12,0.92,Average,I4_1230,507
Uniform,relative,13,0.94,Worst,I4_1230,507
Uniform,relative,13,0.9,Average,I4_1230,507
Uniform,relative,14,0.9466666666666667,Worst,I4_1230,507
Uniform,relative,14,0.9466666666666667,Average,I4_1230,507
Uniform,relative,15,0.9133333333333333,Worst,I4_1230,507
Uniform,relative,15,0.9133333333333333,Average,I4_1230,507
Uniform,relative,16,0.94,Worst,I4_1230,507
Uniform,relative,16,0.9133333333333333,Average,I4_1230,507
Uniform,relative,17,0.9666666666666667,Worst,I4_1230,507
Uniform,relative,17,0.9533333333333334,Average,I4_1230,507
Uniform,relative,18,0.96,Worst,I4_1230,507
Uniform,relative,18,0.9266666666666666,Average,I4_1230,507
Uniform,relative,19,0.9533333333333334,Worst,I4_1230,507
Uniform,relative,19,0.9466666666666667,Average,I4_1230,507
Uniform,relative,20,0.9466666666666667,Worst,I4_1230,507
Uniform,relative,20,0.9066666666666666,Average,I4_1230,507
Uniform,relative,21,0.9466666666666667,Worst,I4_1230,507
Uniform,relative,21,0.96,Average,I4_1230,507
Uniform,relative,22,0.9533333333333334,Worst,I4_1230,507
Uniform,relative,22,0.9333333333333333,Average,I4_1230,507
Uniform,relative,23,0.96,Worst,I4_1230,507
Uniform,relative,23,0.96,Average,I4_1230,507
Uniform,relative,24,0.9733333333333334,Worst,I4_1230,507
Uniform,relative,24,0.9733333333333334,Average,I4_1230,507
Uniform,relative,25,0.9133333333333333,Worst,I4_1230,507
Uniform,relative,25,0.94,Average,I4_1230,507
Uniform,relative,26,0.9733333333333334,Worst,I4_1230,507
Uniform,relative,26,0.9533333333333334,Average,I4_1230,507
Uniform,relative,27,0.9666666666666667,Worst,I4_1230,507
Uniform,relative,27,0.9666666666666667,Average,I4_1230,507
Uniform,relative,28,0.98,Worst,I4_1230,507
Uniform,relative,28,0.9866666666666667,Average,I4_1230,507
Uniform,relative,29,0.9666666666666667,Worst,I4_1230,507
Uniform,relative,29,0.9733333333333334,Average,I4_1230,507
Uniform,relative,30,0.9466666666666667,Worst,I4_1230,507
Uniform,relative,30,0.9866666666666667,Average,I4_1230,507
Uniform,relative,1,0.32,Worst,I1_1023,523
Uniform,relative,1,0.36666666666666664,Average,I1_1023,523
Uniform,relative,2,0.52,Worst,I1_1023,523
Uniform,relative,2,0.6133333333333333,Average,I1_1023,523
Uniform,relative,3,0.7333333333333333,Worst,I1_1023,523
Uniform,relative,3,0.68,Average,I1_1023,523
Uniform,relative,4,0.82,Worst,I1_1023,523
Uniform,relative,4,0.7933333333333333,Average,I1_1023,523
Uniform,relative,5,0.7866666666666666,Worst,I1_1023,523
Uniform,relative,5,0.7866666666666666,Average,I1_1023,523
Uniform,relative,6,0.8133333333333334,Worst,I1_1023,523
Uniform,relative,6,0.86,Average,I1_1023,523
Uniform,relative,7,0.8866666666666667,Worst,I1_1023,523
Uniform,relative,7,0.8666666666666667,Average,I1_1023,523
Uniform,relative,8,0.84,Worst,I1_1023,523
Uniform,relative,8,0.84,Average,I1_1023,523
Uniform,relative,9,0.9266666666666666,Worst,I1_1023,523
Uniform,relative,9,0.9066666666666666,Average,I1_1023,523
Uniform,relative,10,0.9,Worst,I1_1023,523
Uniform,relative,10,0.8866666666666667,Average,I1_1023,523
Uniform,relative,11,0.9266666666666666,Worst,I1_1023,523
Uniform,relative,11,0.9466666666666667,Average,I1_1023,523
Uniform,relative,12,0.92,Worst,I1_1023,523
Uniform,relative,12,0.9333333333333333,Average,I1_1023,523
Uniform,relative,13,0.9066666666666666,Worst,I1_1023,523
Uniform,relative,13,0.9333333333333333,Average,I1_1023,523
Uniform,relative,14,0.9333333333333333,Worst,I1_1023,523
Uniform,relative,14,0.92,Average,I1_1023,523
Uniform,relative,15,0.96,Worst,I1_1023,523
Uniform,relative,15,0.9666666666666667,Average,I1_1023,523
Uniform,relative,16,0.9533333333333334,Worst,I1_1023,523
Uniform,relative,16,0.9333333333333333,Average,I1_1023,523
Uniform,relative,17,0.96,Worst,I1_1023,523
Uniform,relative,17,0.9533333333333334,Average,I1_1023,523
Uniform,relative,18,0.98,Worst,I1_1023,523
Uniform,relative,18,0.96,Average,I1_1023,523
Uniform,relative,19,0.94,Worst,I1_1023,523
Uniform,relative,19,0.9733333333333334,Average,I1_1023,523
Uniform,relative,20,0.9733333333333334,Worst,I1_1023,523
Uniform,relative,20,0.9466666666666667,Average,I1_1023,523
Uniform,relative,21,0.9466666666666667,Worst,I1_1023,523
Uniform,relative,21,0.98,Average,I1_1023,523
Uniform,relative,22,0.9733333333333334,Worst,I1_1023,523
Uniform,relative,22,0.96,Average,I1_1023,523
Uniform,relative,23,0.9533333333333334,Worst,I1_1023,523
Uniform,relative,23,0.96,Average,I1_1023,523
Uniform,relative,24,0.9266666666666666,Worst,I1_1023,523
Uniform,relative,24,1.0,Average,I1_1023,523
Uniform,relative,25,0.96,Worst,I1_1023,523
Uniform,relative,25,0.96,Average,I1_1023,523
Uniform,relative,26,0.9933333333333333,Worst,I1_1023,523
Uniform,relative,26,0.98,Average,I1_1023,523
Uniform,relative,27,0.9666666666666667,Worst,I1_1023,523
Uniform,relative,27,0.9533333333333334,Average,I1_1023,523
Uniform,relative,28,0.9466666666666667,Worst,I1_1023,523
Uniform,relative,28,0.9466666666666667,Average,I1_1023,523
Uniform,relative,29,0.98,Worst,I1_1023,523
Uniform,relative,29,0.9866666666666667,Average,I1_1023,523
Uniform,relative,30,0.9666666666666667,Worst,I1_1023,523
Uniform,relative,30,0.9666666666666667,Average,I1_1023,523
Uniform,relative,1,0.3933333333333333,Worst,I1_1470,523
Uniform,relative,1,0.3,Average,I1_1470,523
Uniform,relative,2,0.62,Worst,I1_1470,523
Uniform,relative,2,0.5933333333333334,Average,I1_1470,523
Uniform,relative,3,0.7866666666666666,Worst,I1_1470,523
Uniform,relative,3,0.7666666666666667,Average,I1_1470,523
Uniform,relative,4,0.76,Worst,I1_1470,523
Uniform,relative,4,0.82,Average,I1_1470,523
Uniform,relative,5,0.86,Worst,I1_1470,523
Uniform,relative,5,0.86,Average,I1_1470,523
Uniform,relative,6,0.8533333333333334,Worst,I1_1470,523
Uniform,relative,6,0.8333333333333334,Average,I1_1470,523
Uniform,relative,7,0.8733333333333333,Worst,I1_1470,523
Uniform,relative,7,0.8733333333333333,Average,I1_1470,523
Uniform,relative,8,0.9133333333333333,Worst,I1_1470,523
Uniform,relative,8,0.8933333333333333,Average,I1_1470,523
Uniform,relative,9,0.9333333333333333,Worst,I1_1470,523
Uniform,relative,9,0.8866666666666667,Average,I1_1470,523
Uniform,relative,10,0.8733333333333333,Worst,I1_1470,523
Uniform,relative,10,0.94,Average,I1_1470,523
Uniform,relative,11,0.9066666666666666,Worst,I1_1470,523
Uniform,relative,11,0.9,Average,I1_1470,523
Uniform,relative,12,0.8866666666666667,Worst,I1_1470,523
Uniform,relative,12,0.8866666666666667,Average,I1_1470,523
Uniform,relative,13,0.94,Worst,I1_1470,523
Uniform,relative,13,0.9066666666666666,Average,I1_1470,523
Uniform,relative,14,0.9533333333333334,Worst,I1_1470,523
Uniform,relative,14,0.9133333333333333,Average,I1_1470,523
Uniform,relative,15,0.9733333333333334,Worst,I1_1470,523
Uniform,relative,15,0.9066666666666666,Average,I1_1470,523
Uniform,relative,16,0.9466666666666667,Worst,I1_1470,523
Uniform,relative,16,0.9266666666666666,Average,I1_1470,523
Uniform,relative,17,0.9666666666666667,Worst,I1_1470,523
Uniform,relative,17,0.9333333333333333,Average,I1_1470,523
Uniform,relative,18,0.9533333333333334,Worst,I1_1470,523
Uniform,relative,18,0.9533333333333334,Average,I1_1470,523
Uniform,relative,19,0.94,Worst,I1_1470,523
Uniform,relative,19,0.9666666666666667,Average,I1_1470,523
Uniform,relative,20,0.9333333333333333,Worst,I1_1470,523
Uniform,relative,20,0.9666666666666667,Average,I1_1470,523
Uniform,relative,21,0.92,Worst,I1_1470,523
Uniform,relative,21,0.96,Average,I1_1470,523
Uniform,relative,22,0.96,Worst,I1_1470,523
Uniform,relative,22,0.96,Average,I1_1470,523
Uniform,relative,23,0.9733333333333334,Worst,I1_1470,523
Uniform,relative,23,0.96,Average,I1_1470,523
Uniform,relative,24,0.98,Worst,I1_1470,523
Uniform,relative,24,0.94,Average,I1_1470,523
Uniform,relative,25,0.94,Worst,I1_1470,523
Uniform,relative,25,0.9666666666666667,Average,I1_1470,523
Uniform,relative,26,0.9533333333333334,Worst,I1_1470,523
Uniform,relative,26,0.96,Average,I1_1470,523
Uniform,relative,27,0.9733333333333334,Worst,I1_1470,523
Uniform,relative,27,0.9666666666666667,Average,I1_1470,523
Uniform,relative,28,0.9866666666666667,Worst,I1_1470,523
Uniform,relative,28,0.96,Average,I1_1470,523
Uniform,relative,29,0.96,Worst,I1_1470,523
Uniform,relative,29,0.94,Average,I1_1470,523
Uniform,relative,30,0.96,Worst,I1_1470,523
Uniform,relative,30,0.96,Average,I1_1470,523
Uniform,relative,1,0.3333333333333333,Worst,I1_357,523
Uniform,relative,1,0.3333333333333333,Average,I1_357,523
Uniform,relative,2,0.5266666666666666,Worst,I1_357,523
Uniform,relative,2,0.5533333333333333,Average,I1_357,523
Uniform,relative,3,0.72,Worst,I1_357,523
Uniform,relative,3,0.7533333333333333,Average,I1_357,523
Uniform,relative,4,0.8333333333333334,Worst,I1_357,523
Uniform,relative,4,0.7266666666666667,Average,I1_357,523
Uniform,relative,5,0.8066666666666666,Worst,I1_357,523
Uniform,relative,5,0.7866666666666666,Average,I1_357,523
Uniform,relative,6,0.8533333333333334,Worst,I1_357,523
Uniform,relative,6,0.8533333333333334,Average,I1_357,523
Uniform,relative,7,0.86,Worst,I1_357,523
Uniform,relative,7,0.8866666666666667,Average,I1_357,523
Uniform,relative,8,0.8866666666666667,Worst,I1_357,523
Uniform,relative,8,0.8733333333333333,Average,I1_357,523
Uniform,relative,9,0.8933333333333333,Worst,I1_357,523
Uniform,relative,9,0.8933333333333333,Average,I1_357,523
Uniform,relative,10,0.94,Worst,I1_357,523
Uniform,relative,10,0.9266666666666666,Average,I1_357,523
Uniform,relative,11,0.9333333333333333,Worst,I1_357,523
Uniform,relative,11,0.8933333333333333,Average,I1_357,523
Uniform,relative,12,0.9266666666666666,Worst,I1_357,523
Uniform,relative,12,0.8733333333333333,Average,I1_357,523
Uniform,relative,13,0.9133333333333333,Worst,I1_357,523
Uniform,relative,13,0.96,Average,I1_357,523
Uniform,relative,14,0.9466666666666667,Worst,I1_357,523
Uniform,relative,14,0.8933333333333333,Average,I1_357,523
Uniform,relative,15,0.9466666666666667,Worst,I1_357,523
Uniform,relative,15,0.9466666666666667,Average,I1_357,523
Uniform,relative,16,0.9266666666666666,Worst,I1_357,523
Uniform,relative,16,0.9733333333333334,Average,I1_357,523
Uniform,relative,17,0.9066666666666666,Worst,I1_357,523
Uniform,relative,17,0.9733333333333334,Average,I1_357,523
Uniform,relative,18,0.96,Worst,I1_357,523
Uniform,relative,18,0.98,Average,I1_357,523
Uniform,relative,19,0.9666666666666667,Worst,I1_357,523
Uniform,relative,19,0.9533333333333334,Average,I1_357,523
Uniform,relative,20,0.9466666666666667,Worst,I1_357,523
Uniform,relative,20,0.9266666666666666,Average,I1_357,523
Uniform,relative,21,0.9466666666666667,Worst,I1_357,523
Uniform,relative,21,0.96,Average,I1_357,523
Uniform,relative,22,0.9466666666666667,Worst,I1_357,523
Uniform,relative,22,0.9666666666666667,Average,I1_357,523
Uniform,relative,23,0.9666666666666667,Worst,I1_357,523
Uniform,relative,23,0.9866666666666667,Average,I1_357,523
Uniform,relative,24,0.9533333333333334,Worst,I1_357,523
Uniform,relative,24,0.9133333333333333,Average,I1_357,523
Uniform,relative,25,0.98,Worst,I1_357,523
Uniform,relative,25,0.9733333333333334,Average,I1_357,523
Uniform,relative,26,0.96,Worst,I1_357,523
Uniform,relative,26,0.9466666666666667,Average,I1_357,523
Uniform,relative,27,0.9466666666666667,Worst,I1_357,523
Uniform,relative,27,0.9666666666666667,Average,I1_357,523
Uniform,relative,28,0.9666666666666667,Worst,I1_357,523
Uniform,relative,28,0.9466666666666667,Average,I1_357,523
Uniform,relative,29,0.96,Worst,I1_357,523
Uniform,relative,29,0.9466666666666667,Average,I1_357,523
Uniform,relative,30,0.98,Worst,I1_357,523
Uniform,relative,30,0.9666666666666667,Average,I1_357,523
Uniform,relative,1,0.30666666666666664,Worst,I4_1395,507
Uniform,relative,1,0.38666666666666666,Average,I4_1395,507
Uniform,relative,2,0.5533333333333333,Worst,I4_1395,507
Uniform,relative,2,0.6266666666666667,Average,I4_1395,507
Uniform,relative,3,0.6533333333333333,Worst,I4_1395,507
Uniform,relative,3,0.74,Average,I4_1395,507
Uniform,relative,4,0.76,Worst,I4_1395,507
Uniform,relative,4,0.7733333333333333,Average,I4_1395,507
Uniform,relative,5,0.8466666666666667,Worst,I4_1395,507
Uniform,relative,5,0.7866666666666666,Average,I4_1395,507
Uniform,relative,6,0.7666666666666667,Worst,I4_1395,507
Uniform,relative,6,0.8933333333333333,Average,I4_1395,507
Uniform,relative,7,0.8666666666666667,Worst,I4_1395,507
Uniform,relative,7,0.8333333333333334,Average,I4_1395,507
Uniform,relative,8,0.8666666666666667,Worst,I4_1395,507
Uniform,relative,8,0.82,Average,I4_1395,507
Uniform,relative,9,0.88,Worst,I4_1395,507
Uniform,relative,9,0.8733333333333333,Average,I4_1395,507
Uniform,relative,10,0.8866666666666667,Worst,I4_1395,507
Uniform,relative,10,0.86,Average,I4_1395,507
Uniform,relative,11,0.9133333333333333,Worst,I4_1395,507
Uniform,relative,11,0.9333333333333333,Average,I4_1395,507
Uniform,relative,12,0.9466666666666667,Worst,I4_1395,507
Uniform,relative,12,0.9133333333333333,Average,I4_1395,507
Uniform,relative,13,0.9,Worst,I4_1395,507
Uniform,relative,13,0.96,Average,I4_1395,507
Uniform,relative,14,0.9266666666666666,Worst,I4_1395,507
Uniform,relative,14,0.8933333333333333,Average,I4_1395,507
Uniform,relative,15,0.94,Worst,I4_1395,507
Uniform,relative,15,0.92,Average,I4_1395,507
Uniform,relative,16,0.9466666666666667,Worst,I4_1395,507
Uniform,relative,16,0.8933333333333333,Average,I4_1395,507
Uniform,relative,17,0.9466666666666667,Worst,I4_1395,507
Uniform,relative,17,0.9466666666666667,Average,I4_1395,507
Uniform,relative,18,0.9466666666666667,Worst,I4_1395,507
Uniform,relative,18,0.9266666666666666,Average,I4_1395,507
Uniform,relative,19,0.9666666666666667,Worst,I4_1395,507
Uniform,relative,19,0.96,Average,I4_1395,507
Uniform,relative,20,0.9733333333333334,Worst,I4_1395,507
Uniform,relative,20,0.9666666666666667,Average,I4_1395,507
Uniform,relative,21,0.9733333333333334,Worst,I4_1395,507
Uniform,relative,21,0.9533333333333334,Average,I4_1395,507
Uniform,relative,22,0.96,Worst,I4_1395,507
Uniform,relative,22,0.94,Average,I4_1395,507
Uniform,relative,23,0.96,Worst,I4_1395,507
Uniform,relative,23,0.9533333333333334,Average,I4_1395,507
Uniform,relative,24,0.9666666666666667,Worst,I4_1395,507
Uniform,relative,24,0.9466666666666667,Average,I4_1395,507
Uniform,relative,25,0.96,Worst,I4_1395,507
Uniform,relative,25,0.9866666666666667,Average,I4_1395,507
Uniform,relative,26,0.9733333333333334,Worst,I4_1395,507
Uniform,relative,26,0.9466666666666667,Average,I4_1395,507
Uniform,relative,27,0.9466666666666667,Worst,I4_1395,507
Uniform,relative,27,0.96,Average,I4_1395,507
Uniform,relative,28,0.9666666666666667,Worst,I4_1395,507
Uniform,relative,28,0.96,Average,I4_1395,507
Uniform,relative,29,0.94,Worst,I4_1395,507
Uniform,relative,29,0.9533333333333334,Average,I4_1395,507
Uniform,relative,30,0.94,Worst,I4_1395,507
Uniform,relative,30,0.9733333333333334,Average,I4_1395,507
Uniform,relative,1,0.3933333333333333,Worst,I1_672,523
Uniform,relative,1,0.31333333333333335,Average,I1_672,523
Uniform,relative,2,0.6,Worst,I1_672,523
Uniform,relative,2,0.6266666666666667,Average,I1_672,523
Uniform,relative,3,0.74,Worst,I1_672,523
Uniform,relative,3,0.6933333333333334,Average,I1_672,523
Uniform,relative,4,0.82,Worst,I1_672,523
Uniform,relative,4,0.74,Average,I1_672,523
Uniform,relative,5,0.8466666666666667,Worst,I1_672,523
Uniform,relative,5,0.86,Average,I1_672,523
Uniform,relative,6,0.8266666666666667,Worst,I1_672,523
Uniform,relative,6,0.8466666666666667,Average,I1_672,523
Uniform,relative,7,0.88,Worst,I1_672,523
Uniform,relative,7,0.8933333333333333,Average,I1_672,523
Uniform,relative,8,0.92,Worst,I1_672,523
Uniform,relative,8,0.8266666666666667,Average,I1_672,523
Uniform,relative,9,0.8533333333333334,Worst,I1_672,523
Uniform,relative,9,0.8466666666666667,Average,I1_672,523
Uniform,relative,10,0.8866666666666667,Worst,I1_672,523
Uniform,relative,10,0.9,Average,I1_672,523
Uniform,relative,11,0.9066666666666666,Worst,I1_672,523
Uniform,relative,11,0.8533333333333334,Average,I1_672,523
Uniform,relative,12,0.9266666666666666,Worst,I1_672,523
Uniform,relative,12,0.92,Average,I1_672,523
Uniform,relative,13,0.9333333333333333,Worst,I1_672,523
Uniform,relative,13,0.9533333333333334,Average,I1_672,523
Uniform,relative,14,0.92,Worst,I1_672,523
Uniform,relative,14,0.9,Average,I1_672,523
Uniform,relative,15,0.9666666666666667,Worst,I1_672,523
Uniform,relative,15,0.9,Average,I1_672,523
Uniform,relative,16,0.9533333333333334,Worst,I1_672,523
Uniform,relative,16,0.9333333333333333,Average,I1_672,523
Uniform,relative,17,0.9666666666666667,Worst,I1_672,523
Uniform,relative,17,0.9133333333333333,Average,I1_672,523
Uniform,relative,18,0.92,Worst,I1_672,523
Uniform,relative,18,0.9733333333333334,Average,I1_672,523
Uniform,relative,19,0.96,Worst,I1_672,523
Uniform,relative,19,0.92,Average,I1_672,523
Uniform,relative,20,0.9466666666666667,Worst,I1_672,523
Uniform,relative,20,0.94,Average,I1_672,523
Uniform,relative,21,0.9333333333333333,Worst,I1_672,523
Uniform,relative,21,0.9533333333333334,Average,I1_672,523
Uniform,relative,22,0.9266666666666666,Worst,I1_672,523
Uniform,relative,22,0.96,Average,I1_672,523
Uniform,relative,23,0.96,Worst,I1_672,523
Uniform,relative,23,0.9666666666666667,Average,I1_672,523
Uniform,relative,24,0.98,Worst,I1_672,523
Uniform,relative,24,0.98,Average,I1_672,523
Uniform,relative,25,0.9466666666666667,Worst,I1_672,523
Uniform,relative,25,0.9466666666666667,Average,I1_672,523
Uniform,relative,26,0.9666666666666667,Worst,I1_672,523
Uniform,relative,26,0.9666666666666667,Average,I1_672,523
Uniform,relative,27,0.9733333333333334,Worst,I1_672,523
Uniform,relative,27,0.9466666666666667,Average,I1_672,523
Uniform,relative,28,0.98,Worst,I1_672,523
Uniform,relative,28,0.96,Average,I1_672,523
Uniform,relative,29,0.9666666666666667,Worst,I1_672,523
Uniform,relative,29,0.9866666666666667,Average,I1_672,523
Uniform,relative,30,0.9666666666666667,Worst,I1_672,523
Uniform,relative,30,0.96,Average,I1_672,523
Uniform,relative,1,0.41333333333333333,Worst,I1_753,523
Uniform,relative,1,0.32666666666666666,Average,I1_753,523
Uniform,relative,2,0.5333333333333333,Worst,I1_753,523
Uniform,relative,2,0.6066666666666667,Average,I1_753,523
Uniform,relative,3,0.68,Worst,I1_753,523
Uniform,relative,3,0.7866666666666666,Average,I1_753,523
Uniform,relative,4,0.76,Worst,I1_753,523
Uniform,relative,4,0.8,Average,I1_753,523
Uniform,relative,5,0.8066666666666666,Worst,I1_753,523
Uniform,relative,5,0.7733333333333333,Average,I1_753,523
Uniform,relative,6,0.8466666666666667,Worst,I1_753,523
Uniform,relative,6,0.8266666666666667,Average,I1_753,523
Uniform,relative,7,0.8933333333333333,Worst,I1_753,523
Uniform,relative,7,0.8733333333333333,Average,I1_753,523
Uniform,relative,8,0.92,Worst,I1_753,523
Uniform,relative,8,0.8533333333333334,Average,I1_753,523
Uniform,relative,9,0.9133333333333333,Worst,I1_753,523
Uniform,relative,9,0.9133333333333333,Average,I1_753,523
Uniform,relative,10,0.9266666666666666,Worst,I1_753,523
Uniform,relative,10,0.86,Average,I1_753,523
Uniform,relative,11,0.9,Worst,I1_753,523
Uniform,relative,11,0.9066666666666666,Average,I1_753,523
Uniform,relative,12,0.9066666666666666,Worst,I1_753,523
Uniform,relative,12,0.9,Average,I1_753,523
Uniform,relative,13,0.92,Worst,I1_753,523
Uniform,relative,13,0.94,Average,I1_753,523
Uniform,relative,14,0.9466666666666667,Worst,I1_753,523
Uniform,relative,14,0.96,Average,I1_753,523
Uniform,relative,15,0.9866666666666667,Worst,I1_753,523
Uniform,relative,15,0.9333333333333333,Average,I1_753,523
Uniform,relative,16,0.9266666666666666,Worst,I1_753,523
Uniform,relative,16,0.9533333333333334,Average,I1_753,523
Uniform,relative,17,0.9466666666666667,Worst,I1_753,523
Uniform,relative,17,0.9333333333333333,Average,I1_753,523
Uniform,relative,18,0.9466666666666667,Worst,I1_753,523
Uniform,relative,18,0.9266666666666666,Average,I1_753,523
Uniform,relative,19,0.9466666666666667,Worst,I1_753,523
Uniform,relative,19,0.9466666666666667,Average,I1_753,523
Uniform,relative,20,0.96,Worst,I1_753,523
Uniform,relative,20,0.96,Average,I1_753,523
Uniform,relative,21,0.9666666666666667,Worst,I1_753,523
Uniform,relative,21,0.96,Average,I1_753,523
Uniform,relative,22,0.96,Worst,I1_753,523
Uniform,relative,22,0.98,Average,I1_753,523
Uniform,relative,23,0.96,Worst,I1_753,523
Uniform,relative,23,0.9533333333333334,Average,I1_753,523
Uniform,relative,24,0.9533333333333334,Worst,I1_753,523
Uniform,relative,24,0.9733333333333334,Average,I1_753,523
Uniform,relative,25,0.9466666666666667,Worst,I1_753,523
Uniform,relative,25,0.98,Average,I1_753,523
Uniform,relative,26,0.96,Worst,I1_753,523
Uniform,relative,26,0.98,Average,I1_753,523
Uniform,relative,27,0.96,Worst,I1_753,523
Uniform,relative,27,0.9266666666666666,Average,I1_753,523
Uniform,relative,28,0.98,Worst,I1_753,523
Uniform,relative,28,0.96,Average,I1_753,523
Uniform,relative,29,0.9866666666666667,Worst,I1_753,523
Uniform,relative,29,0.9933333333333333,Average,I1_753,523
Uniform,relative,30,0.96,Worst,I1_753,523
Uniform,relative,30,0.96,Average,I1_753,523
Uniform,relative,1,0.44,Worst,I5_1323,510
Uniform,relative,1,0.43333333333333335,Average,I5_1323,510
Uniform,relative,2,0.5733333333333334,Worst,I5_1323,510
Uniform,relative,2,0.64,Average,I5_1323,510
Uniform,relative,3,0.7666666666666667,Worst,I5_1323,510
Uniform,relative,3,0.6933333333333334,Average,I5_1323,510
Uniform,relative,4,0.78,Worst,I5_1323,510
Uniform,relative,4,0.8066666666666666,Average,I5_1323,510
Uniform,relative,5,0.8333333333333334,Worst,I5_1323,510
Uniform,relative,5,0.8266666666666667,Average,I5_1323,510
Uniform,relative,6,0.8733333333333333,Worst,I5_1323,510
Uniform,relative,6,0.8466666666666667,Average,I5_1323,510
Uniform,relative,7,0.8466666666666667,Worst,I5_1323,510
Uniform,relative,7,0.8866666666666667,Average,I5_1323,510
Uniform,relative,8,0.9066666666666666,Worst,I5_1323,510
Uniform,relative,8,0.8866666666666667,Average,I5_1323,510
Uniform,relative,9,0.8866666666666667,Worst,I5_1323,510
Uniform,relative,9,0.9066666666666666,Average,I5_1323,510
Uniform,relative,10,0.9666666666666667,Worst,I5_1323,510
Uniform,relative,10,0.88,Average,I5_1323,510
Uniform,relative,11,0.88,Worst,I5_1323,510
Uniform,relative,11,0.94,Average,I5_1323,510
Uniform,relative,12,0.9133333333333333,Worst,I5_1323,510
Uniform,relative,12,0.9266666666666666,Average,I5_1323,510
Uniform,relative,13,0.9133333333333333,Worst,I5_1323,510
Uniform,relative,13,0.9133333333333333,Average,I5_1323,510
Uniform,relative,14,0.92,Worst,I5_1323,510
Uniform,relative,14,0.94,Average,I5_1323,510
Uniform,relative,15,0.9466666666666667,Worst,I5_1323,510
Uniform,relative,15,0.9133333333333333,Average,I5_1323,510
Uniform,relative,16,0.9466666666666667,Worst,I5_1323,510
Uniform,relative,16,0.9333333333333333,Average,I5_1323,510
Uniform,relative,17,0.9533333333333334,Worst,I5_1323,510
Uniform,relative,17,0.94,Average,I5_1323,510
Uniform,relative,18,0.9066666666666666,Worst,I5_1323,510
Uniform,relative,18,0.9533333333333334,Average,I5_1323,510
Uniform,relative,19,0.96,Worst,I5_1323,510
Uniform,relative,19,0.9466666666666667,Average,I5_1323,510
Uniform,relative,20,0.9266666666666666,Worst,I5_1323,510
Uniform,relative,20,0.9733333333333334,Average,I5_1323,510
Uniform,relative,21,0.9466666666666667,Worst,I5_1323,510
Uniform,relative,21,0.96,Average,I5_1323,510
Uniform,relative,22,0.9666666666666667,Worst,I5_1323,510
Uniform,relative,22,0.9466666666666667,Average,I5_1323,510
Uniform,relative,23,0.98,Worst,I5_1323,510
Uniform,relative,23,0.9466666666666667,Average,I5_1323,510
Uniform,relative,24,0.98,Worst,I5_1323,510
Uniform,relative,24,0.96,Average,I5_1323,510
Uniform,relative,25,0.9533333333333334,Worst,I5_1323,510
Uniform,relative,25,0.9666666666666667,Average,I5_1323,510
Uniform,relative,26,0.9733333333333334,Worst,I5_1323,510
Uniform,relative,26,0.9466666666666667,Average,I5_1323,510
Uniform,relative,27,0.96,Worst,I5_1323,510
Uniform,relative,27,0.9466666666666667,Average,I5_1323,510
Uniform,relative,28,0.9266666666666666,Worst,I5_1323,510
Uniform,relative,28,0.9666666666666667,Average,I5_1323,510
Uniform,relative,29,0.9733333333333334,Worst,I5_1323,510
Uniform,relative,29,0.9866666666666667,Average,I5_1323,510
Uniform,relative,30,0.9666666666666667,Worst,I5_1323,510
Uniform,relative,30,0.96,Average,I5_1323,510
Uniform,relative,1,0.38666666666666666,Worst,I5_24,510
Uniform,relative,1,0.36666666666666664,Average,I5_24,510
Uniform,relative,2,0.5666666666666667,Worst,I5_24,510
Uniform,relative,2,0.64,Average,I5_24,510
Uniform,relative,3,0.7333333333333333,Worst,I5_24,510
Uniform,relative,3,0.6733333333333333,Average,I5_24,510
Uniform,relative,4,0.76,Worst,I5_24,510
Uniform,relative,4,0.8,Average,I5_24,510
Uniform,relative,5,0.8533333333333334,Worst,I5_24,510
Uniform,relative,5,0.8066666666666666,Average,I5_24,510
Uniform,relative,6,0.8466666666666667,Worst,I5_24,510
Uniform,relative,6,0.7466666666666667,Average,I5_24,510
Uniform,relative,7,0.88,Worst,I5_24,510
Uniform,relative,7,0.8533333333333334,Average,I5_24,510
Uniform,relative,8,0.8933333333333333,Worst,I5_24,510
Uniform,relative,8,0.9066666666666666,Average,I5_24,510
Uniform,relative,9,0.9533333333333334,Worst,I5_24,510
Uniform,relative,9,0.8933333333333333,Average,I5_24,510
Uniform,relative,10,0.88,Worst,I5_24,510
Uniform,relative,10,0.92,Average,I5_24,510
Uniform,relative,11,0.94,Worst,I5_24,510
Uniform,relative,11,0.9133333333333333,Average,I5_24,510
Uniform,relative,12,0.9266666666666666,Worst,I5_24,510
Uniform,relative,12,0.92,Average,I5_24,510
Uniform,relative,13,0.9333333333333333,Worst,I5_24,510
Uniform,relative,13,0.9,Average,I5_24,510
Uniform,relative,14,0.94,Worst,I5_24,510
Uniform,relative,14,0.98,Average,I5_24,510
Uniform,relative,15,0.9466666666666667,Worst,I5_24,510
Uniform,relative,15,0.8933333333333333,Average,I5_24,510
Uniform,relative,16,0.94,Worst,I5_24,510
Uniform,relative,16,0.9533333333333334,Average,I5_24,510
Uniform,relative,17,0.9533333333333334,Worst,I5_24,510
Uniform,relative,17,0.9466666666666667,Average,I5_24,510
Uniform,relative,18,0.9333333333333333,Worst,I5_24,510
Uniform,relative,18,0.9533333333333334,Average,I5_24,510
Uniform,relative,19,0.96,Worst,I5_24,510
Uniform,relative,19,0.9666666666666667,Average,I5_24,510
Uniform,relative,20,0.9733333333333334,Worst,I5_24,510
Uniform,relative,20,0.96,Average,I5_24,510
Uniform,relative,21,0.96,Worst,I5_24,510
Uniform,relative,21,0.9733333333333334,Average,I5_24,510
Uniform,relative,22,0.96,Worst,I5_24,510
Uniform,relative,22,0.9266666666666666,Average,I5_24,510
Uniform,relative,23,0.98,Worst,I5_24,510
Uniform,relative,23,0.9733333333333334,Average,I5_24,510
Uniform,relative,24,0.9466666666666667,Worst,I5_24,510
Uniform,relative,24,0.9466666666666667,Average,I5_24,510
Uniform,relative,25,0.9666666666666667,Worst,I5_24,510
Uniform,relative,25,0.9466666666666667,Average,I5_24,510
Uniform,relative,26,0.94,Worst,I5_24,510
Uniform,relative,26,0.9333333333333333,Average,I5_24,510
Uniform,relative,27,0.9333333333333333,Worst,I5_24,510
Uniform,relative,27,0.9666666666666667,Average,I5_24,510
Uniform,relative,28,0.9466666666666667,Worst,I5_24,510
Uniform,relative,28,0.9333333333333333,Average,I5_24,510
Uniform,relative,29,0.9733333333333334,Worst,I5_24,510
Uniform,relative,29,0.9533333333333334,Average,I5_24,510
Uniform,relative,30,0.9866666666666667,Worst,I5_24,510
Uniform,relative,30,0.9533333333333334,Average,I5_24,510
Uniform,relative,1,0.3933333333333333,Worst,I2_225,526
Uniform,relative,1,0.37333333333333335,Average,I2_225,526
Uniform,relative,2,0.68,Worst,I2_225,526
Uniform,relative,2,0.5666666666666667,Average,I2_225,526
Uniform,relative,3,0.7066666666666667,Worst,I2_225,526
Uniform,relative,3,0.6733333333333333,Average,I2_225,526
Uniform,relative,4,0.8133333333333334,Worst,I2_225,526
Uniform,relative,4,0.8,Average,I2_225,526
Uniform,relative,5,0.8866666666666667,Worst,I2_225,526
Uniform,relative,5,0.84,Average,I2_225,526
Uniform,relative,6,0.84,Worst,I2_225,526
Uniform,relative,6,0.84,Average,I2_225,526
Uniform,relative,7,0.86,Worst,I2_225,526
Uniform,relative,7,0.88,Average,I2_225,526
Uniform,relative,8,0.8933333333333333,Worst,I2_225,526
Uniform,relative,8,0.9,Average,I2_225,526
Uniform,relative,9,0.9666666666666667,Worst,I2_225,526
Uniform,relative,9,0.9333333333333333,Average,I2_225,526
Uniform,relative,10,0.9466666666666667,Worst,I2_225,526
Uniform,relative,10,0.88,Average,I2_225,526
Uniform,relative,11,0.9266666666666666,Worst,I2_225,526
Uniform,relative,11,0.9266666666666666,Average,I2_225,526
Uniform,relative,12,0.96,Worst,I2_225,526
Uniform,relative,12,0.9133333333333333,Average,I2_225,526
Uniform,relative,13,0.9266666666666666,Worst,I2_225,526
Uniform,relative,13,0.8933333333333333,Average,I2_225,526
Uniform,relative,14,0.9266666666666666,Worst,I2_225,526
Uniform,relative,14,0.9266666666666666,Average,I2_225,526
Uniform,relative,15,0.9333333333333333,Worst,I2_225,526
Uniform,relative,15,0.9266666666666666,Average,I2_225,526
Uniform,relative,16,0.92,Worst,I2_225,526
Uniform,relative,16,0.96,Average,I2_225,526
Uniform,relative,17,0.9266666666666666,Worst,I2_225,526
Uniform,relative,17,0.9666666666666667,Average,I2_225,526
Uniform,relative,18,0.9466666666666667,Worst,I2_225,526
Uniform,relative,18,0.9666666666666667,Average,I2_225,526
Uniform,relative,19,0.9666666666666667,Worst,I2_225,526
Uniform,relative,19,0.9533333333333334,Average,I2_225,526
Uniform,relative,20,0.9666666666666667,Worst,I2_225,526
Uniform,relative,20,0.9733333333333334,Average,I2_225,526
Uniform,relative,21,0.9466666666666667,Worst,I2_225,526
Uniform,relative,21,0.9666666666666667,Average,I2_225,526
Uniform,relative,22,0.9466666666666667,Worst,I2_225,526
Uniform,relative,22,0.98,Average,I2_225,526
Uniform,relative,23,0.9866666666666667,Worst,I2_225,526
Uniform,relative,23,0.9733333333333334,Average,I2_225,526
Uniform,relative,24,0.96,Worst,I2_225,526
Uniform,relative,24,0.94,Average,I2_225,526
Uniform,relative,25,0.9533333333333334,Worst,I2_225,526
Uniform,relative,25,0.98,Average,I2_225,526
Uniform,relative,26,0.9466666666666667,Worst,I2_225,526
Uniform,relative,26,0.9666666666666667,Average,I2_225,526
Uniform,relative,27,0.9533333333333334,Worst,I2_225,526
Uniform,relative,27,0.96,Average,I2_225,526
Uniform,relative,28,0.9666666666666667,Worst,I2_225,526
Uniform,relative,28,0.9733333333333334,Average,I2_225,526
Uniform,relative,29,0.9733333333333334,Worst,I2_225,526
Uniform,relative,29,0.9466666666666667,Average,I2_225,526
Uniform,relative,30,0.9733333333333334,Worst,I2_225,526
Uniform,relative,30,0.98,Average,I2_225,526
Uniform,relative,1,0.34,Worst,I3_1308,516
Uniform,relative,1,0.29333333333333333,Average,I3_1308,516
Uniform,relative,2,0.5866666666666667,Worst,I3_1308,516
Uniform,relative,2,0.5933333333333334,Average,I3_1308,516
Uniform,relative,3,0.7066666666666667,Worst,I3_1308,516
Uniform,relative,3,0.7066666666666667,Average,I3_1308,516
Uniform,relative,4,0.8266666666666667,Worst,I3_1308,516
Uniform,relative,4,0.7866666666666666,Average,I3_1308,516
Uniform,relative,5,0.78,Worst,I3_1308,516
Uniform,relative,5,0.7733333333333333,Average,I3_1308,516
Uniform,relative,6,0.8466666666666667,Worst,I3_1308,516
Uniform,relative,6,0.8466666666666667,Average,I3_1308,516
Uniform,relative,7,0.8933333333333333,Worst,I3_1308,516
Uniform,relative,7,0.9133333333333333,Average,I3_1308,516
Uniform,relative,8,0.8866666666666667,Worst,I3_1308,516
Uniform,relative,8,0.8533333333333334,Average,I3_1308,516
Uniform,relative,9,0.9266666666666666,Worst,I3_1308,516
Uniform,relative,9,0.9333333333333333,Average,I3_1308,516
Uniform,relative,10,0.92,Worst,I3_1308,516
Uniform,relative,10,0.9266666666666666,Average,I3_1308,516
Uniform,relative,11,0.92,Worst,I3_1308,516
Uniform,relative,11,0.9,Average,I3_1308,516
Uniform,relative,12,0.9266666666666666,Worst,I3_1308,516
Uniform,relative,12,0.9,Average,I3_1308,516
Uniform,relative,13,0.9133333333333333,Worst,I3_1308,516
Uniform,relative,13,0.8866666666666667,Average,I3_1308,516
Uniform,relative,14,0.9133333333333333,Worst,I3_1308,516
Uniform,relative,14,0.9333333333333333,Average,I3_1308,516
Uniform,relative,15,0.9666666666666667,Worst,I3_1308,516
Uniform,relative,15,0.9266666666666666,Average,I3_1308,516
Uniform,relative,16,0.9533333333333334,Worst,I3_1308,516
Uniform,relative,16,0.94,Average,I3_1308,516
Uniform,relative,17,0.9266666666666666,Worst,I3_1308,516
Uniform,relative,17,0.9866666666666667,Average,I3_1308,516
Uniform,relative,18,0.96,Worst,I3_1308,516
Uniform,relative,18,0.96,Average,I3_1308,516
Uniform,relative,19,0.9733333333333334,Worst,I3_1308,516
Uniform,relative,19,0.9466666666666667,Average,I3_1308,516
Uniform,relative,20,0.9533333333333334,Worst,I3_1308,516
Uniform,relative,20,0.9733333333333334,Average,I3_1308,516
Uniform,relative,21,0.98,Worst,I3_1308,516
Uniform,relative,21,0.96,Average,I3_1308,516
Uniform,relative,22,0.96,Worst,I3_1308,516
Uniform,relative,22,0.9333333333333333,Average,I3_1308,516
Uniform,relative,23,0.9333333333333333,Worst,I3_1308,516
Uniform,relative,23,0.92,Average,I3_1308,516
Uniform,relative,24,0.96,Worst,I3_1308,516
Uniform,relative,24,0.9666666666666667,Average,I3_1308,516
Uniform,relative,25,0.94,Worst,I3_1308,516
Uniform,relative,25,0.9533333333333334,Average,I3_1308,516
Uniform,relative,26,0.9533333333333334,Worst,I3_1308,516
Uniform,relative,26,0.96,Average,I3_1308,516
Uniform,relative,27,0.96,Worst,I3_1308,516
Uniform,relative,27,0.9533333333333334,Average,I3_1308,516
Uniform,relative,28,0.9533333333333334,Worst,I3_1308,516
Uniform,relative,28,0.9533333333333334,Average,I3_1308,516
Uniform,relative,29,0.9666666666666667,Worst,I3_1308,516
Uniform,relative,29,0.96,Average,I3_1308,516
Uniform,relative,30,0.9333333333333333,Worst,I3_1308,516
Uniform,relative,30,0.9466666666666667,Average,I3_1308,516
Uniform,relative,1,0.4066666666666667,Worst,I2_1311,526
Uniform,relative,1,0.38,Average,I2_1311,526
Uniform,relative,2,0.6066666666666667,Worst,I2_1311,526
Uniform,relative,2,0.6266666666666667,Average,I2_1311,526
Uniform,relative,3,0.7266666666666667,Worst,I2_1311,526
Uniform,relative,3,0.7066666666666667,Average,I2_1311,526
Uniform,relative,4,0.7466666666666667,Worst,I2_1311,526
Uniform,relative,4,0.7933333333333333,Average,I2_1311,526
Uniform,relative,5,0.8066666666666666,Worst,I2_1311,526
Uniform,relative,5,0.7933333333333333,Average,I2_1311,526
Uniform,relative,6,0.8266666666666667,Worst,I2_1311,526
Uniform,relative,6,0.8133333333333334,Average,I2_1311,526
Uniform,relative,7,0.9,Worst,I2_1311,526
Uniform,relative,7,0.8666666666666667,Average,I2_1311,526
Uniform,relative,8,0.92,Worst,I2_1311,526
Uniform,relative,8,0.9133333333333333,Average,I2_1311,526
Uniform,relative,9,0.9,Worst,I2_1311,526
Uniform,relative,9,0.88,Average,I2_1311,526
Uniform,relative,10,0.8933333333333333,Worst,I2_1311,526
Uniform,relative,10,0.9466666666666667,Average,I2_1311,526
Uniform,relative,11,0.9333333333333333,Worst,I2_1311,526
Uniform,relative,11,0.9333333333333333,Average,I2_1311,526
Uniform,relative,12,0.9266666666666666,Worst,I2_1311,526
Uniform,relative,12,0.9333333333333333,Average,I2_1311,526
Uniform,relative,13,0.9333333333333333,Worst,I2_1311,526
Uniform,relative,13,0.8866666666666667,Average,I2_1311,526
Uniform,relative,14,0.8933333333333333,Worst,I2_1311,526
Uniform,relative,14,0.9466666666666667,Average,I2_1311,526
Uniform,relative,15,0.9066666666666666,Worst,I2_1311,526
Uniform,relative,15,0.92,Average,I2_1311,526
Uniform,relative,16,0.8666666666666667,Worst,I2_1311,526
Uniform,relative,16,0.9533333333333334,Average,I2_1311,526
Uniform,relative,17,0.9533333333333334,Worst,I2_1311,526
Uniform,relative,17,0.9733333333333334,Average,I2_1311,526
Uniform,relative,18,0.98,Worst,I2_1311,526
Uniform,relative,18,0.96,Average,I2_1311,526
Uniform,relative,19,0.9533333333333334,Worst,I2_1311,526
Uniform,relative,19,0.96,Average,I2_1311,526
Uniform,relative,20,0.9466666666666667,Worst,I2_1311,526
Uniform,relative,20,0.9666666666666667,Average,I2_1311,526
Uniform,relative,21,0.96,Worst,I2_1311,526
Uniform,relative,21,0.9533333333333334,Average,I2_1311,526
Uniform,relative,22,0.96,Worst,I2_1311,526
Uniform,relative,22,0.9333333333333333,Average,I2_1311,526
Uniform,relative,23,0.96,Worst,I2_1311,526
Uniform,relative,23,0.98,Average,I2_1311,526
Uniform,relative,24,0.94,Worst,I2_1311,526
Uniform,relative,24,0.96,Average,I2_1311,526
Uniform,relative,25,0.94,Worst,I2_1311,526
Uniform,relative,25,0.9666666666666667,Average,I2_1311,526
Uniform,relative,26,0.9666666666666667,Worst,I2_1311,526
Uniform,relative,26,0.96,Average,I2_1311,526
Uniform,relative,27,0.96,Worst,I2_1311,526
Uniform,relative,27,0.9733333333333334,Average,I2_1311,526
Uniform,relative,28,0.9533333333333334,Worst,I2_1311,526
Uniform,relative,28,0.9666666666666667,Average,I2_1311,526
Uniform,relative,29,0.98,Worst,I2_1311,526
Uniform,relative,29,0.96,Average,I2_1311,526
Uniform,relative,30,0.9866666666666667,Worst,I2_1311,526
Uniform,relative,30,0.9666666666666667,Average,I2_1311,526
Uniform,relative,1,0.30666666666666664,Worst,I5_828,510
Uniform,relative,1,0.4066666666666667,Average,I5_828,510
Uniform,relative,2,0.5666666666666667,Worst,I5_828,510
Uniform,relative,2,0.6,Average,I5_828,510
Uniform,relative,3,0.7133333333333334,Worst,I5_828,510
Uniform,relative,3,0.7666666666666667,Average,I5_828,510
Uniform,relative,4,0.8,Worst,I5_828,510
Uniform,relative,4,0.8066666666666666,Average,I5_828,510
Uniform,relative,5,0.8733333333333333,Worst,I5_828,510
Uniform,relative,5,0.84,Average,I5_828,510
Uniform,relative,6,0.8266666666666667,Worst,I5_828,510
Uniform,relative,6,0.8266666666666667,Average,I5_828,510
Uniform,relative,7,0.8933333333333333,Worst,I5_828,510
Uniform,relative,7,0.8933333333333333,Average,I5_828,510
Uniform,relative,8,0.86,Worst,I5_828,510
Uniform,relative,8,0.84,Average,I5_828,510
Uniform,relative,9,0.8866666666666667,Worst,I5_828,510
Uniform,relative,9,0.8933333333333333,Average,I5_828,510
Uniform,relative,10,0.92,Worst,I5_828,510
Uniform,relative,10,0.8866666666666667,Average,I5_828,510
Uniform,relative,11,0.9133333333333333,Worst,I5_828,510
Uniform,relative,11,0.9,Average,I5_828,510
Uniform,relative,12,0.9,Worst,I5_828,510
Uniform,relative,12,0.9066666666666666,Average,I5_828,510
Uniform,relative,13,0.92,Worst,I5_828,510
Uniform,relative,13,0.96,Average,I5_828,510
Uniform,relative,14,0.9666666666666667,Worst,I5_828,510
Uniform,relative,14,0.88,Average,I5_828,510
Uniform,relative,15,0.9533333333333334,Worst,I5_828,510
Uniform,relative,15,0.9066666666666666,Average,I5_828,510
Uniform,relative,16,0.9533333333333334,Worst,I5_828,510
Uniform,relative,16,0.96,Average,I5_828,510
Uniform,relative,17,0.9533333333333334,Worst,I5_828,510
Uniform,relative,17,0.94,Average,I5_828,510
Uniform,relative,18,0.94,Worst,I5_828,510
Uniform,relative,18,0.9733333333333334,Average,I5_828,510
Uniform,relative,19,0.9266666666666666,Worst,I5_828,510
Uniform,relative,19,0.96,Average,I5_828,510
Uniform,relative,20,0.9666666666666667,Worst,I5_828,510
Uniform,relative,20,0.92,Average,I5_828,510
Uniform,relative,21,0.92,Worst,I5_828,510
Uniform,relative,21,0.94,Average,I5_828,510
Uniform,relative,22,0.96,Worst,I5_828,510
Uniform,relative,22,0.9133333333333333,Average,I5_828,510
Uniform,relative,23,0.96,Worst,I5_828,510
Uniform,relative,23,0.9666666666666667,Average,I5_828,510
Uniform,relative,24,0.9466666666666667,Worst,I5_828,510
Uniform,relative,24,0.9533333333333334,Average,I5_828,510
Uniform,relative,25,0.9533333333333334,Worst,I5_828,510
Uniform,relative,25,0.96,Average,I5_828,510
Uniform,relative,26,0.9333333333333333,Worst,I5_828,510
Uniform,relative,26,0.96,Average,I5_828,510
Uniform,relative,27,0.96,Worst,I5_828,510
Uniform,relative,27,0.9733333333333334,Average,I5_828,510
Uniform,relative,28,0.9466666666666667,Worst,I5_828,510
Uniform,relative,28,0.9733333333333334,Average,I5_828,510
Uniform,relative,29,0.98,Worst,I5_828,510
Uniform,relative,29,0.9666666666666667,Average,I5_828,510
Uniform,relative,30,0.9733333333333334,Worst,I5_828,510
Uniform,relative,30,0.9733333333333334,Average,I5_828,510
Uniform,relative,1,0.3466666666666667,Worst,I2_1023,526
Uniform,relative,1,0.3333333333333333,Average,I2_1023,526
Uniform,relative,2,0.6133333333333333,Worst,I2_1023,526
Uniform,relative,2,0.58,Average,I2_1023,526
Uniform,relative,3,0.7333333333333333,Worst,I2_1023,526
Uniform,relative,3,0.6933333333333334,Average,I2_1023,526
Uniform,relative,4,0.82,Worst,I2_1023,526
Uniform,relative,4,0.8066666666666666,Average,I2_1023,526
Uniform,relative,5,0.8066666666666666,Worst,I2_1023,526
Uniform,relative,5,0.86,Average,I2_1023,526
Uniform,relative,6,0.8533333333333334,Worst,I2_1023,526
Uniform,relative,6,0.8266666666666667,Average,I2_1023,526
Uniform,relative,7,0.86,Worst,I2_1023,526
Uniform,relative,7,0.8466666666666667,Average,I2_1023,526
Uniform,relative,8,0.88,Worst,I2_1023,526
Uniform,relative,8,0.9266666666666666,Average,I2_1023,526
Uniform,relative,9,0.9066666666666666,Worst,I2_1023,526
Uniform,relative,9,0.9066666666666666,Average,I2_1023,526
Uniform,relative,10,0.92,Worst,I2_1023,526
Uniform,relative,10,0.8933333333333333,Average,I2_1023,526
Uniform,relative,11,0.8866666666666667,Worst,I2_1023,526
Uniform,relative,11,0.9266666666666666,Average,I2_1023,526
Uniform,relative,12,0.94,Worst,I2_1023,526
Uniform,relative,12,0.9133333333333333,Average,I2_1023,526
Uniform,relative,13,0.92,Worst,I2_1023,526
Uniform,relative,13,0.9066666666666666,Average,I2_1023,526
Uniform,relative,14,0.9133333333333333,Worst,I2_1023,526
Uniform,relative,14,0.92,Average,I2_1023,526
Uniform,relative,15,0.9266666666666666,Worst,I2_1023,526
Uniform,relative,15,0.9666666666666667,Average,I2_1023,526
Uniform,relative,16,0.9266666666666666,Worst,I2_1023,526
Uniform,relative,16,0.9266666666666666,Average,I2_1023,526
Uniform,relative,17,0.98,Worst,I2_1023,526
Uniform,relative,17,0.9533333333333334,Average,I2_1023,526
Uniform,relative,18,0.9333333333333333,Worst,I2_1023,526
Uniform,relative,18,0.9733333333333334,Average,I2_1023,526
Uniform,relative,19,0.92,Worst,I2_1023,526
Uniform,relative,19,0.94,Average,I2_1023,526
Uniform,relative,20,0.9666666666666667,Worst,I2_1023,526
Uniform,relative,20,0.9133333333333333,Average,I2_1023,526
Uniform,relative,21,0.9333333333333333,Worst,I2_1023,526
Uniform,relative,21,0.9533333333333334,Average,I2_1023,526
Uniform,relative,22,0.9466666666666667,Worst,I2_1023,526
Uniform,relative,22,0.9333333333333333,Average,I2_1023,526
Uniform,relative,23,0.9666666666666667,Worst,I2_1023,526
Uniform,relative,23,0.9466666666666667,Average,I2_1023,526
Uniform,relative,24,0.9666666666666667,Worst,I2_1023,526
Uniform,relative,24,0.9533333333333334,Average,I2_1023,526
Uniform,relative,25,0.9533333333333334,Worst,I2_1023,526
Uniform,relative,25,0.9333333333333333,Average,I2_1023,526
Uniform,relative,26,0.9466666666666667,Worst,I2_1023,526
Uniform,relative,26,0.94,Average,I2_1023,526
Uniform,relative,27,0.9466666666666667,Worst,I2_1023,526
Uniform,relative,27,0.94,Average,I2_1023,526
Uniform,relative,28,0.9866666666666667,Worst,I2_1023,526
Uniform,relative,28,0.9666666666666667,Average,I2_1023,526
Uniform,relative,29,0.9666666666666667,Worst,I2_1023,526
Uniform,relative,29,0.9466666666666667,Average,I2_1023,526
Uniform,relative,30,0.96,Worst,I2_1023,526
Uniform,relative,30,0.9866666666666667,Average,I2_1023,526
Zipfian,relative,1,0.0,Worst,I1_1422,523
Zipfian,relative,1,0.44,Average,I1_1422,523
Zipfian,relative,2,0.0,Worst,I1_1422,523
Zipfian,relative,2,0.5333333333333333,Average,I1_1422,523
Zipfian,relative,3,0.0,Worst,I1_1422,523
Zipfian,relative,3,0.8133333333333334,Average,I1_1422,523
Zipfian,relative,4,0.0,Worst,I1_1422,523
Zipfian,relative,4,0.7266666666666667,Average,I1_1422,523
Zipfian,relative,5,0.006666666666666667,Worst,I1_1422,523
Zipfian,relative,5,0.8066666666666666,Average,I1_1422,523
Zipfian,relative,6,0.006666666666666667,Worst,I1_1422,523
Zipfian,relative,6,0.8866666666666667,Average,I1_1422,523
Zipfian,relative,7,0.013333333333333334,Worst,I1_1422,523
Zipfian,relative,7,0.9133333333333333,Average,I1_1422,523
Zipfian,relative,8,0.013333333333333334,Worst,I1_1422,523
Zipfian,relative,8,0.94,Average,I1_1422,523
Zipfian,relative,9,0.006666666666666667,Worst,I1_1422,523
Zipfian,relative,9,0.9266666666666666,Average,I1_1422,523
Zipfian,relative,10,0.02666666666666667,Worst,I1_1422,523
Zipfian,relative,10,0.8933333333333333,Average,I1_1422,523
Zipfian,relative,11,0.02,Worst,I1_1422,523
Zipfian,relative,11,0.8733333333333333,Average,I1_1422,523
Zipfian,relative,12,0.02666666666666667,Worst,I1_1422,523
Zipfian,relative,12,0.6133333333333333,Average,I1_1422,523
Zipfian,relative,13,0.06,Worst,I1_1422,523
Zipfian,relative,13,0.82,Average,I1_1422,523
Zipfian,relative,14,0.02,Worst,I1_1422,523
Zipfian,relative,14,0.98,Average,I1_1422,523
Zipfian,relative,15,0.05333333333333334,Worst,I1_1422,523
Zipfian,relative,15,0.98,Average,I1_1422,523
Zipfian,relative,16,0.06666666666666667,Worst,I1_1422,523
Zipfian,relative,16,0.9733333333333334,Average,I1_1422,523
Zipfian,relative,17,0.08,Worst,I1_1422,523
Zipfian,relative,17,0.98,Average,I1_1422,523
Zipfian,relative,18,0.10666666666666667,Worst,I1_1422,523
Zipfian,relative,18,0.9866666666666667,Average,I1_1422,523
Zipfian,relative,19,0.11333333333333333,Worst,I1_1422,523
Zipfian,relative,19,0.96,Average,I1_1422,523
Zipfian,relative,20,0.04,Worst,I1_1422,523
Zipfian,relative,20,0.9533333333333334,Average,I1_1422,523
Zipfian,relative,21,0.08666666666666667,Worst,I1_1422,523
Zipfian,relative,21,0.9666666666666667,Average,I1_1422,523
Zipfian,relative,22,0.10666666666666667,Worst,I1_1422,523
Zipfian,relative,22,0.9866666666666667,Average,I1_1422,523
Zipfian,relative,23,0.09333333333333334,Worst,I1_1422,523
Zipfian,relative,23,0.96,Average,I1_1422,523
Zipfian,relative,24,0.12666666666666668,Worst,I1_1422,523
Zipfian,relative,24,0.98,Average,I1_1422,523
Zipfian,relative,25,0.09333333333333334,Worst,I1_1422,523
Zipfian,relative,25,0.9733333333333334,Average,I1_1422,523
Zipfian,relative,26,0.06666666666666667,Worst,I1_1422,523
Zipfian,relative,26,0.96,Average,I1_1422,523
Zipfian,relative,27,0.14,Worst,I1_1422,523
Zipfian,relative,27,0.9533333333333334,Average,I1_1422,523
Zipfian,relative,28,0.12,Worst,I1_1422,523
Zipfian,relative,28,0.9733333333333334,Average,I1_1422,523
Zipfian,relative,29,0.08666666666666667,Worst,I1_1422,523
Zipfian,relative,29,0.9333333333333333,Average,I1_1422,523
Zipfian,relative,30,0.1,Worst,I1_1422,523
Zipfian,relative,30,0.96,Average,I1_1422,523
Zipfian,relative,1,0.0,Worst,I4_1026,507
Zipfian,relative,1,0.23333333333333334,Average,I4_1026,507
Zipfian,relative,2,0.0,Worst,I4_1026,507
Zipfian,relative,2,0.44,Average,I4_1026,507
Zipfian,relative,3,0.0,Worst,I4_1026,507
Zipfian,relative,3,0.54,Average,I4_1026,507
Zipfian,relative,4,0.0,Worst,I4_1026,507
Zipfian,relative,4,0.82,Average,I4_1026,507
Zipfian,relative,5,0.006666666666666667,Worst,I4_1026,507
Zipfian,relative,5,0.9066666666666666,Average,I4_1026,507
Zipfian,relative,6,0.03333333333333333,Worst,I4_1026,507
Zipfian,relative,6,0.9066666666666666,Average,I4_1026,507
Zipfian,relative,7,0.02666666666666667,Worst,I4_1026,507
Zipfian,relative,7,0.9066666666666666,Average,I4_1026,507
Zipfian,relative,8,0.006666666666666667,Worst,I4_1026,507
Zipfian,relative,8,0.8733333333333333,Average,I4_1026,507
Zipfian,relative,9,0.02,Worst,I4_1026,507
Zipfian,relative,9,0.8333333333333334,Average,I4_1026,507
Zipfian,relative,10,0.013333333333333334,Worst,I4_1026,507
Zipfian,relative,10,0.9,Average,I4_1026,507
Zipfian,relative,11,0.03333333333333333,Worst,I4_1026,507
Zipfian,relative,11,0.9133333333333333,Average,I4_1026,507
Zipfian,relative,12,0.08,Worst,I4_1026,507
Zipfian,relative,12,0.9333333333333333,Average,I4_1026,507
Zipfian,relative,13,0.03333333333333333,Worst,I4_1026,507
Zipfian,relative,13,0.9666666666666667,Average,I4_1026,507
Zipfian,relative,14,0.06,Worst,I4_1026,507
Zipfian,relative,14,0.9066666666666666,Average,I4_1026,507
Zipfian,relative,15,0.06666666666666667,Worst,I4_1026,507
Zipfian,relative,15,0.9333333333333333,Average,I4_1026,507
Zipfian,relative,16,0.08,Worst,I4_1026,507
Zipfian,relative,16,0.96,Average,I4_1026,507
Zipfian,relative,17,0.03333333333333333,Worst,I4_1026,507
Zipfian,relative,17,0.9533333333333334,Average,I4_1026,507
Zipfian,relative,18,0.08666666666666667,Worst,I4_1026,507
Zipfian,relative,18,0.9733333333333334,Average,I4_1026,507
Zipfian,relative,19,0.06666666666666667,Worst,I4_1026,507
Zipfian,relative,19,0.9333333333333333,Average,I4_1026,507
Zipfian,relative,20,0.1,Worst,I4_1026,507
Zipfian,relative,20,0.96,Average,I4_1026,507
Zipfian,relative,21,0.08,Worst,I4_1026,507
Zipfian,relative,21,0.9933333333333333,Average,I4_1026,507
Zipfian,relative,22,0.06666666666666667,Worst,I4_1026,507
Zipfian,relative,22,0.9533333333333334,Average,I4_1026,507
Zipfian,relative,23,0.09333333333333334,Worst,I4_1026,507
Zipfian,relative,23,0.9733333333333334,Average,I4_1026,507
Zipfian,relative,24,0.12666666666666668,Worst,I4_1026,507
Zipfian,relative,24,0.9866666666666667,Average,I4_1026,507
Zipfian,relative,25,0.12,Worst,I4_1026,507
Zipfian,relative,25,0.96,Average,I4_1026,507
Zipfian,relative,26,0.07333333333333333,Worst,I4_1026,507
Zipfian,relative,26,0.9466666666666667,Average,I4_1026,507
Zipfian,relative,27,0.11333333333333333,Worst,I4_1026,507
Zipfian,relative,27,0.96,Average,I4_1026,507
Zipfian,relative,28,0.1,Worst,I4_1026,507
Zipfian,relative,28,0.9866666666666667,Average,I4_1026,507
Zipfian,relative,29,0.15333333333333332,Worst,I4_1026,507
Zipfian,relative,29,0.74,Average,I4_1026,507
Zipfian,relative,30,0.12,Worst,I4_1026,507
Zipfian,relative,30,0.9933333333333333,Average,I4_1026,507
Zipfian,relative,1,0.0,Worst,I3_441,516
Zipfian,relative,1,0.44,Average,I3_441,516
Zipfian,relative,2,0.0,Worst,I3_441,516
Zipfian,relative,2,0.8133333333333334,Average,I3_441,516
Zipfian,relative,3,0.013333333333333334,Worst,I3_441,516
Zipfian,relative,3,0.86,Average,I3_441,516
Zipfian,relative,4,0.0,Worst,I3_441,516
Zipfian,relative,4,0.8333333333333334,Average,I3_441,516
Zipfian,relative,5,0.013333333333333334,Worst,I3_441,516
Zipfian,relative,5,0.6666666666666666,Average,I3_441,516
Zipfian,relative,6,0.013333333333333334,Worst,I3_441,516
Zipfian,relative,6,0.9133333333333333,Average,I3_441,516
Zipfian,relative,7,0.02,Worst,I3_441,516
Zipfian,relative,7,0.92,Average,I3_441,516
Zipfian,relative,8,0.03333333333333333,Worst,I3_441,516
Zipfian,relative,8,0.9,Average,I3_441,516
Zipfian,relative,9,0.02,Worst,I3_441,516
Zipfian,relative,9,0.96,Average,I3_441,516
Zipfian,relative,10,0.02,Worst,I3_441,516
Zipfian,relative,10,0.9,Average,I3_441,516
Zipfian,relative,11,0.006666666666666667,Worst,I3_441,516
Zipfian,relative,11,0.98,Average,I3_441,516
Zipfian,relative,12,0.06666666666666667,Worst,I3_441,516
Zipfian,relative,12,0.8133333333333334,Average,I3_441,516
Zipfian,relative,13,0.06,Worst,I3_441,516
Zipfian,relative,13,0.9133333333333333,Average,I3_441,516
Zipfian,relative,14,0.04666666666666667,Worst,I3_441,516
Zipfian,relative,14,0.9533333333333334,Average,I3_441,516
Zipfian,relative,15,0.06666666666666667,Worst,I3_441,516
Zipfian,relative,15,0.9733333333333334,Average,I3_441,516
Zipfian,relative,16,0.04666666666666667,Worst,I3_441,516
Zipfian,relative,16,0.8933333333333333,Average,I3_441,516
Zipfian,relative,17,0.09333333333333334,Worst,I3_441,516
Zipfian,relative,17,0.7266666666666667,Average,I3_441,516
Zipfian,relative,18,0.03333333333333333,Worst,I3_441,516
Zipfian,relative,18,0.9533333333333334,Average,I3_441,516
Zipfian,relative,19,0.08666666666666667,Worst,I3_441,516
Zipfian,relative,19,0.9733333333333334,Average,I3_441,516
Zipfian,relative,20,0.06666666666666667,Worst,I3_441,516
Zipfian,relative,20,0.9666666666666667,Average,I3_441,516
Zipfian,relative,21,0.02666666666666667,Worst,I3_441,516
Zipfian,relative,21,0.9866666666666667,Average,I3_441,516
Zipfian,relative,22,0.1,Worst,I3_441,516
Zipfian,relative,22,0.96,Average,I3_441,516
Zipfian,relative,23,0.13333333333333333,Worst,I3_441,516
Zipfian,relative,23,0.9866666666666667,Average,I3_441,516
Zipfian,relative,24,0.05333333333333334,Worst,I3_441,516
Zipfian,relative,24,0.9666666666666667,Average,I3_441,516
Zipfian,relative,25,0.1,Worst,I3_441,516
Zipfian,relative,25,0.98,Average,I3_441,516
Zipfian,relative,26,0.10666666666666667,Worst,I3_441,516
Zipfian,relative,26,0.98,Average,I3_441,516
Zipfian,relative,27,0.1,Worst,I3_441,516
Zipfian,relative,27,0.98,Average,I3_441,516
Zipfian,relative,28,0.12666666666666668,Worst,I3_441,516
Zipfian,relative,28,0.88,Average,I3_441,516
Zipfian,relative,29,0.14666666666666667,Worst,I3_441,516
Zipfian,relative,29,0.9466666666666667,Average,I3_441,516
Zipfian,relative,30,0.13333333333333333,Worst,I3_441,516
Zipfian,relative,30,0.9466666666666667,Average,I3_441,516
Zipfian,relative,1,0.0,Worst,I1_1323,523
Zipfian,relative,1,0.6066666666666667,Average,I1_1323,523
Zipfian,relative,2,0.0,Worst,I1_1323,523
Zipfian,relative,2,0.6866666666666666,Average,I1_1323,523
Zipfian,relative,3,0.0,Worst,I1_1323,523
Zipfian,relative,3,0.86,Average,I1_1323,523
Zipfian,relative,4,0.0,Worst,I1_1323,523
Zipfian,relative,4,0.8133333333333334,Average,I1_1323,523
Zipfian,relative,5,0.006666666666666667,Worst,I1_1323,523
Zipfian,relative,5,0.8933333333333333,Average,I1_1323,523
Zipfian,relative,6,0.02,Worst,I1_1323,523
Zipfian,relative,6,0.8733333333333333,Average,I1_1323,523
Zipfian,relative,7,0.006666666666666667,Worst,I1_1323,523
Zipfian,relative,7,0.7066666666666667,Average,I1_1323,523
Zipfian,relative,8,0.0,Worst,I1_1323,523
Zipfian,relative,8,0.8933333333333333,Average,I1_1323,523
Zipfian,relative,9,0.03333333333333333,Worst,I1_1323,523
Zipfian,relative,9,0.8866666666666667,Average,I1_1323,523
Zipfian,relative,10,0.013333333333333334,Worst,I1_1323,523
Zipfian,relative,10,0.9666666666666667,Average,I1_1323,523
Zipfian,relative,11,0.03333333333333333,Worst,I1_1323,523
Zipfian,relative,11,0.96,Average,I1_1323,523
Zipfian,relative,12,0.04666666666666667,Worst,I1_1323,523
Zipfian,relative,12,0.9333333333333333,Average,I1_1323,523
Zipfian,relative,13,0.07333333333333333,Worst,I1_1323,523
Zipfian,relative,13,0.9533333333333334,Average,I1_1323,523
Zipfian,relative,14,0.05333333333333334,Worst,I1_1323,523
Zipfian,relative,14,0.9533333333333334,Average,I1_1323,523
Zipfian,relative,15,0.02,Worst,I1_1323,523
Zipfian,relative,15,0.9666666666666667,Average,I1_1323,523
Zipfian,relative,16,0.04,Worst,I1_1323,523
Zipfian,relative,16,0.9266666666666666,Average,I1_1323,523
Zipfian,relative,17,0.06666666666666667,Worst,I1_1323,523
Zipfian,relative,17,0.94,Average,I1_1323,523
Zipfian,relative,18,0.06,Worst,I1_1323,523
Zipfian,relative,18,0.96,Average,I1_1323,523
Zipfian,relative,19,0.07333333333333333,Worst,I1_1323,523
Zipfian,relative,19,0.9866666666666667,Average,I1_1323,523
Zipfian,relative,20,0.07333333333333333,Worst,I1_1323,523
Zipfian,relative,20,0.98,Average,I1_1323,523
Zipfian,relative,21,0.05333333333333334,Worst,I1_1323,523
Zipfian,relative,21,0.98,Average,I1_1323,523
Zipfian,relative,22,0.12666666666666668,Worst,I1_1323,523
Zipfian,relative,22,0.9733333333333334,Average,I1_1323,523
Zipfian,relative,23,0.05333333333333334,Worst,I1_1323,523
Zipfian,relative,23,0.96,Average,I1_1323,523
Zipfian,relative,24,0.1,Worst,I1_1323,523
Zipfian,relative,24,0.94,Average,I1_1323,523
Zipfian,relative,25,0.06,Worst,I1_1323,523
Zipfian,relative,25,0.9866666666666667,Average,I1_1323,523
Zipfian,relative,26,0.08,Worst,I1_1323,523
Zipfian,relative,26,0.9866666666666667,Average,I1_1323,523
Zipfian,relative,27,0.1,Worst,I1_1323,523
Zipfian,relative,27,0.9733333333333334,Average,I1_1323,523
Zipfian,relative,28,0.12,Worst,I1_1323,523
Zipfian,relative,28,0.98,Average,I1_1323,523
Zipfian,relative,29,0.12,Worst,I1_1323,523
Zipfian,relative,29,0.9933333333333333,Average,I1_1323,523
Zipfian,relative,30,0.12,Worst,I1_1323,523
Zipfian,relative,30,0.98,Average,I1_1323,523
Zipfian,relative,1,0.0,Worst,I2_1377,526
Zipfian,relative,1,0.34,Average,I2_1377,526
Zipfian,relative,2,0.0,Worst,I2_1377,526
Zipfian,relative,2,0.5666666666666667,Average,I2_1377,526
Zipfian,relative,3,0.0,Worst,I2_1377,526
Zipfian,relative,3,0.7666666666666667,Average,I2_1377,526
Zipfian,relative,4,0.0,Worst,I2_1377,526
Zipfian,relative,4,0.8133333333333334,Average,I2_1377,526
Zipfian,relative,5,0.006666666666666667,Worst,I2_1377,526
Zipfian,relative,5,0.8,Average,I2_1377,526
Zipfian,relative,6,0.0,Worst,I2_1377,526
Zipfian,relative,6,0.8933333333333333,Average,I2_1377,526
Zipfian,relative,7,0.013333333333333334,Worst,I2_1377,526
Zipfian,relative,7,0.92,Average,I2_1377,526
Zipfian,relative,8,0.04,Worst,I2_1377,526
Zipfian,relative,8,0.6933333333333334,Average,I2_1377,526
Zipfian,relative,9,0.04666666666666667,Worst,I2_1377,526
Zipfian,relative,9,0.8866666666666667,Average,I2_1377,526
Zipfian,relative,10,0.06666666666666667,Worst,I2_1377,526
Zipfian,relative,10,0.8533333333333334,Average,I2_1377,526
Zipfian,relative,11,0.03333333333333333,Worst,I2_1377,526
Zipfian,relative,11,0.9533333333333334,Average,I2_1377,526
Zipfian,relative,12,0.04,Worst,I2_1377,526
Zipfian,relative,12,0.9,Average,I2_1377,526
Zipfian,relative,13,0.06666666666666667,Worst,I2_1377,526
Zipfian,relative,13,0.9466666666666667,Average,I2_1377,526
Zipfian,relative,14,0.04,Worst,I2_1377,526
Zipfian,relative,14,0.9533333333333334,Average,I2_1377,526
Zipfian,relative,15,0.08,Worst,I2_1377,526
Zipfian,relative,15,0.9933333333333333,Average,I2_1377,526
Zipfian,relative,16,0.07333333333333333,Worst,I2_1377,526
Zipfian,relative,16,0.9266666666666666,Average,I2_1377,526
Zipfian,relative,17,0.08666666666666667,Worst,I2_1377,526
Zipfian,relative,17,0.9333333333333333,Average,I2_1377,526
Zipfian,relative,18,0.05333333333333334,Worst,I2_1377,526
Zipfian,relative,18,0.98,Average,I2_1377,526
Zipfian,relative,19,0.08666666666666667,Worst,I2_1377,526
Zipfian,relative,19,0.9333333333333333,Average,I2_1377,526
Zipfian,relative,20,0.05333333333333334,Worst,I2_1377,526
Zipfian,relative,20,0.9733333333333334,Average,I2_1377,526
Zipfian,relative,21,0.08666666666666667,Worst,I2_1377,526
Zipfian,relative,21,0.98,Average,I2_1377,526
Zipfian,relative,22,0.06666666666666667,Worst,I2_1377,526
Zipfian,relative,22,0.9933333333333333,Average,I2_1377,526
Zipfian,relative,23,0.06666666666666667,Worst,I2_1377,526
Zipfian,relative,23,0.9733333333333334,Average,I2_1377,526
Zipfian,relative,24,0.08,Worst,I2_1377,526
Zipfian,relative,24,0.9733333333333334,Average,I2_1377,526
Zipfian,relative,25,0.10666666666666667,Worst,I2_1377,526
Zipfian,relative,25,0.9666666666666667,Average,I2_1377,526
Zipfian,relative,26,0.09333333333333334,Worst,I2_1377,526
Zipfian,relative,26,0.98,Average,I2_1377,526
Zipfian,relative,27,0.15333333333333332,Worst,I2_1377,526
Zipfian,relative,27,0.9733333333333334,Average,I2_1377,526
Zipfian,relative,28,0.11333333333333333,Worst,I2_1377,526
Zipfian,relative,28,0.9866666666666667,Average,I2_1377,526
Zipfian,relative,29,0.12666666666666668,Worst,I2_1377,526
Zipfian,relative,29,0.9266666666666666,Average,I2_1377,526
Zipfian,relative,30,0.11333333333333333,Worst,I2_1377,526
Zipfian,relative,30,0.9866666666666667,Average,I2_1377,526
Zipfian,relative,1,0.0,Worst,I3_1026,516
Zipfian,relative,1,0.21333333333333335,Average,I3_1026,516
Zipfian,relative,2,0.0,Worst,I3_1026,516
Zipfian,relative,2,0.68,Average,I3_1026,516
Zipfian,relative,3,0.0,Worst,I3_1026,516
Zipfian,relative,3,0.8133333333333334,Average,I3_1026,516
Zipfian,relative,4,0.006666666666666667,Worst,I3_1026,516
Zipfian,relative,4,0.9333333333333333,Average,I3_1026,516
Zipfian,relative,5,0.02,Worst,I3_1026,516
Zipfian,relative,5,0.7733333333333333,Average,I3_1026,516
Zipfian,relative,6,0.0,Worst,I3_1026,516
Zipfian,relative,6,0.38666666666666666,Average,I3_1026,516
Zipfian,relative,7,0.006666666666666667,Worst,I3_1026,516
Zipfian,relative,7,0.8733333333333333,Average,I3_1026,516
Zipfian,relative,8,0.006666666666666667,Worst,I3_1026,516
Zipfian,relative,8,0.8333333333333334,Average,I3_1026,516
Zipfian,relative,9,0.04,Worst,I3_1026,516
Zipfian,relative,9,0.92,Average,I3_1026,516
Zipfian,relative,10,0.02,Worst,I3_1026,516
Zipfian,relative,10,0.8866666666666667,Average,I3_1026,516
Zipfian,relative,11,0.013333333333333334,Worst,I3_1026,516
Zipfian,relative,11,0.9733333333333334,Average,I3_1026,516
Zipfian,relative,12,0.02,Worst,I3_1026,516
Zipfian,relative,12,0.92,Average,I3_1026,516
Zipfian,relative,13,0.02666666666666667,Worst,I3_1026,516
Zipfian,relative,13,0.92,Average,I3_1026,516
Zipfian,relative,14,0.02666666666666667,Worst,I3_1026,516
Zipfian,relative,14,0.9666666666666667,Average,I3_1026,516
Zipfian,relative,15,0.05333333333333334,Worst,I3_1026,516
Zipfian,relative,15,0.8533333333333334,Average,I3_1026,516
Zipfian,relative,16,0.05333333333333334,Worst,I3_1026,516
Zipfian,relative,16,0.9466666666666667,Average,I3_1026,516
Zipfian,relative,17,0.03333333333333333,Worst,I3_1026,516
Zipfian,relative,17,0.98,Average,I3_1026,516
Zipfian,relative,18,0.04666666666666667,Worst,I3_1026,516
Zipfian,relative,18,0.96,Average,I3_1026,516
Zipfian,relative,19,0.09333333333333334,Worst,I3_1026,516
Zipfian,relative,19,0.9533333333333334,Average,I3_1026,516
Zipfian,relative,20,0.04,Worst,I3_1026,516
Zipfian,relative,20,0.94,Average,I3_1026,516
Zipfian,relative,21,0.12666666666666668,Worst,I3_1026,516
Zipfian,relative,21,0.9866666666666667,Average,I3_1026,516
Zipfian,relative,22,0.1,Worst,I3_1026,516
Zipfian,relative,22,0.9533333333333334,Average,I3_1026,516
Zipfian,relative,23,0.11333333333333333,Worst,I3_1026,516
Zipfian,relative,23,0.9333333333333333,Average,I3_1026,516
Zipfian,relative,24,0.09333333333333334,Worst,I3_1026,516
Zipfian,relative,24,0.9733333333333334,Average,I3_1026,516
Zipfian,relative,25,0.10666666666666667,Worst,I3_1026,516
Zipfian,relative,25,0.9533333333333334,Average,I3_1026,516
Zipfian,relative,26,0.11333333333333333,Worst,I3_1026,516
Zipfian,relative,26,0.9733333333333334,Average,I3_1026,516
Zipfian,relative,27,0.10666666666666667,Worst,I3_1026,516
Zipfian,relative,27,0.98,Average,I3_1026,516
Zipfian,relative,28,0.14,Worst,I3_1026,516
Zipfian,relative,28,0.9333333333333333,Average,I3_1026,516
Zipfian,relative,29,0.13333333333333333,Worst,I3_1026,516
Zipfian,relative,29,0.96,Average,I3_1026,516
Zipfian,relative,30,0.12,Worst,I3_1026,516
Zipfian,relative,30,0.98,Average,I3_1026,516
Zipfian,relative,1,0.0,Worst,I4_1230,507
Zipfian,relative,1,0.44666666666666666,Average,I4_1230,507
Zipfian,relative,2,0.0,Worst,I4_1230,507
Zipfian,relative,2,0.5,Average,I4_1230,507
Zipfian,relative,3,0.0,Worst,I4_1230,507
Zipfian,relative,3,0.4066666666666667,Average,I4_1230,507
Zipfian,relative,4,0.006666666666666667,Worst,I4_1230,507
Zipfian,relative,4,0.74,Average,I4_1230,507
Zipfian,relative,5,0.013333333333333334,Worst,I4_1230,507
Zipfian,relative,5,0.92,Average,I4_1230,507
Zipfian,relative,6,0.0,Worst,I4_1230,507
Zipfian,relative,6,0.94,Average,I4_1230,507
Zipfian,relative,7,0.013333333333333334,Worst,I4_1230,507
Zipfian,relative,7,0.9466666666666667,Average,I4_1230,507
Zipfian,relative,8,0.02,Worst,I4_1230,507
Zipfian,relative,8,0.7133333333333334,Average,I4_1230,507
Zipfian,relative,9,0.02,Worst,I4_1230,507
Zipfian,relative,9,0.9066666666666666,Average,I4_1230,507
Zipfian,relative,10,0.04666666666666667,Worst,I4_1230,507
Zipfian,relative,10,0.9666666666666667,Average,I4_1230,507
Zipfian,relative,11,0.013333333333333334,Worst,I4_1230,507
Zipfian,relative,11,0.9333333333333333,Average,I4_1230,507
Zipfian,relative,12,0.03333333333333333,Worst,I4_1230,507
Zipfian,relative,12,0.9733333333333334,Average,I4_1230,507
Zipfian,relative,13,0.05333333333333334,Worst,I4_1230,507
Zipfian,relative,13,0.9266666666666666,Average,I4_1230,507
Zipfian,relative,14,0.06,Worst,I4_1230,507
Zipfian,relative,14,0.9266666666666666,Average,I4_1230,507
Zipfian,relative,15,0.04,Worst,I4_1230,507
Zipfian,relative,15,0.9533333333333334,Average,I4_1230,507
Zipfian,relative,16,0.04,Worst,I4_1230,507
Zipfian,relative,16,0.9666666666666667,Average,I4_1230,507
Zipfian,relative,17,0.06,Worst,I4_1230,507
Zipfian,relative,17,0.9533333333333334,Average,I4_1230,507
Zipfian,relative,18,0.04,Worst,I4_1230,507
Zipfian,relative,18,0.9,Average,I4_1230,507
Zipfian,relative,19,0.08666666666666667,Worst,I4_1230,507
Zipfian,relative,19,0.98,Average,I4_1230,507
Zipfian,relative,20,0.06666666666666667,Worst,I4_1230,507
Zipfian,relative,20,0.9733333333333334,Average,I4_1230,507
Zipfian,relative,21,0.10666666666666667,Worst,I4_1230,507
Zipfian,relative,21,0.98,Average,I4_1230,507
Zipfian,relative,22,0.1,Worst,I4_1230,507
Zipfian,relative,22,0.9666666666666667,Average,I4_1230,507
Zipfian,relative,23,0.06666666666666667,Worst,I4_1230,507
Zipfian,relative,23,0.9666666666666667,Average,I4_1230,507
Zipfian,relative,24,0.11333333333333333,Worst,I4_1230,507
Zipfian,relative,24,0.9733333333333334,Average,I4_1230,507
Zipfian,relative,25,0.09333333333333334,Worst,I4_1230,507
Zipfian,relative,25,0.8866666666666667,Average,I4_1230,507
Zipfian,relative,26,0.1,Worst,I4_1230,507
Zipfian,relative,26,0.96,Average,I4_1230,507
Zipfian,relative,27,0.10666666666666667,Worst,I4_1230,507
Zipfian,relative,27,0.9866666666666667,Average,I4_1230,507
Zipfian,relative,28,0.11333333333333333,Worst,I4_1230,507
Zipfian,relative,28,0.98,Average,I4_1230,507
Zipfian,relative,29,0.12,Worst,I4_1230,507
Zipfian,relative,29,0.9733333333333334,Average,I4_1230,507
Zipfian,relative,30,0.11333333333333333,Worst,I4_1230,507
Zipfian,relative,30,0.9866666666666667,Average,I4_1230,507
Zipfian,relative,1,0.0,Worst,I1_1023,523
Zipfian,relative,1,0.64,Average,I1_1023,523
Zipfian,relative,2,0.0,Worst,I1_1023,523
Zipfian,relative,2,0.5866666666666667,Average,I1_1023,523
Zipfian,relative,3,0.0,Worst,I1_1023,523
Zipfian,relative,3,0.6666666666666666,Average,I1_1023,523
Zipfian,relative,4,0.006666666666666667,Worst,I1_1023,523
Zipfian,relative,4,0.56,Average,I1_1023,523
Zipfian,relative,5,0.006666666666666667,Worst,I1_1023,523
Zipfian,relative,5,0.82,Average,I1_1023,523
Zipfian,relative,6,0.0,Worst,I1_1023,523
Zipfian,relative,6,0.8733333333333333,Average,I1_1023,523
Zipfian,relative,7,0.02,Worst,I1_1023,523
Zipfian,relative,7,0.9133333333333333,Average,I1_1023,523
Zipfian,relative,8,0.013333333333333334,Worst,I1_1023,523
Zipfian,relative,8,0.88,Average,I1_1023,523
Zipfian,relative,9,0.02,Worst,I1_1023,523
Zipfian,relative,9,0.9466666666666667,Average,I1_1023,523
Zipfian,relative,10,0.02,Worst,I1_1023,523
Zipfian,relative,10,0.8,Average,I1_1023,523
Zipfian,relative,11,0.02666666666666667,Worst,I1_1023,523
Zipfian,relative,11,0.9133333333333333,Average,I1_1023,523
Zipfian,relative,12,0.04666666666666667,Worst,I1_1023,523
Zipfian,relative,12,0.8333333333333334,Average,I1_1023,523
Zipfian,relative,13,0.02666666666666667,Worst,I1_1023,523
Zipfian,relative,13,0.9733333333333334,Average,I1_1023,523
Zipfian,relative,14,0.06,Worst,I1_1023,523
Zipfian,relative,14,0.9466666666666667,Average,I1_1023,523
Zipfian,relative,15,0.08,Worst,I1_1023,523
Zipfian,relative,15,0.8,Average,I1_1023,523
Zipfian,relative,16,0.0,Worst,I1_1023,523
Zipfian,relative,16,0.9533333333333334,Average,I1_1023,523
Zipfian,relative,17,0.07333333333333333,Worst,I1_1023,523
Zipfian,relative,17,0.92,Average,I1_1023,523
Zipfian,relative,18,0.06,Worst,I1_1023,523
Zipfian,relative,18,0.94,Average,I1_1023,523
Zipfian,relative,19,0.07333333333333333,Worst,I1_1023,523
Zipfian,relative,19,0.9666666666666667,Average,I1_1023,523
Zipfian,relative,20,0.06666666666666667,Worst,I1_1023,523
Zipfian,relative,20,0.9866666666666667,Average,I1_1023,523
Zipfian,relative,21,0.06666666666666667,Worst,I1_1023,523
Zipfian,relative,21,0.98,Average,I1_1023,523
Zipfian,relative,22,0.08,Worst,I1_1023,523
Zipfian,relative,22,0.9,Average,I1_1023,523
Zipfian,relative,23,0.06666666666666667,Worst,I1_1023,523
Zipfian,relative,23,0.9733333333333334,Average,I1_1023,523
Zipfian,relative,24,0.08,Worst,I1_1023,523
Zipfian,relative,24,0.9866666666666667,Average,I1_1023,523
Zipfian,relative,25,0.07333333333333333,Worst,I1_1023,523
Zipfian,relative,25,0.98,Average,I1_1023,523
Zipfian,relative,26,0.13333333333333333,Worst,I1_1023,523
Zipfian,relative,26,0.9666666666666667,Average,I1_1023,523
Zipfian,relative,27,0.07333333333333333,Worst,I1_1023,523
Zipfian,relative,27,0.9666666666666667,Average,I1_1023,523
Zipfian,relative,28,0.09333333333333334,Worst,I1_1023,523
Zipfian,relative,28,0.9866666666666667,Average,I1_1023,523
Zipfian,relative,29,0.11333333333333333,Worst,I1_1023,523
Zipfian,relative,29,0.9933333333333333,Average,I1_1023,523
Zipfian,relative,30,0.16,Worst,I1_1023,523
Zipfian,relative,30,0.9733333333333334,Average,I1_1023,523
Zipfian,relative,1,0.0,Worst,I1_1470,523
Zipfian,relative,1,0.46,Average,I1_1470,523
Zipfian,relative,2,0.0,Worst,I1_1470,523
Zipfian,relative,2,0.74,Average,I1_1470,523
Zipfian,relative,3,0.013333333333333334,Worst,I1_1470,523
Zipfian,relative,3,0.8133333333333334,Average,I1_1470,523
Zipfian,relative,4,0.0,Worst,I1_1470,523
Zipfian,relative,4,0.8933333333333333,Average,I1_1470,523
Zipfian,relative,5,0.02,Worst,I1_1470,523
Zipfian,relative,5,0.8533333333333334,Average,I1_1470,523
Zipfian,relative,6,0.0,Worst,I1_1470,523
Zipfian,relative,6,0.7466666666666667,Average,I1_1470,523
Zipfian,relative,7,0.013333333333333334,Worst,I1_1470,523
Zipfian,relative,7,0.84,Average,I1_1470,523
Zipfian,relative,8,0.0,Worst,I1_1470,523
Zipfian,relative,8,0.8133333333333334,Average,I1_1470,523
Zipfian,relative,9,0.02666666666666667,Worst,I1_1470,523
Zipfian,relative,9,0.94,Average,I1_1470,523
Zipfian,relative,10,0.013333333333333334,Worst,I1_1470,523
Zipfian,relative,10,0.86,Average,I1_1470,523
Zipfian,relative,11,0.04,Worst,I1_1470,523
Zipfian,relative,11,0.9133333333333333,Average,I1_1470,523
Zipfian,relative,12,0.04,Worst,I1_1470,523
Zipfian,relative,12,0.9266666666666666,Average,I1_1470,523
Zipfian,relative,13,0.06,Worst,I1_1470,523
Zipfian,relative,13,0.9533333333333334,Average,I1_1470,523
Zipfian,relative,14,0.06,Worst,I1_1470,523
Zipfian,relative,14,0.8533333333333334,Average,I1_1470,523
Zipfian,relative,15,0.03333333333333333,Worst,I1_1470,523
Zipfian,relative,15,0.9533333333333334,Average,I1_1470,523
Zipfian,relative,16,0.09333333333333334,Worst,I1_1470,523
Zipfian,relative,16,0.9,Average,I1_1470,523
Zipfian,relative,17,0.02666666666666667,Worst,I1_1470,523
Zipfian,relative,17,0.9333333333333333,Average,I1_1470,523
Zipfian,relative,18,0.06,Worst,I1_1470,523
Zipfian,relative,18,0.92,Average,I1_1470,523
Zipfian,relative,19,0.06,Worst,I1_1470,523
Zipfian,relative,19,0.9733333333333334,Average,I1_1470,523
Zipfian,relative,20,0.10666666666666667,Worst,I1_1470,523
Zipfian,relative,20,0.96,Average,I1_1470,523
Zipfian,relative,21,0.07333333333333333,Worst,I1_1470,523
Zipfian,relative,21,0.9733333333333334,Average,I1_1470,523
Zipfian,relative,22,0.04666666666666667,Worst,I1_1470,523
Zipfian,relative,22,0.9733333333333334,Average,I1_1470,523
Zipfian,relative,23,0.1,Worst,I1_1470,523
Zipfian,relative,23,0.9733333333333334,Average,I1_1470,523
Zipfian,relative,24,0.11333333333333333,Worst,I1_1470,523
Zipfian,relative,24,0.9533333333333334,Average,I1_1470,523
Zipfian,relative,25,0.08,Worst,I1_1470,523
Zipfian,relative,25,0.9533333333333334,Average,I1_1470,523
Zipfian,relative,26,0.12666666666666668,Worst,I1_1470,523
Zipfian,relative,26,0.92,Average,I1_1470,523
Zipfian,relative,27,0.09333333333333334,Worst,I1_1470,523
Zipfian,relative,27,0.96,Average,I1_1470,523
Zipfian,relative,28,0.11333333333333333,Worst,I1_1470,523
Zipfian,relative,28,0.98,Average,I1_1470,523
Zipfian,relative,29,0.12,Worst,I1_1470,523
Zipfian,relative,29,0.96,Average,I1_1470,523
Zipfian,relative,30,0.16666666666666666,Worst,I1_1470,523
Zipfian,relative,30,0.96,Average,I1_1470,523
Zipfian,relative,1,0.0,Worst,I1_357,523
Zipfian,relative,1,0.36,Average,I1_357,523
Zipfian,relative,2,0.0,Worst,I1_357,523
Zipfian,relative,2,0.4533333333333333,Average,I1_357,523
Zipfian,relative,3,0.006666666666666667,Worst,I1_357,523
Zipfian,relative,3,0.82,Average,I1_357,523
Zipfian,relative,4,0.0,Worst,I1_357,523
Zipfian,relative,4,0.8533333333333334,Average,I1_357,523
Zipfian,relative,5,0.0,Worst,I1_357,523
Zipfian,relative,5,0.8933333333333333,Average,I1_357,523
Zipfian,relative,6,0.006666666666666667,Worst,I1_357,523
Zipfian,relative,6,0.92,Average,I1_357,523
Zipfian,relative,7,0.006666666666666667,Worst,I1_357,523
Zipfian,relative,7,0.9,Average,I1_357,523
Zipfian,relative,8,0.0,Worst,I1_357,523
Zipfian,relative,8,0.84,Average,I1_357,523
Zipfian,relative,9,0.02,Worst,I1_357,523
Zipfian,relative,9,0.9333333333333333,Average,I1_357,523
Zipfian,relative,10,0.013333333333333334,Worst,I1_357,523
Zipfian,relative,10,0.8933333333333333,Average,I1_357,523
Zipfian,relative,11,0.02666666666666667,Worst,I1_357,523
Zipfian,relative,11,0.9133333333333333,Average,I1_357,523
Zipfian,relative,12,0.03333333333333333,Worst,I1_357,523
Zipfian,relative,12,0.9533333333333334,Average,I1_357,523
Zipfian,relative,13,0.02,Worst,I1_357,523
Zipfian,relative,13,0.9466666666666667,Average,I1_357,523
Zipfian,relative,14,0.04666666666666667,Worst,I1_357,523
Zipfian,relative,14,0.9533333333333334,Average,I1_357,523
Zipfian,relative,15,0.07333333333333333,Worst,I1_357,523
Zipfian,relative,15,0.9533333333333334,Average,I1_357,523
Zipfian,relative,16,0.04,Worst,I1_357,523
Zipfian,relative,16,0.9733333333333334,Average,I1_357,523
Zipfian,relative,17,0.06666666666666667,Worst,I1_357,523
Zipfian,relative,17,0.9866666666666667,Average,I1_357,523
Zipfian,relative,18,0.02666666666666667,Worst,I1_357,523
Zipfian,relative,18,0.98,Average,I1_357,523
Zipfian,relative,19,0.05333333333333334,Worst,I1_357,523
Zipfian,relative,19,0.9733333333333334,Average,I1_357,523
Zipfian,relative,20,0.09333333333333334,Worst,I1_357,523
Zipfian,relative,20,0.96,Average,I1_357,523
Zipfian,relative,21,0.05333333333333334,Worst,I1_357,523
Zipfian,relative,21,0.94,Average,I1_357,523
Zipfian,relative,22,0.06666666666666667,Worst,I1_357,523
Zipfian,relative,22,0.9733333333333334,Average,I1_357,523
Zipfian,relative,23,0.06,Worst,I1_357,523
Zipfian,relative,23,0.9733333333333334,Average,I1_357,523
Zipfian,relative,24,0.10666666666666667,Worst,I1_357,523
Zipfian,relative,24,0.9866666666666667,Average,I1_357,523
Zipfian,relative,25,0.12666666666666668,Worst,I1_357,523
Zipfian,relative,25,0.98,Average,I1_357,523
Zipfian,relative,26,0.1,Worst,I1_357,523
Zipfian,relative,26,0.96,Average,I1_357,523
Zipfian,relative,27,0.08666666666666667,Worst,I1_357,523
Zipfian,relative,27,0.98,Average,I1_357,523
Zipfian,relative,28,0.09333333333333334,Worst,I1_357,523
Zipfian,relative,28,0.9533333333333334,Average,I1_357,523
Zipfian,relative,29,0.19333333333333333,Worst,I1_357,523
Zipfian,relative,29,0.9666666666666667,Average,I1_357,523
Zipfian,relative,30,0.11333333333333333,Worst,I1_357,523
Zipfian,relative,30,0.9733333333333334,Average,I1_357,523
Zipfian,relative,1,0.0,Worst,I4_1395,507
Zipfian,relative,1,0.4066666666666667,Average,I4_1395,507
Zipfian,relative,2,0.0,Worst,I4_1395,507
Zipfian,relative,2,0.7133333333333334,Average,I4_1395,507
Zipfian,relative,3,0.0,Worst,I4_1395,507
Zipfian,relative,3,0.82,Average,I4_1395,507
Zipfian,relative,4,0.0,Worst,I4_1395,507
Zipfian,relative,4,0.74,Average,I4_1395,507
Zipfian,relative,5,0.0,Worst,I4_1395,507
Zipfian,relative,5,0.7333333333333333,Average,I4_1395,507
Zipfian,relative,6,0.013333333333333334,Worst,I4_1395,507
Zipfian,relative,6,0.82,Average,I4_1395,507
Zipfian,relative,7,0.02,Worst,I4_1395,507
Zipfian,relative,7,0.8133333333333334,Average,I4_1395,507
Zipfian,relative,8,0.0,Worst,I4_1395,507
Zipfian,relative,8,0.96,Average,I4_1395,507
Zipfian,relative,9,0.02,Worst,I4_1395,507
Zipfian,relative,9,0.9066666666666666,Average,I4_1395,507
Zipfian,relative,10,0.04666666666666667,Worst,I4_1395,507
Zipfian,relative,10,0.92,Average,I4_1395,507
Zipfian,relative,11,0.02,Worst,I4_1395,507
Zipfian,relative,11,0.94,Average,I4_1395,507
Zipfian,relative,12,0.04,Worst,I4_1395,507
Zipfian,relative,12,0.9066666666666666,Average,I4_1395,507
Zipfian,relative,13,0.04,Worst,I4_1395,507
Zipfian,relative,13,0.96,Average,I4_1395,507
Zipfian,relative,14,0.02666666666666667,Worst,I4_1395,507
Zipfian,relative,14,0.9733333333333334,Average,I4_1395,507
Zipfian,relative,15,0.06,Worst,I4_1395,507
Zipfian,relative,15,0.9466666666666667,Average,I4_1395,507
Zipfian,relative,16,0.08,Worst,I4_1395,507
Zipfian,relative,16,0.98,Average,I4_1395,507
Zipfian,relative,17,0.04666666666666667,Worst,I4_1395,507
Zipfian,relative,17,0.9533333333333334,Average,I4_1395,507
Zipfian,relative,18,0.07333333333333333,Worst,I4_1395,507
Zipfian,relative,18,0.9533333333333334,Average,I4_1395,507
Zipfian,relative,19,0.11333333333333333,Worst,I4_1395,507
Zipfian,relative,19,0.9,Average,I4_1395,507
Zipfian,relative,20,0.06666666666666667,Worst,I4_1395,507
Zipfian,relative,20,0.9666666666666667,Average,I4_1395,507
Zipfian,relative,21,0.1,Worst,I4_1395,507
Zipfian,relative,21,0.94,Average,I4_1395,507
Zipfian,relative,22,0.08666666666666667,Worst,I4_1395,507
Zipfian,relative,22,0.9733333333333334,Average,I4_1395,507
Zipfian,relative,23,0.06666666666666667,Worst,I4_1395,507
Zipfian,relative,23,0.98,Average,I4_1395,507
Zipfian,relative,24,0.12,Worst,I4_1395,507
Zipfian,relative,24,0.9933333333333333,Average,I4_1395,507
Zipfian,relative,25,0.1,Worst,I4_1395,507
Zipfian,relative,25,0.9733333333333334,Average,I4_1395,507
Zipfian,relative,26,0.12,Worst,I4_1395,507
Zipfian,relative,26,0.9466666666666667,Average,I4_1395,507
Zipfian,relative,27,0.13333333333333333,Worst,I4_1395,507
Zipfian,relative,27,0.9866666666666667,Average,I4_1395,507
Zipfian,relative,28,0.14666666666666667,Worst,I4_1395,507
Zipfian,relative,28,0.98,Average,I4_1395,507
Zipfian,relative,29,0.1,Worst,I4_1395,507
Zipfian,relative,29,0.9333333333333333,Average,I4_1395,507
Zipfian,relative,30,0.1,Worst,I4_1395,507
Zipfian,relative,30,0.98,Average,I4_1395,507
Zipfian,relative,1,0.0,Worst,I1_672,523
Zipfian,relative,1,0.6,Average,I1_672,523
Zipfian,relative,2,0.0,Worst,I1_672,523
Zipfian,relative,2,0.7133333333333334,Average,I1_672,523
Zipfian,relative,3,0.0,Worst,I1_672,523
Zipfian,relative,3,0.8333333333333334,Average,I1_672,523
Zipfian,relative,4,0.006666666666666667,Worst,I1_672,523
Zipfian,relative,4,0.8466666666666667,Average,I1_672,523
Zipfian,relative,5,0.013333333333333334,Worst,I1_672,523
Zipfian,relative,5,0.8866666666666667,Average,I1_672,523
Zipfian,relative,6,0.006666666666666667,Worst,I1_672,523
Zipfian,relative,6,0.84,Average,I1_672,523
Zipfian,relative,7,0.02666666666666667,Worst,I1_672,523
Zipfian,relative,7,0.5,Average,I1_672,523
Zipfian,relative,8,0.006666666666666667,Worst,I1_672,523
Zipfian,relative,8,0.8133333333333334,Average,I1_672,523
Zipfian,relative,9,0.02666666666666667,Worst,I1_672,523
Zipfian,relative,9,0.9333333333333333,Average,I1_672,523
Zipfian,relative,10,0.02,Worst,I1_672,523
Zipfian,relative,10,0.96,Average,I1_672,523
Zipfian,relative,11,0.03333333333333333,Worst,I1_672,523
Zipfian,relative,11,0.9333333333333333,Average,I1_672,523
Zipfian,relative,12,0.03333333333333333,Worst,I1_672,523
Zipfian,relative,12,0.88,Average,I1_672,523
Zipfian,relative,13,0.08,Worst,I1_672,523
Zipfian,relative,13,0.94,Average,I1_672,523
Zipfian,relative,14,0.04666666666666667,Worst,I1_672,523
Zipfian,relative,14,0.76,Average,I1_672,523
Zipfian,relative,15,0.03333333333333333,Worst,I1_672,523
Zipfian,relative,15,0.96,Average,I1_672,523
Zipfian,relative,16,0.07333333333333333,Worst,I1_672,523
Zipfian,relative,16,0.9733333333333334,Average,I1_672,523
Zipfian,relative,17,0.05333333333333334,Worst,I1_672,523
Zipfian,relative,17,0.9733333333333334,Average,I1_672,523
Zipfian,relative,18,0.08,Worst,I1_672,523
Zipfian,relative,18,0.76,Average,I1_672,523
Zipfian,relative,19,0.02666666666666667,Worst,I1_672,523
Zipfian,relative,19,0.9533333333333334,Average,I1_672,523
Zipfian,relative,20,0.04666666666666667,Worst,I1_672,523
Zipfian,relative,20,0.9733333333333334,Average,I1_672,523
Zipfian,relative,21,0.06,Worst,I1_672,523
Zipfian,relative,21,0.9666666666666667,Average,I1_672,523
Zipfian,relative,22,0.11333333333333333,Worst,I1_672,523
Zipfian,relative,22,0.9733333333333334,Average,I1_672,523
Zipfian,relative,23,0.06,Worst,I1_672,523
Zipfian,relative,23,0.9533333333333334,Average,I1_672,523
Zipfian,relative,24,0.10666666666666667,Worst,I1_672,523
Zipfian,relative,24,0.9733333333333334,Average,I1_672,523
Zipfian,relative,25,0.12,Worst,I1_672,523
Zipfian,relative,25,0.96,Average,I1_672,523
Zipfian,relative,26,0.15333333333333332,Worst,I1_672,523
Zipfian,relative,26,0.9666666666666667,Average,I1_672,523
Zipfian,relative,27,0.08,Worst,I1_672,523
Zipfian,relative,27,0.96,Average,I1_672,523
Zipfian,relative,28,0.1,Worst,I1_672,523
Zipfian,relative,28,0.9933333333333333,Average,I1_672,523
Zipfian,relative,29,0.07333333333333333,Worst,I1_672,523
Zipfian,relative,29,0.9733333333333334,Average,I1_672,523
Zipfian,relative,30,0.10666666666666667,Worst,I1_672,523
Zipfian,relative,30,0.98,Average,I1_672,523
Zipfian,relative,1,0.0,Worst,I1_753,523
Zipfian,relative,1,0.4533333333333333,Average,I1_753,523
Zipfian,relative,2,0.0,Worst,I1_753,523
Zipfian,relative,2,0.7933333333333333,Average,I1_753,523
Zipfian,relative,3,0.0,Worst,I1_753,523
Zipfian,relative,3,0.6933333333333334,Average,I1_753,523
Zipfian,relative,4,0.006666666666666667,Worst,I1_753,523
Zipfian,relative,4,0.8066666666666666,Average,I1_753,523
Zipfian,relative,5,0.0,Worst,I1_753,523
Zipfian,relative,5,0.8733333333333333,Average,I1_753,523
Zipfian,relative,6,0.0,Worst,I1_753,523
Zipfian,relative,6,0.9,Average,I1_753,523
Zipfian,relative,7,0.02666666666666667,Worst,I1_753,523
Zipfian,relative,7,0.8866666666666667,Average,I1_753,523
Zipfian,relative,8,0.02666666666666667,Worst,I1_753,523
Zipfian,relative,8,0.9266666666666666,Average,I1_753,523
Zipfian,relative,9,0.02,Worst,I1_753,523
Zipfian,relative,9,0.7733333333333333,Average,I1_753,523
Zipfian,relative,10,0.02,Worst,I1_753,523
Zipfian,relative,10,0.26,Average,I1_753,523
Zipfian,relative,11,0.05333333333333334,Worst,I1_753,523
Zipfian,relative,11,0.94,Average,I1_753,523
Zipfian,relative,12,0.02666666666666667,Worst,I1_753,523
Zipfian,relative,12,0.9466666666666667,Average,I1_753,523
Zipfian,relative,13,0.006666666666666667,Worst,I1_753,523
Zipfian,relative,13,0.9866666666666667,Average,I1_753,523
Zipfian,relative,14,0.02,Worst,I1_753,523
Zipfian,relative,14,0.9466666666666667,Average,I1_753,523
Zipfian,relative,15,0.04666666666666667,Worst,I1_753,523
Zipfian,relative,15,0.96,Average,I1_753,523
Zipfian,relative,16,0.02666666666666667,Worst,I1_753,523
Zipfian,relative,16,0.98,Average,I1_753,523
Zipfian,relative,17,0.05333333333333334,Worst,I1_753,523
Zipfian,relative,17,0.96,Average,I1_753,523
Zipfian,relative,18,0.06666666666666667,Worst,I1_753,523
Zipfian,relative,18,0.9866666666666667,Average,I1_753,523
Zipfian,relative,19,0.09333333333333334,Worst,I1_753,523
Zipfian,relative,19,0.9733333333333334,Average,I1_753,523
Zipfian,relative,20,0.08666666666666667,Worst,I1_753,523
Zipfian,relative,20,0.98,Average,I1_753,523
Zipfian,relative,21,0.08,Worst,I1_753,523
Zipfian,relative,21,0.92,Average,I1_753,523
Zipfian,relative,22,0.1,Worst,I1_753,523
Zipfian,relative,22,0.9133333333333333,Average,I1_753,523
Zipfian,relative,23,0.08666666666666667,Worst,I1_753,523
Zipfian,relative,23,0.8466666666666667,Average,I1_753,523
Zipfian,relative,24,0.09333333333333334,Worst,I1_753,523
Zipfian,relative,24,0.98,Average,I1_753,523
Zipfian,relative,25,0.08666666666666667,Worst,I1_753,523
Zipfian,relative,25,0.9533333333333334,Average,I1_753,523
Zipfian,relative,26,0.11333333333333333,Worst,I1_753,523
Zipfian,relative,26,0.9933333333333333,Average,I1_753,523
Zipfian,relative,27,0.10666666666666667,Worst,I1_753,523
Zipfian,relative,27,0.8866666666666667,Average,I1_753,523
Zipfian,relative,28,0.08666666666666667,Worst,I1_753,523
Zipfian,relative,28,0.9866666666666667,Average,I1_753,523
Zipfian,relative,29,0.1,Worst,I1_753,523
Zipfian,relative,29,0.98,Average,I1_753,523
Zipfian,relative,30,0.14,Worst,I1_753,523
Zipfian,relative,30,0.9933333333333333,Average,I1_753,523
Zipfian,relative,1,0.0,Worst,I5_1323,510
Zipfian,relative,1,0.5333333333333333,Average,I5_1323,510
Zipfian,relative,2,0.0,Worst,I5_1323,510
Zipfian,relative,2,0.5466666666666666,Average,I5_1323,510
Zipfian,relative,3,0.006666666666666667,Worst,I5_1323,510
Zipfian,relative,3,0.8333333333333334,Average,I5_1323,510
Zipfian,relative,4,0.006666666666666667,Worst,I5_1323,510
Zipfian,relative,4,0.8866666666666667,Average,I5_1323,510
Zipfian,relative,5,0.006666666666666667,Worst,I5_1323,510
Zipfian,relative,5,0.26666666666666666,Average,I5_1323,510
Zipfian,relative,6,0.006666666666666667,Worst,I5_1323,510
Zipfian,relative,6,0.9,Average,I5_1323,510
Zipfian,relative,7,0.006666666666666667,Worst,I5_1323,510
Zipfian,relative,7,0.9333333333333333,Average,I5_1323,510
Zipfian,relative,8,0.006666666666666667,Worst,I5_1323,510
Zipfian,relative,8,0.92,Average,I5_1323,510
Zipfian,relative,9,0.006666666666666667,Worst,I5_1323,510
Zipfian,relative,9,0.9266666666666666,Average,I5_1323,510
Zipfian,relative,10,0.02666666666666667,Worst,I5_1323,510
Zipfian,relative,10,0.9066666666666666,Average,I5_1323,510
Zipfian,relative,11,0.02,Worst,I5_1323,510
Zipfian,relative,11,0.92,Average,I5_1323,510
Zipfian,relative,12,0.05333333333333334,Worst,I5_1323,510
Zipfian,relative,12,0.94,Average,I5_1323,510
Zipfian,relative,13,0.04,Worst,I5_1323,510
Zipfian,relative,13,0.9133333333333333,Average,I5_1323,510
Zipfian,relative,14,0.04,Worst,I5_1323,510
Zipfian,relative,14,0.9533333333333334,Average,I5_1323,510
Zipfian,relative,15,0.05333333333333334,Worst,I5_1323,510
Zipfian,relative,15,0.96,Average,I5_1323,510
Zipfian,relative,16,0.05333333333333334,Worst,I5_1323,510
Zipfian,relative,16,0.96,Average,I5_1323,510
Zipfian,relative,17,0.07333333333333333,Worst,I5_1323,510
Zipfian,relative,17,0.9333333333333333,Average,I5_1323,510
Zipfian,relative,18,0.08,Worst,I5_1323,510
Zipfian,relative,18,0.9266666666666666,Average,I5_1323,510
Zipfian,relative,19,0.07333333333333333,Worst,I5_1323,510
Zipfian,relative,19,0.94,Average,I5_1323,510
Zipfian,relative,20,0.11333333333333333,Worst,I5_1323,510
Zipfian,relative,20,0.8933333333333333,Average,I5_1323,510
Zipfian,relative,21,0.06666666666666667,Worst,I5_1323,510
Zipfian,relative,21,0.94,Average,I5_1323,510
Zipfian,relative,22,0.04666666666666667,Worst,I5_1323,510
Zipfian,relative,22,0.92,Average,I5_1323,510
Zipfian,relative,23,0.05333333333333334,Worst,I5_1323,510
Zipfian,relative,23,0.8066666666666666,Average,I5_1323,510
Zipfian,relative,24,0.08666666666666667,Worst,I5_1323,510
Zipfian,relative,24,0.98,Average,I5_1323,510
Zipfian,relative,25,0.12,Worst,I5_1323,510
Zipfian,relative,25,0.96,Average,I5_1323,510
Zipfian,relative,26,0.10666666666666667,Worst,I5_1323,510
Zipfian,relative,26,0.9733333333333334,Average,I5_1323,510
Zipfian,relative,27,0.1,Worst,I5_1323,510
Zipfian,relative,27,0.92,Average,I5_1323,510
Zipfian,relative,28,0.12666666666666668,Worst,I5_1323,510
Zipfian,relative,28,0.9866666666666667,Average,I5_1323,510
Zipfian,relative,29,0.06666666666666667,Worst,I5_1323,510
Zipfian,relative,29,0.9733333333333334,Average,I5_1323,510
Zipfian,relative,30,0.10666666666666667,Worst,I5_1323,510
Zipfian,relative,30,0.9666666666666667,Average,I5_1323,510
Zipfian,relative,1,0.0,Worst,I5_24,510
Zipfian,relative,1,0.43333333333333335,Average,I5_24,510
Zipfian,relative,2,0.0,Worst,I5_24,510
Zipfian,relative,2,0.6933333333333334,Average,I5_24,510
Zipfian,relative,3,0.0,Worst,I5_24,510
Zipfian,relative,3,0.8533333333333334,Average,I5_24,510
Zipfian,relative,4,0.0,Worst,I5_24,510
Zipfian,relative,4,0.88,Average,I5_24,510
Zipfian,relative,5,0.02,Worst,I5_24,510
Zipfian,relative,5,0.8933333333333333,Average,I5_24,510
Zipfian,relative,6,0.013333333333333334,Worst,I5_24,510
Zipfian,relative,6,0.82,Average,I5_24,510
Zipfian,relative,7,0.0,Worst,I5_24,510
Zipfian,relative,7,0.8333333333333334,Average,I5_24,510
Zipfian,relative,8,0.006666666666666667,Worst,I5_24,510
Zipfian,relative,8,0.98,Average,I5_24,510
Zipfian,relative,9,0.013333333333333334,Worst,I5_24,510
Zipfian,relative,9,0.8866666666666667,Average,I5_24,510
Zipfian,relative,10,0.013333333333333334,Worst,I5_24,510
Zipfian,relative,10,0.9133333333333333,Average,I5_24,510
Zipfian,relative,11,0.013333333333333334,Worst,I5_24,510
Zipfian,relative,11,0.92,Average,I5_24,510
Zipfian,relative,12,0.04666666666666667,Worst,I5_24,510
Zipfian,relative,12,0.5733333333333334,Average,I5_24,510
Zipfian,relative,13,0.04666666666666667,Worst,I5_24,510
Zipfian,relative,13,0.9066666666666666,Average,I5_24,510
Zipfian,relative,14,0.05333333333333334,Worst,I5_24,510
Zipfian,relative,14,0.9466666666666667,Average,I5_24,510
Zipfian,relative,15,0.03333333333333333,Worst,I5_24,510
Zipfian,relative,15,0.9666666666666667,Average,I5_24,510
Zipfian,relative,16,0.04,Worst,I5_24,510
Zipfian,relative,16,0.88,Average,I5_24,510
Zipfian,relative,17,0.08666666666666667,Worst,I5_24,510
Zipfian,relative,17,0.96,Average,I5_24,510
Zipfian,relative,18,0.07333333333333333,Worst,I5_24,510
Zipfian,relative,18,0.96,Average,I5_24,510
Zipfian,relative,19,0.04,Worst,I5_24,510
Zipfian,relative,19,0.9133333333333333,Average,I5_24,510
Zipfian,relative,20,0.08,Worst,I5_24,510
Zipfian,relative,20,0.9866666666666667,Average,I5_24,510
Zipfian,relative,21,0.12,Worst,I5_24,510
Zipfian,relative,21,0.9733333333333334,Average,I5_24,510
Zipfian,relative,22,0.07333333333333333,Worst,I5_24,510
Zipfian,relative,22,0.96,Average,I5_24,510
Zipfian,relative,23,0.10666666666666667,Worst,I5_24,510
Zipfian,relative,23,0.9866666666666667,Average,I5_24,510
Zipfian,relative,24,0.12,Worst,I5_24,510
Zipfian,relative,24,0.9733333333333334,Average,I5_24,510
Zipfian,relative,25,0.1,Worst,I5_24,510
Zipfian,relative,25,0.86,Average,I5_24,510
Zipfian,relative,26,0.08666666666666667,Worst,I5_24,510
Zipfian,relative,26,0.9466666666666667,Average,I5_24,510
Zipfian,relative,27,0.07333333333333333,Worst,I5_24,510
Zipfian,relative,27,0.9733333333333334,Average,I5_24,510
Zipfian,relative,28,0.14,Worst,I5_24,510
Zipfian,relative,28,0.9866666666666667,Average,I5_24,510
Zipfian,relative,29,0.08666666666666667,Worst,I5_24,510
Zipfian,relative,29,0.98,Average,I5_24,510
Zipfian,relative,30,0.11333333333333333,Worst,I5_24,510
Zipfian,relative,30,0.9666666666666667,Average,I5_24,510
Zipfian,relative,1,0.0,Worst,I2_225,526
Zipfian,relative,1,0.5,Average,I2_225,526
Zipfian,relative,2,0.0,Worst,I2_225,526
Zipfian,relative,2,0.78,Average,I2_225,526
Zipfian,relative,3,0.0,Worst,I2_225,526
Zipfian,relative,3,0.44666666666666666,Average,I2_225,526
Zipfian,relative,4,0.0,Worst,I2_225,526
Zipfian,relative,4,0.8133333333333334,Average,I2_225,526
Zipfian,relative,5,0.0,Worst,I2_225,526
Zipfian,relative,5,0.7933333333333333,Average,I2_225,526
Zipfian,relative,6,0.006666666666666667,Worst,I2_225,526
Zipfian,relative,6,0.8933333333333333,Average,I2_225,526
Zipfian,relative,7,0.013333333333333334,Worst,I2_225,526
Zipfian,relative,7,0.88,Average,I2_225,526
Zipfian,relative,8,0.04666666666666667,Worst,I2_225,526
Zipfian,relative,8,0.8533333333333334,Average,I2_225,526
Zipfian,relative,9,0.03333333333333333,Worst,I2_225,526
Zipfian,relative,9,0.8866666666666667,Average,I2_225,526
Zipfian,relative,10,0.02666666666666667,Worst,I2_225,526
Zipfian,relative,10,0.9333333333333333,Average,I2_225,526
Zipfian,relative,11,0.04,Worst,I2_225,526
Zipfian,relative,11,0.9,Average,I2_225,526
Zipfian,relative,12,0.05333333333333334,Worst,I2_225,526
Zipfian,relative,12,0.9533333333333334,Average,I2_225,526
Zipfian,relative,13,0.02,Worst,I2_225,526
Zipfian,relative,13,0.96,Average,I2_225,526
Zipfian,relative,14,0.03333333333333333,Worst,I2_225,526
Zipfian,relative,14,0.94,Average,I2_225,526
Zipfian,relative,15,0.04,Worst,I2_225,526
Zipfian,relative,15,0.9466666666666667,Average,I2_225,526
Zipfian,relative,16,0.06666666666666667,Worst,I2_225,526
Zipfian,relative,16,0.9466666666666667,Average,I2_225,526
Zipfian,relative,17,0.05333333333333334,Worst,I2_225,526
Zipfian,relative,17,0.96,Average,I2_225,526
Zipfian,relative,18,0.08666666666666667,Worst,I2_225,526
Zipfian,relative,18,0.96,Average,I2_225,526
Zipfian,relative,19,0.04,Worst,I2_225,526
Zipfian,relative,19,0.9866666666666667,Average,I2_225,526
Zipfian,relative,20,0.08,Worst,I2_225,526
Zipfian,relative,20,0.9733333333333334,Average,I2_225,526
Zipfian,relative,21,0.06666666666666667,Worst,I2_225,526
Zipfian,relative,21,0.9466666666666667,Average,I2_225,526
Zipfian,relative,22,0.1,Worst,I2_225,526
Zipfian,relative,22,0.9133333333333333,Average,I2_225,526
Zipfian,relative,23,0.10666666666666667,Worst,I2_225,526
Zipfian,relative,23,0.9866666666666667,Average,I2_225,526
Zipfian,relative,24,0.12,Worst,I2_225,526
Zipfian,relative,24,0.9866666666666667,Average,I2_225,526
Zipfian,relative,25,0.12,Worst,I2_225,526
Zipfian,relative,25,0.98,Average,I2_225,526
Zipfian,relative,26,0.07333333333333333,Worst,I2_225,526
Zipfian,relative,26,0.9733333333333334,Average,I2_225,526
Zipfian,relative,27,0.12,Worst,I2_225,526
Zipfian,relative,27,0.9266666666666666,Average,I2_225,526
Zipfian,relative,28,0.15333333333333332,Worst,I2_225,526
Zipfian,relative,28,0.9666666666666667,Average,I2_225,526
Zipfian,relative,29,0.16666666666666666,Worst,I2_225,526
Zipfian,relative,29,0.9666666666666667,Average,I2_225,526
Zipfian,relative,30,0.12666666666666668,Worst,I2_225,526
Zipfian,relative,30,0.9666666666666667,Average,I2_225,526
Zipfian,relative,1,0.0,Worst,I3_1308,516
Zipfian,relative,1,0.4866666666666667,Average,I3_1308,516
Zipfian,relative,2,0.0,Worst,I3_1308,516
Zipfian,relative,2,0.7666666666666667,Average,I3_1308,516
Zipfian,relative,3,0.0,Worst,I3_1308,516
Zipfian,relative,3,0.82,Average,I3_1308,516
Zipfian,relative,4,0.0,Worst,I3_1308,516
Zipfian,relative,4,0.8,Average,I3_1308,516
Zipfian,relative,5,0.013333333333333334,Worst,I3_1308,516
Zipfian,relative,5,0.9066666666666666,Average,I3_1308,516
Zipfian,relative,6,0.006666666666666667,Worst,I3_1308,516
Zipfian,relative,6,0.86,Average,I3_1308,516
Zipfian,relative,7,0.013333333333333334,Worst,I3_1308,516
Zipfian,relative,7,0.9266666666666666,Average,I3_1308,516
Zipfian,relative,8,0.03333333333333333,Worst,I3_1308,516
Zipfian,relative,8,0.9066666666666666,Average,I3_1308,516
Zipfian,relative,9,0.006666666666666667,Worst,I3_1308,516
Zipfian,relative,9,0.94,Average,I3_1308,516
Zipfian,relative,10,0.02,Worst,I3_1308,516
Zipfian,relative,10,0.84,Average,I3_1308,516
Zipfian,relative,11,0.02666666666666667,Worst,I3_1308,516
Zipfian,relative,11,0.9,Average,I3_1308,516
Zipfian,relative,12,0.02666666666666667,Worst,I3_1308,516
Zipfian,relative,12,0.9133333333333333,Average,I3_1308,516
Zipfian,relative,13,0.05333333333333334,Worst,I3_1308,516
Zipfian,relative,13,0.94,Average,I3_1308,516
Zipfian,relative,14,0.06666666666666667,Worst,I3_1308,516
Zipfian,relative,14,0.9466666666666667,Average,I3_1308,516
Zipfian,relative,15,0.07333333333333333,Worst,I3_1308,516
Zipfian,relative,15,0.9666666666666667,Average,I3_1308,516
Zipfian,relative,16,0.04666666666666667,Worst,I3_1308,516
Zipfian,relative,16,0.9666666666666667,Average,I3_1308,516
Zipfian,relative,17,0.08,Worst,I3_1308,516
Zipfian,relative,17,0.9666666666666667,Average,I3_1308,516
Zipfian,relative,18,0.05333333333333334,Worst,I3_1308,516
Zipfian,relative,18,0.9866666666666667,Average,I3_1308,516
Zipfian,relative,19,0.06666666666666667,Worst,I3_1308,516
Zipfian,relative,19,0.9933333333333333,Average,I3_1308,516
Zipfian,relative,20,0.10666666666666667,Worst,I3_1308,516
Zipfian,relative,20,0.96,Average,I3_1308,516
Zipfian,relative,21,0.1,Worst,I3_1308,516
Zipfian,relative,21,0.9533333333333334,Average,I3_1308,516
Zipfian,relative,22,0.08666666666666667,Worst,I3_1308,516
Zipfian,relative,22,0.98,Average,I3_1308,516
Zipfian,relative,23,0.06,Worst,I3_1308,516
Zipfian,relative,23,0.9333333333333333,Average,I3_1308,516
Zipfian,relative,24,0.11333333333333333,Worst,I3_1308,516
Zipfian,relative,24,0.94,Average,I3_1308,516
Zipfian,relative,25,0.08,Worst,I3_1308,516
Zipfian,relative,25,0.9666666666666667,Average,I3_1308,516
Zipfian,relative,26,0.1,Worst,I3_1308,516
Zipfian,relative,26,0.94,Average,I3_1308,516
Zipfian,relative,27,0.1,Worst,I3_1308,516
Zipfian,relative,27,0.9733333333333334,Average,I3_1308,516
Zipfian,relative,28,0.09333333333333334,Worst,I3_1308,516
Zipfian,relative,28,0.9866666666666667,Average,I3_1308,516
Zipfian,relative,29,0.11333333333333333,Worst,I3_1308,516
Zipfian,relative,29,0.96,Average,I3_1308,516
Zipfian,relative,30,0.15333333333333332,Worst,I3_1308,516
Zipfian,relative,30,0.9733333333333334,Average,I3_1308,516
Zipfian,relative,1,0.0,Worst,I2_1311,526
Zipfian,relative,1,0.47333333333333333,Average,I2_1311,526
Zipfian,relative,2,0.0,Worst,I2_1311,526
Zipfian,relative,2,0.28,Average,I2_1311,526
Zipfian,relative,3,0.0,Worst,I2_1311,526
Zipfian,relative,3,0.7933333333333333,Average,I2_1311,526
Zipfian,relative,4,0.006666666666666667,Worst,I2_1311,526
Zipfian,relative,4,0.8533333333333334,Average,I2_1311,526
Zipfian,relative,5,0.0,Worst,I2_1311,526
Zipfian,relative,5,0.8666666666666667,Average,I2_1311,526
Zipfian,relative,6,0.0,Worst,I2_1311,526
Zipfian,relative,6,0.7466666666666667,Average,I2_1311,526
Zipfian,relative,7,0.02,Worst,I2_1311,526
Zipfian,relative,7,0.76,Average,I2_1311,526
Zipfian,relative,8,0.006666666666666667,Worst,I2_1311,526
Zipfian,relative,8,0.9466666666666667,Average,I2_1311,526
Zipfian,relative,9,0.0,Worst,I2_1311,526
Zipfian,relative,9,0.9133333333333333,Average,I2_1311,526
Zipfian,relative,10,0.006666666666666667,Worst,I2_1311,526
Zipfian,relative,10,0.9,Average,I2_1311,526
Zipfian,relative,11,0.013333333333333334,Worst,I2_1311,526
Zipfian,relative,11,0.88,Average,I2_1311,526
Zipfian,relative,12,0.04,Worst,I2_1311,526
Zipfian,relative,12,0.94,Average,I2_1311,526
Zipfian,relative,13,0.07333333333333333,Worst,I2_1311,526
Zipfian,relative,13,0.9333333333333333,Average,I2_1311,526
Zipfian,relative,14,0.03333333333333333,Worst,I2_1311,526
Zipfian,relative,14,0.74,Average,I2_1311,526
Zipfian,relative,15,0.013333333333333334,Worst,I2_1311,526
Zipfian,relative,15,0.9533333333333334,Average,I2_1311,526
Zipfian,relative,16,0.03333333333333333,Worst,I2_1311,526
Zipfian,relative,16,0.9733333333333334,Average,I2_1311,526
Zipfian,relative,17,0.06666666666666667,Worst,I2_1311,526
Zipfian,relative,17,0.96,Average,I2_1311,526
Zipfian,relative,18,0.04666666666666667,Worst,I2_1311,526
Zipfian,relative,18,0.9866666666666667,Average,I2_1311,526
Zipfian,relative,19,0.08,Worst,I2_1311,526
Zipfian,relative,19,1.0,Average,I2_1311,526
Zipfian,relative,20,0.09333333333333334,Worst,I2_1311,526
Zipfian,relative,20,0.9866666666666667,Average,I2_1311,526
Zipfian,relative,21,0.14666666666666667,Worst,I2_1311,526
Zipfian,relative,21,0.98,Average,I2_1311,526
Zipfian,relative,22,0.1,Worst,I2_1311,526
Zipfian,relative,22,0.96,Average,I2_1311,526
Zipfian,relative,23,0.08,Worst,I2_1311,526
Zipfian,relative,23,0.96,Average,I2_1311,526
Zipfian,relative,24,0.12,Worst,I2_1311,526
Zipfian,relative,24,0.9733333333333334,Average,I2_1311,526
Zipfian,relative,25,0.08,Worst,I2_1311,526
Zipfian,relative,25,0.96,Average,I2_1311,526
Zipfian,relative,26,0.12666666666666668,Worst,I2_1311,526
Zipfian,relative,26,0.96,Average,I2_1311,526
Zipfian,relative,27,0.06666666666666667,Worst,I2_1311,526
Zipfian,relative,27,0.9866666666666667,Average,I2_1311,526
Zipfian,relative,28,0.12,Worst,I2_1311,526
Zipfian,relative,28,0.96,Average,I2_1311,526
Zipfian,relative,29,0.14,Worst,I2_1311,526
Zipfian,relative,29,0.9666666666666667,Average,I2_1311,526
Zipfian,relative,30,0.11333333333333333,Worst,I2_1311,526
Zipfian,relative,30,0.9733333333333334,Average,I2_1311,526
Zipfian,relative,1,0.0,Worst,I5_828,510
Zipfian,relative,1,0.44,Average,I5_828,510
Zipfian,relative,2,0.0,Worst,I5_828,510
Zipfian,relative,2,0.36,Average,I5_828,510
Zipfian,relative,3,0.0,Worst,I5_828,510
Zipfian,relative,3,0.8133333333333334,Average,I5_828,510
Zipfian,relative,4,0.0,Worst,I5_828,510
Zipfian,relative,4,0.8133333333333334,Average,I5_828,510
Zipfian,relative,5,0.006666666666666667,Worst,I5_828,510
Zipfian,relative,5,0.8533333333333334,Average,I5_828,510
Zipfian,relative,6,0.013333333333333334,Worst,I5_828,510
Zipfian,relative,6,0.8266666666666667,Average,I5_828,510
Zipfian,relative,7,0.02,Worst,I5_828,510
Zipfian,relative,7,0.9133333333333333,Average,I5_828,510
Zipfian,relative,8,0.006666666666666667,Worst,I5_828,510
Zipfian,relative,8,0.96,Average,I5_828,510
Zipfian,relative,9,0.013333333333333334,Worst,I5_828,510
Zipfian,relative,9,0.9733333333333334,Average,I5_828,510
Zipfian,relative,10,0.02,Worst,I5_828,510
Zipfian,relative,10,0.8933333333333333,Average,I5_828,510
Zipfian,relative,11,0.02,Worst,I5_828,510
Zipfian,relative,11,0.96,Average,I5_828,510
Zipfian,relative,12,0.06666666666666667,Worst,I5_828,510
Zipfian,relative,12,0.9266666666666666,Average,I5_828,510
Zipfian,relative,13,0.02666666666666667,Worst,I5_828,510
Zipfian,relative,13,0.9266666666666666,Average,I5_828,510
Zipfian,relative,14,0.08,Worst,I5_828,510
Zipfian,relative,14,0.9666666666666667,Average,I5_828,510
Zipfian,relative,15,0.06666666666666667,Worst,I5_828,510
Zipfian,relative,15,0.9333333333333333,Average,I5_828,510
Zipfian,relative,16,0.11333333333333333,Worst,I5_828,510
Zipfian,relative,16,0.9666666666666667,Average,I5_828,510
Zipfian,relative,17,0.05333333333333334,Worst,I5_828,510
Zipfian,relative,17,0.9533333333333334,Average,I5_828,510
Zipfian,relative,18,0.12,Worst,I5_828,510
Zipfian,relative,18,0.9733333333333334,Average,I5_828,510
Zipfian,relative,19,0.06666666666666667,Worst,I5_828,510
Zipfian,relative,19,0.9866666666666667,Average,I5_828,510
Zipfian,relative,20,0.06666666666666667,Worst,I5_828,510
Zipfian,relative,20,0.9866666666666667,Average,I5_828,510
Zipfian,relative,21,0.11333333333333333,Worst,I5_828,510
Zipfian,relative,21,0.9533333333333334,Average,I5_828,510
Zipfian,relative,22,0.06666666666666667,Worst,I5_828,510
Zipfian,relative,22,0.96,Average,I5_828,510
Zipfian,relative,23,0.1,Worst,I5_828,510
Zipfian,relative,23,0.98,Average,I5_828,510
Zipfian,relative,24,0.08666666666666667,Worst,I5_828,510
Zipfian,relative,24,0.84,Average,I5_828,510
Zipfian,relative,25,0.1,Worst,I5_828,510
Zipfian,relative,25,0.9666666666666667,Average,I5_828,510
Zipfian,relative,26,0.10666666666666667,Worst,I5_828,510
Zipfian,relative,26,0.98,Average,I5_828,510
Zipfian,relative,27,0.06666666666666667,Worst,I5_828,510
Zipfian,relative,27,0.9666666666666667,Average,I5_828,510
Zipfian,relative,28,0.09333333333333334,Worst,I5_828,510
Zipfian,relative,28,0.9266666666666666,Average,I5_828,510
Zipfian,relative,29,0.12666666666666668,Worst,I5_828,510
Zipfian,relative,29,0.9466666666666667,Average,I5_828,510
Zipfian,relative,30,0.08666666666666667,Worst,I5_828,510
Zipfian,relative,30,0.98,Average,I5_828,510
Zipfian,relative,1,0.0,Worst,I2_1023,526
Zipfian,relative,1,0.5133333333333333,Average,I2_1023,526
Zipfian,relative,2,0.0,Worst,I2_1023,526
Zipfian,relative,2,0.72,Average,I2_1023,526
Zipfian,relative,3,0.0,Worst,I2_1023,526
Zipfian,relative,3,0.8133333333333334,Average,I2_1023,526
Zipfian,relative,4,0.0,Worst,I2_1023,526
Zipfian,relative,4,0.82,Average,I2_1023,526
Zipfian,relative,5,0.02,Worst,I2_1023,526
Zipfian,relative,5,0.88,Average,I2_1023,526
Zipfian,relative,6,0.0,Worst,I2_1023,526
Zipfian,relative,6,0.7866666666666666,Average,I2_1023,526
Zipfian,relative,7,0.006666666666666667,Worst,I2_1023,526
Zipfian,relative,7,0.8133333333333334,Average,I2_1023,526
Zipfian,relative,8,0.006666666666666667,Worst,I2_1023,526
Zipfian,relative,8,0.7,Average,I2_1023,526
Zipfian,relative,9,0.05333333333333334,Worst,I2_1023,526
Zipfian,relative,9,0.96,Average,I2_1023,526
Zipfian,relative,10,0.03333333333333333,Worst,I2_1023,526
Zipfian,relative,10,0.9333333333333333,Average,I2_1023,526
Zipfian,relative,11,0.02,Worst,I2_1023,526
Zipfian,relative,11,0.96,Average,I2_1023,526
Zipfian,relative,12,0.02,Worst,I2_1023,526
Zipfian,relative,12,0.9066666666666666,Average,I2_1023,526
Zipfian,relative,13,0.04666666666666667,Worst,I2_1023,526
Zipfian,relative,13,0.9466666666666667,Average,I2_1023,526
Zipfian,relative,14,0.04666666666666667,Worst,I2_1023,526
Zipfian,relative,14,0.94,Average,I2_1023,526
Zipfian,relative,15,0.07333333333333333,Worst,I2_1023,526
Zipfian,relative,15,0.9866666666666667,Average,I2_1023,526
Zipfian,relative,16,0.07333333333333333,Worst,I2_1023,526
Zipfian,relative,16,0.9733333333333334,Average,I2_1023,526
Zipfian,relative,17,0.04,Worst,I2_1023,526
Zipfian,relative,17,0.9533333333333334,Average,I2_1023,526
Zipfian,relative,18,0.05333333333333334,Worst,I2_1023,526
Zipfian,relative,18,0.9533333333333334,Average,I2_1023,526
Zipfian,relative,19,0.06,Worst,I2_1023,526
Zipfian,relative,19,0.9933333333333333,Average,I2_1023,526
Zipfian,relative,20,0.05333333333333334,Worst,I2_1023,526
Zipfian,relative,20,0.9733333333333334,Average,I2_1023,526
Zipfian,relative,21,0.12,Worst,I2_1023,526
Zipfian,relative,21,0.92,Average,I2_1023,526
Zipfian,relative,22,0.1,Worst,I2_1023,526
Zipfian,relative,22,0.88,Average,I2_1023,526
Zipfian,relative,23,0.08666666666666667,Worst,I2_1023,526
Zipfian,relative,23,0.9133333333333333,Average,I2_1023,526
Zipfian,relative,24,0.11333333333333333,Worst,I2_1023,526
Zipfian,relative,24,0.9866666666666667,Average,I2_1023,526
Zipfian,relative,25,0.08666666666666667,Worst,I2_1023,526
Zipfian,relative,25,0.94,Average,I2_1023,526
Zipfian,relative,26,0.15333333333333332,Worst,I2_1023,526
Zipfian,relative,26,0.9866666666666667,Average,I2_1023,526
Zipfian,relative,27,0.09333333333333334,Worst,I2_1023,526
Zipfian,relative,27,0.98,Average,I2_1023,526
Zipfian,relative,28,0.08,Worst,I2_1023,526
Zipfian,relative,28,1.0,Average,I2_1023,526
Zipfian,relative,29,0.07333333333333333,Worst,I2_1023,526
Zipfian,relative,29,0.98,Average,I2_1023,526
Zipfian,relative,30,0.11333333333333333,Worst,I2_1023,526
Zipfian,relative,30,0.9733333333333334,Average,I2_1023,526
Normal,relative,1,0.21333333333333335,Worst,I1_1422,523
Normal,relative,1,0.72,Average,I1_1422,523
Normal,relative,2,0.47333333333333333,Worst,I1_1422,523
Normal,relative,2,0.8666666666666667,Average,I1_1422,523
Normal,relative,3,0.5733333333333334,Worst,I1_1422,523
Normal,relative,3,0.52,Average,I1_1422,523
Normal,relative,4,0.6733333333333333,Worst,I1_1422,523
Normal,relative,4,0.7,Average,I1_1422,523
Normal,relative,5,0.74,Worst,I1_1422,523
Normal,relative,5,0.7266666666666667,Average,I1_1422,523
Normal,relative,6,0.7866666666666666,Worst,I1_1422,523
Normal,relative,6,0.9466666666666667,Average,I1_1422,523
Normal,relative,7,0.82,Worst,I1_1422,523
Normal,relative,7,0.8133333333333334,Average,I1_1422,523
Normal,relative,8,0.8,Worst,I1_1422,523
Normal,relative,8,0.8733333333333333,Average,I1_1422,523
Normal,relative,9,0.84,Worst,I1_1422,523
Normal,relative,9,0.9333333333333333,Average,I1_1422,523
Normal,relative,10,0.8333333333333334,Worst,I1_1422,523
Normal,relative,10,0.9333333333333333,Average,I1_1422,523
Normal,relative,11,0.8866666666666667,Worst,I1_1422,523
Normal,relative,11,0.9733333333333334,Average,I1_1422,523
Normal,relative,12,0.9066666666666666,Worst,I1_1422,523
Normal,relative,12,0.9,Average,I1_1422,523
Normal,relative,13,0.86,Worst,I1_1422,523
Normal,relative,13,0.8933333333333333,Average,I1_1422,523
Normal,relative,14,0.9133333333333333,Worst,I1_1422,523
Normal,relative,14,0.96,Average,I1_1422,523
Normal,relative,15,0.9266666666666666,Worst,I1_1422,523
Normal,relative,15,1.0,Average,I1_1422,523
Normal,relative,16,0.92,Worst,I1_1422,523
Normal,relative,16,0.9133333333333333,Average,I1_1422,523
Normal,relative,17,0.94,Worst,I1_1422,523
Normal,relative,17,0.92,Average,I1_1422,523
Normal,relative,18,0.94,Worst,I1_1422,523
Normal,relative,18,0.9933333333333333,Average,I1_1422,523
Normal,relative,19,0.9333333333333333,Worst,I1_1422,523
Normal,relative,19,0.9933333333333333,Average,I1_1422,523
Normal,relative,20,0.9666666666666667,Worst,I1_1422,523
Normal,relative,20,0.96,Average,I1_1422,523
Normal,relative,21,0.92,Worst,I1_1422,523
Normal,relative,21,0.94,Average,I1_1422,523
Normal,relative,22,0.8866666666666667,Worst,I1_1422,523
Normal,relative,22,0.9466666666666667,Average,I1_1422,523
Normal,relative,23,0.8866666666666667,Worst,I1_1422,523
Normal,relative,23,0.96,Average,I1_1422,523
Normal,relative,24,0.94,Worst,I1_1422,523
Normal,relative,24,0.98,Average,I1_1422,523
Normal,relative,25,0.94,Worst,I1_1422,523
Normal,relative,25,0.9466666666666667,Average,I1_1422,523
Normal,relative,26,0.96,Worst,I1_1422,523
Normal,relative,26,0.9733333333333334,Average,I1_1422,523
Normal,relative,27,0.9466666666666667,Worst,I1_1422,523
Normal,relative,27,0.98,Average,I1_1422,523
Normal,relative,28,0.9333333333333333,Worst,I1_1422,523
Normal,relative,28,0.9266666666666666,Average,I1_1422,523
Normal,relative,29,0.9333333333333333,Worst,I1_1422,523
Normal,relative,29,0.9733333333333334,Average,I1_1422,523
Normal,relative,30,0.9466666666666667,Worst,I1_1422,523
Normal,relative,30,1.0,Average,I1_1422,523
Normal,relative,1,0.18666666666666668,Worst,I4_1026,507
Normal,relative,1,0.18666666666666668,Average,I4_1026,507
Normal,relative,2,0.42,Worst,I4_1026,507
Normal,relative,2,0.82,Average,I4_1026,507
Normal,relative,3,0.6266666666666667,Worst,I4_1026,507
Normal,relative,3,0.6866666666666666,Average,I4_1026,507
Normal,relative,4,0.6733333333333333,Worst,I4_1026,507
Normal,relative,4,0.8466666666666667,Average,I4_1026,507
Normal,relative,5,0.68,Worst,I4_1026,507
Normal,relative,5,0.96,Average,I4_1026,507
Normal,relative,6,0.7866666666666666,Worst,I4_1026,507
Normal,relative,6,0.9533333333333334,Average,I4_1026,507
Normal,relative,7,0.7666666666666667,Worst,I4_1026,507
Normal,relative,7,0.8933333333333333,Average,I4_1026,507
Normal,relative,8,0.8466666666666667,Worst,I4_1026,507
Normal,relative,8,0.9066666666666666,Average,I4_1026,507
Normal,relative,9,0.8333333333333334,Worst,I4_1026,507
Normal,relative,9,0.9466666666666667,Average,I4_1026,507
Normal,relative,10,0.86,Worst,I4_1026,507
Normal,relative,10,0.9466666666666667,Average,I4_1026,507
Normal,relative,11,0.8066666666666666,Worst,I4_1026,507
Normal,relative,11,0.9,Average,I4_1026,507
Normal,relative,12,0.8066666666666666,Worst,I4_1026,507
Normal,relative,12,0.9133333333333333,Average,I4_1026,507
Normal,relative,13,0.8866666666666667,Worst,I4_1026,507
Normal,relative,13,0.9333333333333333,Average,I4_1026,507
Normal,relative,14,0.9133333333333333,Worst,I4_1026,507
Normal,relative,14,0.9866666666666667,Average,I4_1026,507
Normal,relative,15,0.9066666666666666,Worst,I4_1026,507
Normal,relative,15,0.9266666666666666,Average,I4_1026,507
Normal,relative,16,0.86,Worst,I4_1026,507
Normal,relative,16,0.9466666666666667,Average,I4_1026,507
Normal,relative,17,0.92,Worst,I4_1026,507
Normal,relative,17,0.98,Average,I4_1026,507
Normal,relative,18,0.8933333333333333,Worst,I4_1026,507
Normal,relative,18,0.96,Average,I4_1026,507
Normal,relative,19,0.8866666666666667,Worst,I4_1026,507
Normal,relative,19,0.88,Average,I4_1026,507
Normal,relative,20,0.9066666666666666,Worst,I4_1026,507
Normal,relative,20,1.0,Average,I4_1026,507
Normal,relative,21,0.9066666666666666,Worst,I4_1026,507
Normal,relative,21,0.9666666666666667,Average,I4_1026,507
Normal,relative,22,0.9,Worst,I4_1026,507
Normal,relative,22,0.96,Average,I4_1026,507
Normal,relative,23,0.9133333333333333,Worst,I4_1026,507
Normal,relative,23,0.9133333333333333,Average,I4_1026,507
Normal,relative,24,0.9066666666666666,Worst,I4_1026,507
Normal,relative,24,0.9666666666666667,Average,I4_1026,507
Normal,relative,25,0.9466666666666667,Worst,I4_1026,507
Normal,relative,25,0.9333333333333333,Average,I4_1026,507
Normal,relative,26,0.9466666666666667,Worst,I4_1026,507
Normal,relative,26,0.9466666666666667,Average,I4_1026,507
Normal,relative,27,0.9266666666666666,Worst,I4_1026,507
Normal,relative,27,0.98,Average,I4_1026,507
Normal,relative,28,0.9666666666666667,Worst,I4_1026,507
Normal,relative,28,0.9666666666666667,Average,I4_1026,507
Normal,relative,29,0.94,Worst,I4_1026,507
Normal,relative,29,0.9666666666666667,Average,I4_1026,507
Normal,relative,30,0.94,Worst,I4_1026,507
Normal,relative,30,0.9666666666666667,Average,I4_1026,507
Normal,relative,1,0.20666666666666667,Worst,I3_441,516
Normal,relative,1,0.25333333333333335,Average,I3_441,516
Normal,relative,2,0.4266666666666667,Worst,I3_441,516
Normal,relative,2,0.92,Average,I3_441,516
Normal,relative,3,0.5133333333333333,Worst,I3_441,516
Normal,relative,3,0.7266666666666667,Average,I3_441,516
Normal,relative,4,0.6133333333333333,Worst,I3_441,516
Normal,relative,4,0.7333333333333333,Average,I3_441,516
Normal,relative,5,0.7266666666666667,Worst,I3_441,516
Normal,relative,5,0.68,Average,I3_441,516
Normal,relative,6,0.7333333333333333,Worst,I3_441,516
Normal,relative,6,0.8266666666666667,Average,I3_441,516
Normal,relative,7,0.8133333333333334,Worst,I3_441,516
Normal,relative,7,0.98,Average,I3_441,516
Normal,relative,8,0.8266666666666667,Worst,I3_441,516
Normal,relative,8,0.88,Average,I3_441,516
Normal,relative,9,0.82,Worst,I3_441,516
Normal,relative,9,0.94,Average,I3_441,516
Normal,relative,10,0.84,Worst,I3_441,516
Normal,relative,10,0.8533333333333334,Average,I3_441,516
Normal,relative,11,0.8533333333333334,Worst,I3_441,516
Normal,relative,11,0.9666666666666667,Average,I3_441,516
Normal,relative,12,0.8733333333333333,Worst,I3_441,516
Normal,relative,12,0.8866666666666667,Average,I3_441,516
Normal,relative,13,0.9133333333333333,Worst,I3_441,516
Normal,relative,13,0.9866666666666667,Average,I3_441,516
Normal,relative,14,0.8733333333333333,Worst,I3_441,516
Normal,relative,14,0.9666666666666667,Average,I3_441,516
Normal,relative,15,0.9133333333333333,Worst,I3_441,516
Normal,relative,15,0.9533333333333334,Average,I3_441,516
Normal,relative,16,0.9066666666666666,Worst,I3_441,516
Normal,relative,16,0.9733333333333334,Average,I3_441,516
Normal,relative,17,0.8533333333333334,Worst,I3_441,516
Normal,relative,17,1.0,Average,I3_441,516
Normal,relative,18,0.9333333333333333,Worst,I3_441,516
Normal,relative,18,0.94,Average,I3_441,516
Normal,relative,19,0.9466666666666667,Worst,I3_441,516
Normal,relative,19,0.9866666666666667,Average,I3_441,516
Normal,relative,20,0.9266666666666666,Worst,I3_441,516
Normal,relative,20,0.96,Average,I3_441,516
Normal,relative,21,0.9133333333333333,Worst,I3_441,516
Normal,relative,21,0.9866666666666667,Average,I3_441,516
Normal,relative,22,0.88,Worst,I3_441,516
Normal,relative,22,0.9666666666666667,Average,I3_441,516
Normal,relative,23,0.9333333333333333,Worst,I3_441,516
Normal,relative,23,0.9866666666666667,Average,I3_441,516
Normal,relative,24,0.9266666666666666,Worst,I3_441,516
Normal,relative,24,0.9333333333333333,Average,I3_441,516
Normal,relative,25,0.92,Worst,I3_441,516
Normal,relative,25,0.9733333333333334,Average,I3_441,516
Normal,relative,26,0.94,Worst,I3_441,516
Normal,relative,26,0.9333333333333333,Average,I3_441,516
Normal,relative,27,0.96,Worst,I3_441,516
Normal,relative,27,0.9866666666666667,Average,I3_441,516
Normal,relative,28,0.9533333333333334,Worst,I3_441,516
Normal,relative,28,0.94,Average,I3_441,516
Normal,relative,29,0.9533333333333334,Worst,I3_441,516
Normal,relative,29,0.9266666666666666,Average,I3_441,516
Normal,relative,30,0.94,Worst,I3_441,516
Normal,relative,30,0.9866666666666667,Average,I3_441,516
Normal,relative,1,0.18666666666666668,Worst,I1_1323,523
Normal,relative,1,0.28,Average,I1_1323,523
Normal,relative,2,0.38,Worst,I1_1323,523
Normal,relative,2,0.48,Average,I1_1323,523
Normal,relative,3,0.58,Worst,I1_1323,523
Normal,relative,3,0.58,Average,I1_1323,523
Normal,relative,4,0.7133333333333334,Worst,I1_1323,523
Normal,relative,4,0.7733333333333333,Average,I1_1323,523
Normal,relative,5,0.7133333333333334,Worst,I1_1323,523
Normal,relative,5,0.8,Average,I1_1323,523
Normal,relative,6,0.7866666666666666,Worst,I1_1323,523
Normal,relative,6,0.8133333333333334,Average,I1_1323,523
Normal,relative,7,0.84,Worst,I1_1323,523
Normal,relative,7,0.8333333333333334,Average,I1_1323,523
Normal,relative,8,0.84,Worst,I1_1323,523
Normal,relative,8,0.96,Average,I1_1323,523
Normal,relative,9,0.8333333333333334,Worst,I1_1323,523
Normal,relative,9,0.8466666666666667,Average,I1_1323,523
Normal,relative,10,0.86,Worst,I1_1323,523
Normal,relative,10,0.9333333333333333,Average,I1_1323,523
Normal,relative,11,0.8533333333333334,Worst,I1_1323,523
Normal,relative,11,0.9,Average,I1_1323,523
Normal,relative,12,0.8466666666666667,Worst,I1_1323,523
Normal,relative,12,0.8466666666666667,Average,I1_1323,523
Normal,relative,13,0.92,Worst,I1_1323,523
Normal,relative,13,0.8866666666666667,Average,I1_1323,523
Normal,relative,14,0.88,Worst,I1_1323,523
Normal,relative,14,0.8933333333333333,Average,I1_1323,523
Normal,relative,15,0.88,Worst,I1_1323,523
Normal,relative,15,0.96,Average,I1_1323,523
Normal,relative,16,0.92,Worst,I1_1323,523
Normal,relative,16,0.9466666666666667,Average,I1_1323,523
Normal,relative,17,0.88,Worst,I1_1323,523
Normal,relative,17,0.9333333333333333,Average,I1_1323,523
Normal,relative,18,0.8866666666666667,Worst,I1_1323,523
Normal,relative,18,1.0,Average,I1_1323,523
Normal,relative,19,0.9266666666666666,Worst,I1_1323,523
Normal,relative,19,0.98,Average,I1_1323,523
Normal,relative,20,0.9266666666666666,Worst,I1_1323,523
Normal,relative,20,0.9733333333333334,Average,I1_1323,523
Normal,relative,21,0.96,Worst,I1_1323,523
Normal,relative,21,0.9266666666666666,Average,I1_1323,523
Normal,relative,22,0.9133333333333333,Worst,I1_1323,523
Normal,relative,22,0.9533333333333334,Average,I1_1323,523
Normal,relative,23,0.9733333333333334,Worst,I1_1323,523
Normal,relative,23,0.9666666666666667,Average,I1_1323,523
Normal,relative,24,0.9466666666666667,Worst,I1_1323,523
Normal,relative,24,0.9466666666666667,Average,I1_1323,523
Normal,relative,25,0.9266666666666666,Worst,I1_1323,523
Normal,relative,25,0.9666666666666667,Average,I1_1323,523
Normal,relative,26,0.9133333333333333,Worst,I1_1323,523
Normal,relative,26,0.92,Average,I1_1323,523
Normal,relative,27,0.9066666666666666,Worst,I1_1323,523
Normal,relative,27,0.9466666666666667,Average,I1_1323,523
Normal,relative,28,0.9533333333333334,Worst,I1_1323,523
Normal,relative,28,0.98,Average,I1_1323,523
Normal,relative,29,0.9466666666666667,Worst,I1_1323,523
Normal,relative,29,0.9666666666666667,Average,I1_1323,523
Normal,relative,30,0.9333333333333333,Worst,I1_1323,523
Normal,relative,30,0.9866666666666667,Average,I1_1323,523
Normal,relative,1,0.12,Worst,I2_1377,526
Normal,relative,1,0.48,Average,I2_1377,526
Normal,relative,2,0.46,Worst,I2_1377,526
Normal,relative,2,0.42,Average,I2_1377,526
Normal,relative,3,0.56,Worst,I2_1377,526
Normal,relative,3,0.58,Average,I2_1377,526
Normal,relative,4,0.6733333333333333,Worst,I2_1377,526
Normal,relative,4,0.7133333333333334,Average,I2_1377,526
Normal,relative,5,0.7,Worst,I2_1377,526
Normal,relative,5,0.7333333333333333,Average,I2_1377,526
Normal,relative,6,0.7733333333333333,Worst,I2_1377,526
Normal,relative,6,0.9533333333333334,Average,I2_1377,526
Normal,relative,7,0.8266666666666667,Worst,I2_1377,526
Normal,relative,7,0.92,Average,I2_1377,526
Normal,relative,8,0.8533333333333334,Worst,I2_1377,526
Normal,relative,8,0.94,Average,I2_1377,526
Normal,relative,9,0.8466666666666667,Worst,I2_1377,526
Normal,relative,9,0.8533333333333334,Average,I2_1377,526
Normal,relative,10,0.8466666666666667,Worst,I2_1377,526
Normal,relative,10,0.8933333333333333,Average,I2_1377,526
Normal,relative,11,0.8666666666666667,Worst,I2_1377,526
Normal,relative,11,0.9266666666666666,Average,I2_1377,526
Normal,relative,12,0.9066666666666666,Worst,I2_1377,526
Normal,relative,12,0.8466666666666667,Average,I2_1377,526
Normal,relative,13,0.8866666666666667,Worst,I2_1377,526
Normal,relative,13,0.92,Average,I2_1377,526
Normal,relative,14,0.9266666666666666,Worst,I2_1377,526
Normal,relative,14,0.9133333333333333,Average,I2_1377,526
Normal,relative,15,0.9133333333333333,Worst,I2_1377,526
Normal,relative,15,0.94,Average,I2_1377,526
Normal,relative,16,0.9333333333333333,Worst,I2_1377,526
Normal,relative,16,0.96,Average,I2_1377,526
Normal,relative,17,0.9066666666666666,Worst,I2_1377,526
Normal,relative,17,0.92,Average,I2_1377,526
Normal,relative,18,0.92,Worst,I2_1377,526
Normal,relative,18,0.9733333333333334,Average,I2_1377,526
Normal,relative,19,0.9466666666666667,Worst,I2_1377,526
Normal,relative,19,0.9866666666666667,Average,I2_1377,526
Normal,relative,20,0.9066666666666666,Worst,I2_1377,526
Normal,relative,20,0.9866666666666667,Average,I2_1377,526
Normal,relative,21,0.9533333333333334,Worst,I2_1377,526
Normal,relative,21,0.9733333333333334,Average,I2_1377,526
Normal,relative,22,0.9266666666666666,Worst,I2_1377,526
Normal,relative,22,0.96,Average,I2_1377,526
Normal,relative,23,0.9466666666666667,Worst,I2_1377,526
Normal,relative,23,0.94,Average,I2_1377,526
Normal,relative,24,0.8933333333333333,Worst,I2_1377,526
Normal,relative,24,0.9933333333333333,Average,I2_1377,526
Normal,relative,25,0.9266666666666666,Worst,I2_1377,526
Normal,relative,25,0.98,Average,I2_1377,526
Normal,relative,26,0.9466666666666667,Worst,I2_1377,526
Normal,relative,26,0.9466666666666667,Average,I2_1377,526
Normal,relative,27,0.9333333333333333,Worst,I2_1377,526
Normal,relative,27,0.9533333333333334,Average,I2_1377,526
Normal,relative,28,0.96,Worst,I2_1377,526
Normal,relative,28,0.9733333333333334,Average,I2_1377,526
Normal,relative,29,0.94,Worst,I2_1377,526
Normal,relative,29,0.9666666666666667,Average,I2_1377,526
Normal,relative,30,0.9466666666666667,Worst,I2_1377,526
Normal,relative,30,0.9733333333333334,Average,I2_1377,526
Normal,relative,1,0.19333333333333333,Worst,I3_1026,516
Normal,relative,1,0.36666666666666664,Average,I3_1026,516
Normal,relative,2,0.42,Worst,I3_1026,516
Normal,relative,2,0.7666666666666667,Average,I3_1026,516
Normal,relative,3,0.5266666666666666,Worst,I3_1026,516
Normal,relative,3,0.8933333333333333,Average,I3_1026,516
Normal,relative,4,0.6666666666666666,Worst,I3_1026,516
Normal,relative,4,0.94,Average,I3_1026,516
Normal,relative,5,0.68,Worst,I3_1026,516
Normal,relative,5,0.8333333333333334,Average,I3_1026,516
Normal,relative,6,0.7333333333333333,Worst,I3_1026,516
Normal,relative,6,0.78,Average,I3_1026,516
Normal,relative,7,0.7733333333333333,Worst,I3_1026,516
Normal,relative,7,0.8533333333333334,Average,I3_1026,516
Normal,relative,8,0.8133333333333334,Worst,I3_1026,516
Normal,relative,8,0.74,Average,I3_1026,516
Normal,relative,9,0.7866666666666666,Worst,I3_1026,516
Normal,relative,9,0.8933333333333333,Average,I3_1026,516
Normal,relative,10,0.82,Worst,I3_1026,516
Normal,relative,10,0.9533333333333334,Average,I3_1026,516
Normal,relative,11,0.7666666666666667,Worst,I3_1026,516
Normal,relative,11,0.9266666666666666,Average,I3_1026,516
Normal,relative,12,0.8666666666666667,Worst,I3_1026,516
Normal,relative,12,0.8866666666666667,Average,I3_1026,516
Normal,relative,13,0.8933333333333333,Worst,I3_1026,516
Normal,relative,13,0.9733333333333334,Average,I3_1026,516
Normal,relative,14,0.8866666666666667,Worst,I3_1026,516
Normal,relative,14,0.9533333333333334,Average,I3_1026,516
Normal,relative,15,0.9066666666666666,Worst,I3_1026,516
Normal,relative,15,0.94,Average,I3_1026,516
Normal,relative,16,0.8733333333333333,Worst,I3_1026,516
Normal,relative,16,0.92,Average,I3_1026,516
Normal,relative,17,0.9133333333333333,Worst,I3_1026,516
Normal,relative,17,0.92,Average,I3_1026,516
Normal,relative,18,0.9266666666666666,Worst,I3_1026,516
Normal,relative,18,0.8933333333333333,Average,I3_1026,516
Normal,relative,19,0.9066666666666666,Worst,I3_1026,516
Normal,relative,19,0.9266666666666666,Average,I3_1026,516
Normal,relative,20,0.8866666666666667,Worst,I3_1026,516
Normal,relative,20,0.9733333333333334,Average,I3_1026,516
Normal,relative,21,0.9333333333333333,Worst,I3_1026,516
Normal,relative,21,0.92,Average,I3_1026,516
Normal,relative,22,0.9133333333333333,Worst,I3_1026,516
Normal,relative,22,0.9533333333333334,Average,I3_1026,516
Normal,relative,23,0.9333333333333333,Worst,I3_1026,516
Normal,relative,23,0.9933333333333333,Average,I3_1026,516
Normal,relative,24,0.9066666666666666,Worst,I3_1026,516
Normal,relative,24,0.9466666666666667,Average,I3_1026,516
Normal,relative,25,0.9066666666666666,Worst,I3_1026,516
Normal,relative,25,0.9666666666666667,Average,I3_1026,516
Normal,relative,26,0.94,Worst,I3_1026,516
Normal,relative,26,0.9866666666666667,Average,I3_1026,516
Normal,relative,27,0.96,Worst,I3_1026,516
Normal,relative,27,0.9733333333333334,Average,I3_1026,516
Normal,relative,28,0.9266666666666666,Worst,I3_1026,516
Normal,relative,28,0.9866666666666667,Average,I3_1026,516
Normal,relative,29,0.9466666666666667,Worst,I3_1026,516
Normal,relative,29,0.9733333333333334,Average,I3_1026,516
Normal,relative,30,0.96,Worst,I3_1026,516
Normal,relative,30,0.98,Average,I3_1026,516
Normal,relative,1,0.16,Worst,I4_1230,507
Normal,relative,1,0.30666666666666664,Average,I4_1230,507
Normal,relative,2,0.54,Worst,I4_1230,507
Normal,relative,2,0.58,Average,I4_1230,507
Normal,relative,3,0.6266666666666667,Worst,I4_1230,507
Normal,relative,3,0.9133333333333333,Average,I4_1230,507
Normal,relative,4,0.6533333333333333,Worst,I4_1230,507
Normal,relative,4,0.92,Average,I4_1230,507
Normal,relative,5,0.7333333333333333,Worst,I4_1230,507
Normal,relative,5,0.7466666666666667,Average,I4_1230,507
Normal,relative,6,0.7333333333333333,Worst,I4_1230,507
Normal,relative,6,0.9133333333333333,Average,I4_1230,507
Normal,relative,7,0.7733333333333333,Worst,I4_1230,507
Normal,relative,7,0.9466666666666667,Average,I4_1230,507
Normal,relative,8,0.8066666666666666,Worst,I4_1230,507
Normal,relative,8,0.8133333333333334,Average,I4_1230,507
Normal,relative,9,0.7933333333333333,Worst,I4_1230,507
Normal,relative,9,0.8866666666666667,Average,I4_1230,507
Normal,relative,10,0.8266666666666667,Worst,I4_1230,507
Normal,relative,10,0.8933333333333333,Average,I4_1230,507
Normal,relative,11,0.8933333333333333,Worst,I4_1230,507
Normal,relative,11,0.9666666666666667,Average,I4_1230,507
Normal,relative,12,0.8666666666666667,Worst,I4_1230,507
Normal,relative,12,0.94,Average,I4_1230,507
Normal,relative,13,0.8666666666666667,Worst,I4_1230,507
Normal,relative,13,0.98,Average,I4_1230,507
Normal,relative,14,0.8466666666666667,Worst,I4_1230,507
Normal,relative,14,0.9533333333333334,Average,I4_1230,507
Normal,relative,15,0.9,Worst,I4_1230,507
Normal,relative,15,0.8666666666666667,Average,I4_1230,507
Normal,relative,16,0.8866666666666667,Worst,I4_1230,507
Normal,relative,16,0.9266666666666666,Average,I4_1230,507
Normal,relative,17,0.88,Worst,I4_1230,507
Normal,relative,17,0.9666666666666667,Average,I4_1230,507
Normal,relative,18,0.8933333333333333,Worst,I4_1230,507
Normal,relative,18,0.9666666666666667,Average,I4_1230,507
Normal,relative,19,0.9,Worst,I4_1230,507
Normal,relative,19,0.94,Average,I4_1230,507
Normal,relative,20,0.9266666666666666,Worst,I4_1230,507
Normal,relative,20,0.9866666666666667,Average,I4_1230,507
Normal,relative,21,0.9266666666666666,Worst,I4_1230,507
Normal,relative,21,1.0,Average,I4_1230,507
Normal,relative,22,0.92,Worst,I4_1230,507
Normal,relative,22,0.9533333333333334,Average,I4_1230,507
Normal,relative,23,0.9533333333333334,Worst,I4_1230,507
Normal,relative,23,0.9666666666666667,Average,I4_1230,507
Normal,relative,24,0.9333333333333333,Worst,I4_1230,507
Normal,relative,24,0.9866666666666667,Average,I4_1230,507
Normal,relative,25,0.9066666666666666,Worst,I4_1230,507
Normal,relative,25,0.9466666666666667,Average,I4_1230,507
Normal,relative,26,0.9333333333333333,Worst,I4_1230,507
Normal,relative,26,0.9666666666666667,Average,I4_1230,507
Normal,relative,27,0.9533333333333334,Worst,I4_1230,507
Normal,relative,27,0.96,Average,I4_1230,507
Normal,relative,28,0.9733333333333334,Worst,I4_1230,507
Normal,relative,28,0.98,Average,I4_1230,507
Normal,relative,29,0.9466666666666667,Worst,I4_1230,507
Normal,relative,29,0.9866666666666667,Average,I4_1230,507
Normal,relative,30,0.9666666666666667,Worst,I4_1230,507
Normal,relative,30,0.9933333333333333,Average,I4_1230,507
Normal,relative,1,0.17333333333333334,Worst,I1_1023,523
Normal,relative,1,0.46,Average,I1_1023,523
Normal,relative,2,0.44,Worst,I1_1023,523
Normal,relative,2,0.38666666666666666,Average,I1_1023,523
Normal,relative,3,0.5866666666666667,Worst,I1_1023,523
Normal,relative,3,0.8466666666666667,Average,I1_1023,523
Normal,relative,4,0.7266666666666667,Worst,I1_1023,523
Normal,relative,4,0.9333333333333333,Average,I1_1023,523
Normal,relative,5,0.7933333333333333,Worst,I1_1023,523
Normal,relative,5,0.7333333333333333,Average,I1_1023,523
Normal,relative,6,0.7466666666666667,Worst,I1_1023,523
Normal,relative,6,0.86,Average,I1_1023,523
Normal,relative,7,0.7866666666666666,Worst,I1_1023,523
Normal,relative,7,0.9533333333333334,Average,I1_1023,523
Normal,relative,8,0.84,Worst,I1_1023,523
Normal,relative,8,0.9133333333333333,Average,I1_1023,523
Normal,relative,9,0.8133333333333334,Worst,I1_1023,523
Normal,relative,9,0.9666666666666667,Average,I1_1023,523
Normal,relative,10,0.86,Worst,I1_1023,523
Normal,relative,10,0.9666666666666667,Average,I1_1023,523
Normal,relative,11,0.9,Worst,I1_1023,523
Normal,relative,11,0.9533333333333334,Average,I1_1023,523
Normal,relative,12,0.86,Worst,I1_1023,523
Normal,relative,12,0.82,Average,I1_1023,523
Normal,relative,13,0.8733333333333333,Worst,I1_1023,523
Normal,relative,13,0.8866666666666667,Average,I1_1023,523
Normal,relative,14,0.8933333333333333,Worst,I1_1023,523
Normal,relative,14,0.94,Average,I1_1023,523
Normal,relative,15,0.8933333333333333,Worst,I1_1023,523
Normal,relative,15,0.9266666666666666,Average,I1_1023,523
Normal,relative,16,0.9066666666666666,Worst,I1_1023,523
Normal,relative,16,0.9466666666666667,Average,I1_1023,523
Normal,relative,17,0.9066666666666666,Worst,I1_1023,523
Normal,relative,17,0.98,Average,I1_1023,523
Normal,relative,18,0.9466666666666667,Worst,I1_1023,523
Normal,relative,18,0.9133333333333333,Average,I1_1023,523
Normal,relative,19,0.92,Worst,I1_1023,523
Normal,relative,19,0.9733333333333334,Average,I1_1023,523
Normal,relative,20,0.9,Worst,I1_1023,523
Normal,relative,20,0.9666666666666667,Average,I1_1023,523
Normal,relative,21,0.9,Worst,I1_1023,523
Normal,relative,21,0.9,Average,I1_1023,523
Normal,relative,22,0.9133333333333333,Worst,I1_1023,523
Normal,relative,22,0.9333333333333333,Average,I1_1023,523
Normal,relative,23,0.8866666666666667,Worst,I1_1023,523
Normal,relative,23,0.9666666666666667,Average,I1_1023,523
Normal,relative,24,0.9,Worst,I1_1023,523
Normal,relative,24,0.9266666666666666,Average,I1_1023,523
Normal,relative,25,0.9266666666666666,Worst,I1_1023,523
Normal,relative,25,0.9666666666666667,Average,I1_1023,523
Normal,relative,26,0.9466666666666667,Worst,I1_1023,523
Normal,relative,26,0.9266666666666666,Average,I1_1023,523
Normal,relative,27,0.9533333333333334,Worst,I1_1023,523
Normal,relative,27,0.98,Average,I1_1023,523
Normal,relative,28,0.9266666666666666,Worst,I1_1023,523
Normal,relative,28,0.9466666666666667,Average,I1_1023,523
Normal,relative,29,0.96,Worst,I1_1023,523
Normal,relative,29,0.9466666666666667,Average,I1_1023,523
Normal,relative,30,0.96,Worst,I1_1023,523
Normal,relative,30,0.9266666666666666,Average,I1_1023,523
Normal,relative,1,0.16666666666666666,Worst,I1_1470,523
Normal,relative,1,0.5533333333333333,Average,I1_1470,523
Normal,relative,2,0.47333333333333333,Worst,I1_1470,523
Normal,relative,2,0.46,Average,I1_1470,523
Normal,relative,3,0.5666666666666667,Worst,I1_1470,523
Normal,relative,3,0.6866666666666666,Average,I1_1470,523
Normal,relative,4,0.6533333333333333,Worst,I1_1470,523
Normal,relative,4,0.8333333333333334,Average,I1_1470,523
Normal,relative,5,0.8,Worst,I1_1470,523
Normal,relative,5,0.7,Average,I1_1470,523
Normal,relative,6,0.72,Worst,I1_1470,523
Normal,relative,6,0.7733333333333333,Average,I1_1470,523
Normal,relative,7,0.8333333333333334,Worst,I1_1470,523
Normal,relative,7,0.82,Average,I1_1470,523
Normal,relative,8,0.7666666666666667,Worst,I1_1470,523
Normal,relative,8,0.9333333333333333,Average,I1_1470,523
Normal,relative,9,0.8466666666666667,Worst,I1_1470,523
Normal,relative,9,0.8333333333333334,Average,I1_1470,523
Normal,relative,10,0.8666666666666667,Worst,I1_1470,523
Normal,relative,10,0.9866666666666667,Average,I1_1470,523
Normal,relative,11,0.8666666666666667,Worst,I1_1470,523
Normal,relative,11,0.8466666666666667,Average,I1_1470,523
Normal,relative,12,0.8533333333333334,Worst,I1_1470,523
Normal,relative,12,0.9066666666666666,Average,I1_1470,523
Normal,relative,13,0.8666666666666667,Worst,I1_1470,523
Normal,relative,13,0.9066666666666666,Average,I1_1470,523
Normal,relative,14,0.9,Worst,I1_1470,523
Normal,relative,14,0.9533333333333334,Average,I1_1470,523
Normal,relative,15,0.8933333333333333,Worst,I1_1470,523
Normal,relative,15,0.9466666666666667,Average,I1_1470,523
Normal,relative,16,0.9133333333333333,Worst,I1_1470,523
Normal,relative,16,0.9266666666666666,Average,I1_1470,523
Normal,relative,17,0.8866666666666667,Worst,I1_1470,523
Normal,relative,17,0.9133333333333333,Average,I1_1470,523
Normal,relative,18,0.9066666666666666,Worst,I1_1470,523
Normal,relative,18,0.9266666666666666,Average,I1_1470,523
Normal,relative,19,0.9,Worst,I1_1470,523
Normal,relative,19,0.9066666666666666,Average,I1_1470,523
Normal,relative,20,0.9066666666666666,Worst,I1_1470,523
Normal,relative,20,0.9,Average,I1_1470,523
Normal,relative,21,0.9533333333333334,Worst,I1_1470,523
Normal,relative,21,0.94,Average,I1_1470,523
Normal,relative,22,0.9533333333333334,Worst,I1_1470,523
Normal,relative,22,0.9333333333333333,Average,I1_1470,523
Normal,relative,23,0.9266666666666666,Worst,I1_1470,523
Normal,relative,23,0.9533333333333334,Average,I1_1470,523
Normal,relative,24,0.9333333333333333,Worst,I1_1470,523
Normal,relative,24,0.9733333333333334,Average,I1_1470,523
Normal,relative,25,0.92,Worst,I1_1470,523
Normal,relative,25,0.9466666666666667,Average,I1_1470,523
Normal,relative,26,0.9333333333333333,Worst,I1_1470,523
Normal,relative,26,0.96,Average,I1_1470,523
Normal,relative,27,0.9533333333333334,Worst,I1_1470,523
Normal,relative,27,0.94,Average,I1_1470,523
Normal,relative,28,0.96,Worst,I1_1470,523
Normal,relative,28,0.9533333333333334,Average,I1_1470,523
Normal,relative,29,0.96,Worst,I1_1470,523
Normal,relative,29,0.9866666666666667,Average,I1_1470,523
Normal,relative,30,0.9533333333333334,Worst,I1_1470,523
Normal,relative,30,0.9866666666666667,Average,I1_1470,523
Normal,relative,1,0.17333333333333334,Worst,I1_357,523
Normal,relative,1,0.22666666666666666,Average,I1_357,523
Normal,relative,2,0.5,Worst,I1_357,523
Normal,relative,2,0.82,Average,I1_357,523
Normal,relative,3,0.62,Worst,I1_357,523
Normal,relative,3,0.5733333333333334,Average,I1_357,523
Normal,relative,4,0.74,Worst,I1_357,523
Normal,relative,4,0.6533333333333333,Average,I1_357,523
Normal,relative,5,0.74,Worst,I1_357,523
Normal,relative,5,0.92,Average,I1_357,523
Normal,relative,6,0.7266666666666667,Worst,I1_357,523
Normal,relative,6,0.94,Average,I1_357,523
Normal,relative,7,0.7533333333333333,Worst,I1_357,523
Normal,relative,7,0.7866666666666666,Average,I1_357,523
Normal,relative,8,0.8266666666666667,Worst,I1_357,523
Normal,relative,8,0.8466666666666667,Average,I1_357,523
Normal,relative,9,0.8866666666666667,Worst,I1_357,523
Normal,relative,9,0.8866666666666667,Average,I1_357,523
Normal,relative,10,0.8533333333333334,Worst,I1_357,523
Normal,relative,10,0.84,Average,I1_357,523
Normal,relative,11,0.9,Worst,I1_357,523
Normal,relative,11,0.8933333333333333,Average,I1_357,523
Normal,relative,12,0.8466666666666667,Worst,I1_357,523
Normal,relative,12,0.8533333333333334,Average,I1_357,523
Normal,relative,13,0.8733333333333333,Worst,I1_357,523
Normal,relative,13,0.9933333333333333,Average,I1_357,523
Normal,relative,14,0.8933333333333333,Worst,I1_357,523
Normal,relative,14,0.9133333333333333,Average,I1_357,523
Normal,relative,15,0.88,Worst,I1_357,523
Normal,relative,15,0.92,Average,I1_357,523
Normal,relative,16,0.9266666666666666,Worst,I1_357,523
Normal,relative,16,0.9666666666666667,Average,I1_357,523
Normal,relative,17,0.92,Worst,I1_357,523
Normal,relative,17,0.96,Average,I1_357,523
Normal,relative,18,0.9266666666666666,Worst,I1_357,523
Normal,relative,18,0.9466666666666667,Average,I1_357,523
Normal,relative,19,0.8866666666666667,Worst,I1_357,523
Normal,relative,19,0.9733333333333334,Average,I1_357,523
Normal,relative,20,0.92,Worst,I1_357,523
Normal,relative,20,0.9,Average,I1_357,523
Normal,relative,21,0.9133333333333333,Worst,I1_357,523
Normal,relative,21,0.96,Average,I1_357,523
Normal,relative,22,0.9266666666666666,Worst,I1_357,523
Normal,relative,22,0.9,Average,I1_357,523
Normal,relative,23,0.9333333333333333,Worst,I1_357,523
Normal,relative,23,0.9733333333333334,Average,I1_357,523
Normal,relative,24,0.9266666666666666,Worst,I1_357,523
Normal,relative,24,0.9933333333333333,Average,I1_357,523
Normal,relative,25,0.9466666666666667,Worst,I1_357,523
Normal,relative,25,0.9933333333333333,Average,I1_357,523
Normal,relative,26,0.9,Worst,I1_357,523
Normal,relative,26,0.9733333333333334,Average,I1_357,523
Normal,relative,27,0.9266666666666666,Worst,I1_357,523
Normal,relative,27,0.9666666666666667,Average,I1_357,523
Normal,relative,28,0.9266666666666666,Worst,I1_357,523
Normal,relative,28,0.9466666666666667,Average,I1_357,523
Normal,relative,29,0.8866666666666667,Worst,I1_357,523
Normal,relative,29,0.9866666666666667,Average,I1_357,523
Normal,relative,30,0.94,Worst,I1_357,523
Normal,relative,30,0.9533333333333334,Average,I1_357,523
Normal,relative,1,0.2733333333333333,Worst,I4_1395,507
Normal,relative,1,0.19333333333333333,Average,I4_1395,507
Normal,relative,2,0.38,Worst,I4_1395,507
Normal,relative,2,0.5,Average,I4_1395,507
Normal,relative,3,0.54,Worst,I4_1395,507
Normal,relative,3,0.68,Average,I4_1395,507
Normal,relative,4,0.6533333333333333,Worst,I4_1395,507
Normal,relative,4,0.9666666666666667,Average,I4_1395,507
Normal,relative,5,0.6266666666666667,Worst,I4_1395,507
Normal,relative,5,0.7066666666666667,Average,I4_1395,507
Normal,relative,6,0.7466666666666667,Worst,I4_1395,507
Normal,relative,6,0.7666666666666667,Average,I4_1395,507
Normal,relative,7,0.8,Worst,I4_1395,507
Normal,relative,7,0.8666666666666667,Average,I4_1395,507
Normal,relative,8,0.82,Worst,I4_1395,507
Normal,relative,8,0.8933333333333333,Average,I4_1395,507
Normal,relative,9,0.8266666666666667,Worst,I4_1395,507
Normal,relative,9,0.7933333333333333,Average,I4_1395,507
Normal,relative,10,0.8466666666666667,Worst,I4_1395,507
Normal,relative,10,0.9866666666666667,Average,I4_1395,507
Normal,relative,11,0.84,Worst,I4_1395,507
Normal,relative,11,0.9266666666666666,Average,I4_1395,507
Normal,relative,12,0.9,Worst,I4_1395,507
Normal,relative,12,0.98,Average,I4_1395,507
Normal,relative,13,0.9,Worst,I4_1395,507
Normal,relative,13,0.94,Average,I4_1395,507
Normal,relative,14,0.88,Worst,I4_1395,507
Normal,relative,14,0.9533333333333334,Average,I4_1395,507
Normal,relative,15,0.8733333333333333,Worst,I4_1395,507
Normal,relative,15,0.9,Average,I4_1395,507
Normal,relative,16,0.92,Worst,I4_1395,507
Normal,relative,16,0.92,Average,I4_1395,507
Normal,relative,17,0.9066666666666666,Worst,I4_1395,507
Normal,relative,17,0.8933333333333333,Average,I4_1395,507
Normal,relative,18,0.9333333333333333,Worst,I4_1395,507
Normal,relative,18,0.96,Average,I4_1395,507
Normal,relative,19,0.9066666666666666,Worst,I4_1395,507
Normal,relative,19,0.9733333333333334,Average,I4_1395,507
Normal,relative,20,0.9133333333333333,Worst,I4_1395,507
Normal,relative,20,0.9666666666666667,Average,I4_1395,507
Normal,relative,21,0.8466666666666667,Worst,I4_1395,507
Normal,relative,21,0.9866666666666667,Average,I4_1395,507
Normal,relative,22,0.9466666666666667,Worst,I4_1395,507
Normal,relative,22,0.9333333333333333,Average,I4_1395,507
Normal,relative,23,0.9533333333333334,Worst,I4_1395,507
Normal,relative,23,0.9866666666666667,Average,I4_1395,507
Normal,relative,24,0.9066666666666666,Worst,I4_1395,507
Normal,relative,24,0.96,Average,I4_1395,507
Normal,relative,25,0.92,Worst,I4_1395,507
Normal,relative,25,0.9533333333333334,Average,I4_1395,507
Normal,relative,26,0.9533333333333334,Worst,I4_1395,507
Normal,relative,26,0.9466666666666667,Average,I4_1395,507
Normal,relative,27,0.96,Worst,I4_1395,507
Normal,relative,27,0.9,Average,I4_1395,507
Normal,relative,28,0.9266666666666666,Worst,I4_1395,507
Normal,relative,28,0.92,Average,I4_1395,507
Normal,relative,29,0.9266666666666666,Worst,I4_1395,507
Normal,relative,29,0.9933333333333333,Average,I4_1395,507
Normal,relative,30,0.9666666666666667,Worst,I4_1395,507
Normal,relative,30,0.98,Average,I4_1395,507
Normal,relative,1,0.17333333333333334,Worst,I1_672,523
Normal,relative,1,0.15333333333333332,Average,I1_672,523
Normal,relative,2,0.4,Worst,I1_672,523
Normal,relative,2,0.44,Average,I1_672,523
Normal,relative,3,0.5933333333333334,Worst,I1_672,523
Normal,relative,3,0.7933333333333333,Average,I1_672,523
Normal,relative,4,0.66,Worst,I1_672,523
Normal,relative,4,0.9266666666666666,Average,I1_672,523
Normal,relative,5,0.6466666666666666,Worst,I1_672,523
Normal,relative,5,0.8466666666666667,Average,I1_672,523
Normal,relative,6,0.7066666666666667,Worst,I1_672,523
Normal,relative,6,0.9066666666666666,Average,I1_672,523
Normal,relative,7,0.8066666666666666,Worst,I1_672,523
Normal,relative,7,0.8533333333333334,Average,I1_672,523
Normal,relative,8,0.8333333333333334,Worst,I1_672,523
Normal,relative,8,0.86,Average,I1_672,523
Normal,relative,9,0.8,Worst,I1_672,523
Normal,relative,9,0.8266666666666667,Average,I1_672,523
Normal,relative,10,0.7866666666666666,Worst,I1_672,523
Normal,relative,10,0.9066666666666666,Average,I1_672,523
Normal,relative,11,0.86,Worst,I1_672,523
Normal,relative,11,0.9066666666666666,Average,I1_672,523
Normal,relative,12,0.84,Worst,I1_672,523
Normal,relative,12,0.88,Average,I1_672,523
Normal,relative,13,0.8866666666666667,Worst,I1_672,523
Normal,relative,13,0.8933333333333333,Average,I1_672,523
Normal,relative,14,0.9133333333333333,Worst,I1_672,523
Normal,relative,14,0.96,Average,I1_672,523
Normal,relative,15,0.8466666666666667,Worst,I1_672,523
Normal,relative,15,0.8733333333333333,Average,I1_672,523
Normal,relative,16,0.8666666666666667,Worst,I1_672,523
Normal,relative,16,0.98,Average,I1_672,523
Normal,relative,17,0.9,Worst,I1_672,523
Normal,relative,17,0.9466666666666667,Average,I1_672,523
Normal,relative,18,0.92,Worst,I1_672,523
Normal,relative,18,0.9733333333333334,Average,I1_672,523
Normal,relative,19,0.9133333333333333,Worst,I1_672,523
Normal,relative,19,0.9933333333333333,Average,I1_672,523
Normal,relative,20,0.9066666666666666,Worst,I1_672,523
Normal,relative,20,0.9266666666666666,Average,I1_672,523
Normal,relative,21,0.9266666666666666,Worst,I1_672,523
Normal,relative,21,0.9866666666666667,Average,I1_672,523
Normal,relative,22,0.9066666666666666,Worst,I1_672,523
Normal,relative,22,0.9533333333333334,Average,I1_672,523
Normal,relative,23,0.9533333333333334,Worst,I1_672,523
Normal,relative,23,0.9,Average,I1_672,523
Normal,relative,24,0.9533333333333334,Worst,I1_672,523
Normal,relative,24,0.98,Average,I1_672,523
Normal,relative,25,0.9666666666666667,Worst,I1_672,523
Normal,relative,25,0.9933333333333333,Average,I1_672,523
Normal,relative,26,0.9666666666666667,Worst,I1_672,523
Normal,relative,26,0.9866666666666667,Average,I1_672,523
Normal,relative,27,0.9133333333333333,Worst,I1_672,523
Normal,relative,27,0.98,Average,I1_672,523
Normal,relative,28,0.9133333333333333,Worst,I1_672,523
Normal,relative,28,0.96,Average,I1_672,523
Normal,relative,29,0.9,Worst,I1_672,523
Normal,relative,29,0.9933333333333333,Average,I1_672,523
Normal,relative,30,0.96,Worst,I1_672,523
Normal,relative,30,0.9466666666666667,Average,I1_672,523
Normal,relative,1,0.15333333333333332,Worst,I1_753,523
Normal,relative,1,0.38,Average,I1_753,523
Normal,relative,2,0.47333333333333333,Worst,I1_753,523
Normal,relative,2,0.7066666666666667,Average,I1_753,523
Normal,relative,3,0.5466666666666666,Worst,I1_753,523
Normal,relative,3,0.72,Average,I1_753,523
Normal,relative,4,0.6933333333333334,Worst,I1_753,523
Normal,relative,4,0.9333333333333333,Average,I1_753,523
Normal,relative,5,0.7066666666666667,Worst,I1_753,523
Normal,relative,5,0.92,Average,I1_753,523
Normal,relative,6,0.72,Worst,I1_753,523
Normal,relative,6,0.8733333333333333,Average,I1_753,523
Normal,relative,7,0.74,Worst,I1_753,523
Normal,relative,7,0.9133333333333333,Average,I1_753,523
Normal,relative,8,0.78,Worst,I1_753,523
Normal,relative,8,0.9666666666666667,Average,I1_753,523
Normal,relative,9,0.7933333333333333,Worst,I1_753,523
Normal,relative,9,0.8866666666666667,Average,I1_753,523
Normal,relative,10,0.84,Worst,I1_753,523
Normal,relative,10,0.8333333333333334,Average,I1_753,523
Normal,relative,11,0.84,Worst,I1_753,523
Normal,relative,11,0.8933333333333333,Average,I1_753,523
Normal,relative,12,0.8666666666666667,Worst,I1_753,523
Normal,relative,12,0.94,Average,I1_753,523
Normal,relative,13,0.8533333333333334,Worst,I1_753,523
Normal,relative,13,0.9266666666666666,Average,I1_753,523
Normal,relative,14,0.9,Worst,I1_753,523
Normal,relative,14,0.9733333333333334,Average,I1_753,523
Normal,relative,15,0.8933333333333333,Worst,I1_753,523
Normal,relative,15,0.98,Average,I1_753,523
Normal,relative,16,0.9133333333333333,Worst,I1_753,523
Normal,relative,16,0.9266666666666666,Average,I1_753,523
Normal,relative,17,0.88,Worst,I1_753,523
Normal,relative,17,0.8733333333333333,Average,I1_753,523
Normal,relative,18,0.9,Worst,I1_753,523
Normal,relative,18,0.92,Average,I1_753,523
Normal,relative,19,0.9066666666666666,Worst,I1_753,523
Normal,relative,19,0.9066666666666666,Average,I1_753,523
Normal,relative,20,0.9066666666666666,Worst,I1_753,523
Normal,relative,20,0.94,Average,I1_753,523
Normal,relative,21,0.9466666666666667,Worst,I1_753,523
Normal,relative,21,0.96,Average,I1_753,523
Normal,relative,22,0.9266666666666666,Worst,I1_753,523
Normal,relative,22,0.9466666666666667,Average,I1_753,523
Normal,relative,23,0.92,Worst,I1_753,523
Normal,relative,23,0.9333333333333333,Average,I1_753,523
Normal,relative,24,0.94,Worst,I1_753,523
Normal,relative,24,0.9466666666666667,Average,I1_753,523
Normal,relative,25,0.9733333333333334,Worst,I1_753,523
Normal,relative,25,0.9666666666666667,Average,I1_753,523
Normal,relative,26,0.92,Worst,I1_753,523
Normal,relative,26,0.9266666666666666,Average,I1_753,523
Normal,relative,27,0.96,Worst,I1_753,523
Normal,relative,27,0.9866666666666667,Average,I1_753,523
Normal,relative,28,0.9466666666666667,Worst,I1_753,523
Normal,relative,28,0.9466666666666667,Average,I1_753,523
Normal,relative,29,0.96,Worst,I1_753,523
Normal,relative,29,0.98,Average,I1_753,523
Normal,relative,30,0.9533333333333334,Worst,I1_753,523
Normal,relative,30,0.94,Average,I1_753,523
Normal,relative,1,0.22,Worst,I5_1323,510
Normal,relative,1,0.4866666666666667,Average,I5_1323,510
Normal,relative,2,0.49333333333333335,Worst,I5_1323,510
Normal,relative,2,0.7733333333333333,Average,I5_1323,510
Normal,relative,3,0.5066666666666667,Worst,I5_1323,510
Normal,relative,3,0.6133333333333333,Average,I5_1323,510
Normal,relative,4,0.6533333333333333,Worst,I5_1323,510
Normal,relative,4,0.8066666666666666,Average,I5_1323,510
Normal,relative,5,0.7,Worst,I5_1323,510
Normal,relative,5,0.7133333333333334,Average,I5_1323,510
Normal,relative,6,0.7066666666666667,Worst,I5_1323,510
Normal,relative,6,0.96,Average,I5_1323,510
Normal,relative,7,0.7666666666666667,Worst,I5_1323,510
Normal,relative,7,0.8666666666666667,Average,I5_1323,510
Normal,relative,8,0.8333333333333334,Worst,I5_1323,510
Normal,relative,8,0.94,Average,I5_1323,510
Normal,relative,9,0.8066666666666666,Worst,I5_1323,510
Normal,relative,9,0.9,Average,I5_1323,510
Normal,relative,10,0.8,Worst,I5_1323,510
Normal,relative,10,0.9533333333333334,Average,I5_1323,510
Normal,relative,11,0.88,Worst,I5_1323,510
Normal,relative,11,0.96,Average,I5_1323,510
Normal,relative,12,0.8533333333333334,Worst,I5_1323,510
Normal,relative,12,0.8533333333333334,Average,I5_1323,510
Normal,relative,13,0.88,Worst,I5_1323,510
Normal,relative,13,0.84,Average,I5_1323,510
Normal,relative,14,0.8866666666666667,Worst,I5_1323,510
Normal,relative,14,0.9266666666666666,Average,I5_1323,510
Normal,relative,15,0.8933333333333333,Worst,I5_1323,510
Normal,relative,15,0.9066666666666666,Average,I5_1323,510
Normal,relative,16,0.8466666666666667,Worst,I5_1323,510
Normal,relative,16,0.96,Average,I5_1323,510
Normal,relative,17,0.9333333333333333,Worst,I5_1323,510
Normal,relative,17,0.9933333333333333,Average,I5_1323,510
Normal,relative,18,0.8866666666666667,Worst,I5_1323,510
Normal,relative,18,0.9333333333333333,Average,I5_1323,510
Normal,relative,19,0.96,Worst,I5_1323,510
Normal,relative,19,0.94,Average,I5_1323,510
Normal,relative,20,0.9,Worst,I5_1323,510
Normal,relative,20,0.98,Average,I5_1323,510
Normal,relative,21,0.9133333333333333,Worst,I5_1323,510
Normal,relative,21,0.9066666666666666,Average,I5_1323,510
Normal,relative,22,0.9333333333333333,Worst,I5_1323,510
Normal,relative,22,0.98,Average,I5_1323,510
Normal,relative,23,0.9666666666666667,Worst,I5_1323,510
Normal,relative,23,0.9466666666666667,Average,I5_1323,510
Normal,relative,24,0.9466666666666667,Worst,I5_1323,510
Normal,relative,24,0.9533333333333334,Average,I5_1323,510
Normal,relative,25,0.9133333333333333,Worst,I5_1323,510
Normal,relative,25,0.9466666666666667,Average,I5_1323,510
Normal,relative,26,0.9533333333333334,Worst,I5_1323,510
Normal,relative,26,0.9866666666666667,Average,I5_1323,510
Normal,relative,27,0.9466666666666667,Worst,I5_1323,510
Normal,relative,27,0.9,Average,I5_1323,510
Normal,relative,28,0.9666666666666667,Worst,I5_1323,510
Normal,relative,28,0.9466666666666667,Average,I5_1323,510
Normal,relative,29,0.9533333333333334,Worst,I5_1323,510
Normal,relative,29,0.9533333333333334,Average,I5_1323,510
Normal,relative,30,0.96,Worst,I5_1323,510
Normal,relative,30,0.9533333333333334,Average,I5_1323,510
Normal,relative,1,0.12,Worst,I5_24,510
Normal,relative,1,0.18666666666666668,Average,I5_24,510
Normal,relative,2,0.42,Worst,I5_24,510
Normal,relative,2,0.7666666666666667,Average,I5_24,510
Normal,relative,3,0.5466666666666666,Worst,I5_24,510
Normal,relative,3,0.6133333333333333,Average,I5_24,510
Normal,relative,4,0.68,Worst,I5_24,510
Normal,relative,4,0.7266666666666667,Average,I5_24,510
Normal,relative,5,0.6266666666666667,Worst,I5_24,510
Normal,relative,5,0.7066666666666667,Average,I5_24,510
Normal,relative,6,0.6866666666666666,Worst,I5_24,510
Normal,relative,6,0.7533333333333333,Average,I5_24,510
Normal,relative,7,0.82,Worst,I5_24,510
Normal,relative,7,0.9333333333333333,Average,I5_24,510
Normal,relative,8,0.8466666666666667,Worst,I5_24,510
Normal,relative,8,0.9066666666666666,Average,I5_24,510
Normal,relative,9,0.8533333333333334,Worst,I5_24,510
Normal,relative,9,0.9,Average,I5_24,510
Normal,relative,10,0.8133333333333334,Worst,I5_24,510
Normal,relative,10,0.88,Average,I5_24,510
Normal,relative,11,0.8933333333333333,Worst,I5_24,510
Normal,relative,11,0.9133333333333333,Average,I5_24,510
Normal,relative,12,0.94,Worst,I5_24,510
Normal,relative,12,0.9266666666666666,Average,I5_24,510
Normal,relative,13,0.92,Worst,I5_24,510
Normal,relative,13,0.9066666666666666,Average,I5_24,510
Normal,relative,14,0.9,Worst,I5_24,510
Normal,relative,14,0.9533333333333334,Average,I5_24,510
Normal,relative,15,0.8733333333333333,Worst,I5_24,510
Normal,relative,15,0.9,Average,I5_24,510
Normal,relative,16,0.9066666666666666,Worst,I5_24,510
Normal,relative,16,0.8933333333333333,Average,I5_24,510
Normal,relative,17,0.8933333333333333,Worst,I5_24,510
Normal,relative,17,0.98,Average,I5_24,510
Normal,relative,18,0.94,Worst,I5_24,510
Normal,relative,18,0.9066666666666666,Average,I5_24,510
Normal,relative,19,0.9333333333333333,Worst,I5_24,510
Normal,relative,19,0.9733333333333334,Average,I5_24,510
Normal,relative,20,0.92,Worst,I5_24,510
Normal,relative,20,0.94,Average,I5_24,510
Normal,relative,21,0.94,Worst,I5_24,510
Normal,relative,21,0.94,Average,I5_24,510
Normal,relative,22,0.9,Worst,I5_24,510
Normal,relative,22,0.96,Average,I5_24,510
Normal,relative,23,0.96,Worst,I5_24,510
Normal,relative,23,0.96,Average,I5_24,510
Normal,relative,24,0.94,Worst,I5_24,510
Normal,relative,24,0.94,Average,I5_24,510
Normal,relative,25,0.9333333333333333,Worst,I5_24,510
Normal,relative,25,0.9666666666666667,Average,I5_24,510
Normal,relative,26,0.9333333333333333,Worst,I5_24,510
Normal,relative,26,0.98,Average,I5_24,510
Normal,relative,27,0.9466666666666667,Worst,I5_24,510
Normal,relative,27,0.9266666666666666,Average,I5_24,510
Normal,relative,28,0.9666666666666667,Worst,I5_24,510
Normal,relative,28,0.98,Average,I5_24,510
Normal,relative,29,0.96,Worst,I5_24,510
Normal,relative,29,1.0,Average,I5_24,510
Normal,relative,30,0.9333333333333333,Worst,I5_24,510
Normal,relative,30,1.0,Average,I5_24,510
Normal,relative,1,0.19333333333333333,Worst,I2_225,526
Normal,relative,1,0.4533333333333333,Average,I2_225,526
Normal,relative,2,0.4266666666666667,Worst,I2_225,526
Normal,relative,2,0.5133333333333333,Average,I2_225,526
Normal,relative,3,0.54,Worst,I2_225,526
Normal,relative,3,0.6733333333333333,Average,I2_225,526
Normal,relative,4,0.66,Worst,I2_225,526
Normal,relative,4,0.7533333333333333,Average,I2_225,526
Normal,relative,5,0.6866666666666666,Worst,I2_225,526
Normal,relative,5,0.8066666666666666,Average,I2_225,526
Normal,relative,6,0.76,Worst,I2_225,526
Normal,relative,6,0.7,Average,I2_225,526
Normal,relative,7,0.7466666666666667,Worst,I2_225,526
Normal,relative,7,0.9733333333333334,Average,I2_225,526
Normal,relative,8,0.7533333333333333,Worst,I2_225,526
Normal,relative,8,0.88,Average,I2_225,526
Normal,relative,9,0.8466666666666667,Worst,I2_225,526
Normal,relative,9,0.96,Average,I2_225,526
Normal,relative,10,0.8333333333333334,Worst,I2_225,526
Normal,relative,10,0.9666666666666667,Average,I2_225,526
Normal,relative,11,0.9066666666666666,Worst,I2_225,526
Normal,relative,11,0.9266666666666666,Average,I2_225,526
Normal,relative,12,0.8666666666666667,Worst,I2_225,526
Normal,relative,12,0.9333333333333333,Average,I2_225,526
Normal,relative,13,0.8866666666666667,Worst,I2_225,526
Normal,relative,13,0.92,Average,I2_225,526
Normal,relative,14,0.9066666666666666,Worst,I2_225,526
Normal,relative,14,0.92,Average,I2_225,526
Normal,relative,15,0.8866666666666667,Worst,I2_225,526
Normal,relative,15,0.9,Average,I2_225,526
Normal,relative,16,0.86,Worst,I2_225,526
Normal,relative,16,0.9266666666666666,Average,I2_225,526
Normal,relative,17,0.9066666666666666,Worst,I2_225,526
Normal,relative,17,0.9266666666666666,Average,I2_225,526
Normal,relative,18,0.9333333333333333,Worst,I2_225,526
Normal,relative,18,0.94,Average,I2_225,526
Normal,relative,19,0.9133333333333333,Worst,I2_225,526
Normal,relative,19,0.9333333333333333,Average,I2_225,526
Normal,relative,20,0.8666666666666667,Worst,I2_225,526
Normal,relative,20,0.9933333333333333,Average,I2_225,526
Normal,relative,21,0.9266666666666666,Worst,I2_225,526
Normal,relative,21,0.92,Average,I2_225,526
Normal,relative,22,0.9266666666666666,Worst,I2_225,526
Normal,relative,22,0.96,Average,I2_225,526
Normal,relative,23,0.9333333333333333,Worst,I2_225,526
Normal,relative,23,0.9733333333333334,Average,I2_225,526
Normal,relative,24,0.9666666666666667,Worst,I2_225,526
Normal,relative,24,0.9533333333333334,Average,I2_225,526
Normal,relative,25,0.9533333333333334,Worst,I2_225,526
Normal,relative,25,0.9866666666666667,Average,I2_225,526
Normal,relative,26,0.9733333333333334,Worst,I2_225,526
Normal,relative,26,0.94,Average,I2_225,526
Normal,relative,27,0.9266666666666666,Worst,I2_225,526
Normal,relative,27,0.96,Average,I2_225,526
Normal,relative,28,0.9466666666666667,Worst,I2_225,526
Normal,relative,28,1.0,Average,I2_225,526
Normal,relative,29,0.9333333333333333,Worst,I2_225,526
Normal,relative,29,0.9866666666666667,Average,I2_225,526
Normal,relative,30,0.9333333333333333,Worst,I2_225,526
Normal,relative,30,0.9466666666666667,Average,I2_225,526
Normal,relative,1,0.21333333333333335,Worst,I3_1308,516
Normal,relative,1,0.5133333333333333,Average,I3_1308,516
Normal,relative,2,0.44,Worst,I3_1308,516
Normal,relative,2,0.5466666666666666,Average,I3_1308,516
Normal,relative,3,0.62,Worst,I3_1308,516
Normal,relative,3,0.66,Average,I3_1308,516
Normal,relative,4,0.6533333333333333,Worst,I3_1308,516
Normal,relative,4,0.64,Average,I3_1308,516
Normal,relative,5,0.6933333333333334,Worst,I3_1308,516
Normal,relative,5,0.8866666666666667,Average,I3_1308,516
Normal,relative,6,0.7533333333333333,Worst,I3_1308,516
Normal,relative,6,0.7733333333333333,Average,I3_1308,516
Normal,relative,7,0.7666666666666667,Worst,I3_1308,516
Normal,relative,7,0.8933333333333333,Average,I3_1308,516
Normal,relative,8,0.7733333333333333,Worst,I3_1308,516
Normal,relative,8,0.9533333333333334,Average,I3_1308,516
Normal,relative,9,0.8333333333333334,Worst,I3_1308,516
Normal,relative,9,0.8733333333333333,Average,I3_1308,516
Normal,relative,10,0.78,Worst,I3_1308,516
Normal,relative,10,0.9466666666666667,Average,I3_1308,516
Normal,relative,11,0.8533333333333334,Worst,I3_1308,516
Normal,relative,11,0.8533333333333334,Average,I3_1308,516
Normal,relative,12,0.9133333333333333,Worst,I3_1308,516
Normal,relative,12,0.9866666666666667,Average,I3_1308,516
Normal,relative,13,0.88,Worst,I3_1308,516
Normal,relative,13,0.9266666666666666,Average,I3_1308,516
Normal,relative,14,0.92,Worst,I3_1308,516
Normal,relative,14,0.9133333333333333,Average,I3_1308,516
Normal,relative,15,0.8933333333333333,Worst,I3_1308,516
Normal,relative,15,0.92,Average,I3_1308,516
Normal,relative,16,0.92,Worst,I3_1308,516
Normal,relative,16,0.9866666666666667,Average,I3_1308,516
Normal,relative,17,0.9133333333333333,Worst,I3_1308,516
Normal,relative,17,0.9733333333333334,Average,I3_1308,516
Normal,relative,18,0.8866666666666667,Worst,I3_1308,516
Normal,relative,18,0.96,Average,I3_1308,516
Normal,relative,19,0.9,Worst,I3_1308,516
Normal,relative,19,0.92,Average,I3_1308,516
Normal,relative,20,0.92,Worst,I3_1308,516
Normal,relative,20,0.9,Average,I3_1308,516
Normal,relative,21,0.9133333333333333,Worst,I3_1308,516
Normal,relative,21,0.94,Average,I3_1308,516
Normal,relative,22,0.94,Worst,I3_1308,516
Normal,relative,22,0.94,Average,I3_1308,516
Normal,relative,23,0.9333333333333333,Worst,I3_1308,516
Normal,relative,23,0.96,Average,I3_1308,516
Normal,relative,24,0.92,Worst,I3_1308,516
Normal,relative,24,0.9533333333333334,Average,I3_1308,516
Normal,relative,25,0.9533333333333334,Worst,I3_1308,516
Normal,relative,25,0.9933333333333333,Average,I3_1308,516
Normal,relative,26,0.94,Worst,I3_1308,516
Normal,relative,26,0.9933333333333333,Average,I3_1308,516
Normal,relative,27,0.94,Worst,I3_1308,516
Normal,relative,27,0.96,Average,I3_1308,516
Normal,relative,28,0.9466666666666667,Worst,I3_1308,516
Normal,relative,28,0.98,Average,I3_1308,516
Normal,relative,29,0.94,Worst,I3_1308,516
Normal,relative,29,1.0,Average,I3_1308,516
Normal,relative,30,0.9333333333333333,Worst,I3_1308,516
Normal,relative,30,0.9666666666666667,Average,I3_1308,516
Normal,relative,1,0.18,Worst,I2_1311,526
Normal,relative,1,0.44666666666666666,Average,I2_1311,526
Normal,relative,2,0.44,Worst,I2_1311,526
Normal,relative,2,0.46,Average,I2_1311,526
Normal,relative,3,0.54,Worst,I2_1311,526
Normal,relative,3,0.6133333333333333,Average,I2_1311,526
Normal,relative,4,0.6533333333333333,Worst,I2_1311,526
Normal,relative,4,0.8533333333333334,Average,I2_1311,526
Normal,relative,5,0.6866666666666666,Worst,I2_1311,526
Normal,relative,5,0.94,Average,I2_1311,526
Normal,relative,6,0.7933333333333333,Worst,I2_1311,526
Normal,relative,6,0.9733333333333334,Average,I2_1311,526
Normal,relative,7,0.7933333333333333,Worst,I2_1311,526
Normal,relative,7,0.92,Average,I2_1311,526
Normal,relative,8,0.8333333333333334,Worst,I2_1311,526
Normal,relative,8,0.8533333333333334,Average,I2_1311,526
Normal,relative,9,0.76,Worst,I2_1311,526
Normal,relative,9,0.9933333333333333,Average,I2_1311,526
Normal,relative,10,0.8533333333333334,Worst,I2_1311,526
Normal,relative,10,0.8133333333333334,Average,I2_1311,526
Normal,relative,11,0.82,Worst,I2_1311,526
Normal,relative,11,0.88,Average,I2_1311,526
Normal,relative,12,0.8666666666666667,Worst,I2_1311,526
Normal,relative,12,0.8866666666666667,Average,I2_1311,526
Normal,relative,13,0.88,Worst,I2_1311,526
Normal,relative,13,0.94,Average,I2_1311,526
Normal,relative,14,0.8533333333333334,Worst,I2_1311,526
Normal,relative,14,0.9066666666666666,Average,I2_1311,526
Normal,relative,15,0.9,Worst,I2_1311,526
Normal,relative,15,0.8466666666666667,Average,I2_1311,526
Normal,relative,16,0.88,Worst,I2_1311,526
Normal,relative,16,0.9866666666666667,Average,I2_1311,526
Normal,relative,17,0.92,Worst,I2_1311,526
Normal,relative,17,0.9133333333333333,Average,I2_1311,526
Normal,relative,18,0.9,Worst,I2_1311,526
Normal,relative,18,0.9266666666666666,Average,I2_1311,526
Normal,relative,19,0.8866666666666667,Worst,I2_1311,526
Normal,relative,19,0.9666666666666667,Average,I2_1311,526
Normal,relative,20,0.9,Worst,I2_1311,526
Normal,relative,20,0.9333333333333333,Average,I2_1311,526
Normal,relative,21,0.9333333333333333,Worst,I2_1311,526
Normal,relative,21,0.9066666666666666,Average,I2_1311,526
Normal,relative,22,0.8933333333333333,Worst,I2_1311,526
Normal,relative,22,0.9133333333333333,Average,I2_1311,526
Normal,relative,23,0.9266666666666666,Worst,I2_1311,526
Normal,relative,23,0.98,Average,I2_1311,526
Normal,relative,24,0.94,Worst,I2_1311,526
Normal,relative,24,0.98,Average,I2_1311,526
Normal,relative,25,0.94,Worst,I2_1311,526
Normal,relative,25,0.9733333333333334,Average,I2_1311,526
Normal,relative,26,0.9533333333333334,Worst,I2_1311,526
Normal,relative,26,0.9466666666666667,Average,I2_1311,526
Normal,relative,27,0.94,Worst,I2_1311,526
Normal,relative,27,0.9533333333333334,Average,I2_1311,526
Normal,relative,28,0.94,Worst,I2_1311,526
Normal,relative,28,0.9466666666666667,Average,I2_1311,526
Normal,relative,29,0.94,Worst,I2_1311,526
Normal,relative,29,0.9533333333333334,Average,I2_1311,526
Normal,relative,30,0.9266666666666666,Worst,I2_1311,526
Normal,relative,30,0.9333333333333333,Average,I2_1311,526
Normal,relative,1,0.20666666666666667,Worst,I5_828,510
Normal,relative,1,0.6,Average,I5_828,510
Normal,relative,2,0.47333333333333333,Worst,I5_828,510
Normal,relative,2,0.5666666666666667,Average,I5_828,510
Normal,relative,3,0.5866666666666667,Worst,I5_828,510
Normal,relative,3,0.6333333333333333,Average,I5_828,510
Normal,relative,4,0.6466666666666666,Worst,I5_828,510
Normal,relative,4,0.9333333333333333,Average,I5_828,510
Normal,relative,5,0.7333333333333333,Worst,I5_828,510
Normal,relative,5,0.9333333333333333,Average,I5_828,510
Normal,relative,6,0.7533333333333333,Worst,I5_828,510
Normal,relative,6,0.96,Average,I5_828,510
Normal,relative,7,0.7733333333333333,Worst,I5_828,510
Normal,relative,7,0.9333333333333333,Average,I5_828,510
Normal,relative,8,0.78,Worst,I5_828,510
Normal,relative,8,0.9333333333333333,Average,I5_828,510
Normal,relative,9,0.82,Worst,I5_828,510
Normal,relative,9,0.94,Average,I5_828,510
Normal,relative,10,0.84,Worst,I5_828,510
Normal,relative,10,0.94,Average,I5_828,510
Normal,relative,11,0.84,Worst,I5_828,510
Normal,relative,11,0.8933333333333333,Average,I5_828,510
Normal,relative,12,0.8733333333333333,Worst,I5_828,510
Normal,relative,12,0.9466666666666667,Average,I5_828,510
Normal,relative,13,0.8733333333333333,Worst,I5_828,510
Normal,relative,13,0.9466666666666667,Average,I5_828,510
Normal,relative,14,0.92,Worst,I5_828,510
Normal,relative,14,0.96,Average,I5_828,510
Normal,relative,15,0.9266666666666666,Worst,I5_828,510
Normal,relative,15,0.9866666666666667,Average,I5_828,510
Normal,relative,16,0.8666666666666667,Worst,I5_828,510
Normal,relative,16,0.9733333333333334,Average,I5_828,510
Normal,relative,17,0.8866666666666667,Worst,I5_828,510
Normal,relative,17,0.9466666666666667,Average,I5_828,510
Normal,relative,18,0.9333333333333333,Worst,I5_828,510
Normal,relative,18,0.9933333333333333,Average,I5_828,510
Normal,relative,19,0.8866666666666667,Worst,I5_828,510
Normal,relative,19,0.9066666666666666,Average,I5_828,510
Normal,relative,20,0.9133333333333333,Worst,I5_828,510
Normal,relative,20,0.9466666666666667,Average,I5_828,510
Normal,relative,21,0.9466666666666667,Worst,I5_828,510
Normal,relative,21,0.9333333333333333,Average,I5_828,510
Normal,relative,22,0.9466666666666667,Worst,I5_828,510
Normal,relative,22,0.9333333333333333,Average,I5_828,510
Normal,relative,23,0.9266666666666666,Worst,I5_828,510
Normal,relative,23,0.9133333333333333,Average,I5_828,510
Normal,relative,24,0.9666666666666667,Worst,I5_828,510
Normal,relative,24,0.92,Average,I5_828,510
Normal,relative,25,0.9733333333333334,Worst,I5_828,510
Normal,relative,25,0.96,Average,I5_828,510
Normal,relative,26,0.92,Worst,I5_828,510
Normal,relative,26,0.9466666666666667,Average,I5_828,510
Normal,relative,27,0.9266666666666666,Worst,I5_828,510
Normal,relative,27,0.9866666666666667,Average,I5_828,510
Normal,relative,28,0.9533333333333334,Worst,I5_828,510
Normal,relative,28,0.94,Average,I5_828,510
Normal,relative,29,0.94,Worst,I5_828,510
Normal,relative,29,0.9733333333333334,Average,I5_828,510
Normal,relative,30,0.98,Worst,I5_828,510
Normal,relative,30,0.96,Average,I5_828,510
Normal,relative,1,0.24666666666666667,Worst,I2_1023,526
Normal,relative,1,0.7733333333333333,Average,I2_1023,526
Normal,relative,2,0.47333333333333333,Worst,I2_1023,526
Normal,relative,2,0.5866666666666667,Average,I2_1023,526
Normal,relative,3,0.5933333333333334,Worst,I2_1023,526
Normal,relative,3,0.94,Average,I2_1023,526
Normal,relative,4,0.6733333333333333,Worst,I2_1023,526
Normal,relative,4,0.9333333333333333,Average,I2_1023,526
Normal,relative,5,0.6466666666666666,Worst,I2_1023,526
Normal,relative,5,0.82,Average,I2_1023,526
Normal,relative,6,0.7333333333333333,Worst,I2_1023,526
Normal,relative,6,0.7133333333333334,Average,I2_1023,526
Normal,relative,7,0.82,Worst,I2_1023,526
Normal,relative,7,0.6933333333333334,Average,I2_1023,526
Normal,relative,8,0.8066666666666666,Worst,I2_1023,526
Normal,relative,8,0.8933333333333333,Average,I2_1023,526
Normal,relative,9,0.7933333333333333,Worst,I2_1023,526
Normal,relative,9,0.8333333333333334,Average,I2_1023,526
Normal,relative,10,0.8733333333333333,Worst,I2_1023,526
Normal,relative,10,0.96,Average,I2_1023,526
Normal,relative,11,0.8733333333333333,Worst,I2_1023,526
Normal,relative,11,0.8133333333333334,Average,I2_1023,526
Normal,relative,12,0.8066666666666666,Worst,I2_1023,526
Normal,relative,12,0.9066666666666666,Average,I2_1023,526
Normal,relative,13,0.94,Worst,I2_1023,526
Normal,relative,13,0.9733333333333334,Average,I2_1023,526
Normal,relative,14,0.9,Worst,I2_1023,526
Normal,relative,14,0.9466666666666667,Average,I2_1023,526
Normal,relative,15,0.88,Worst,I2_1023,526
Normal,relative,15,0.9533333333333334,Average,I2_1023,526
Normal,relative,16,0.8666666666666667,Worst,I2_1023,526
Normal,relative,16,0.86,Average,I2_1023,526
Normal,relative,17,0.9133333333333333,Worst,I2_1023,526
Normal,relative,17,0.9533333333333334,Average,I2_1023,526
Normal,relative,18,0.9066666666666666,Worst,I2_1023,526
Normal,relative,18,0.92,Average,I2_1023,526
Normal,relative,19,0.9,Worst,I2_1023,526
Normal,relative,19,0.9733333333333334,Average,I2_1023,526
Normal,relative,20,0.9266666666666666,Worst,I2_1023,526
Normal,relative,20,0.9466666666666667,Average,I2_1023,526
Normal,relative,21,0.9066666666666666,Worst,I2_1023,526
Normal,relative,21,0.9866666666666667,Average,I2_1023,526
Normal,relative,22,0.88,Worst,I2_1023,526
Normal,relative,22,0.9866666666666667,Average,I2_1023,526
Normal,relative,23,0.9266666666666666,Worst,I2_1023,526
Normal,relative,23,0.9733333333333334,Average,I2_1023,526
Normal,relative,24,0.94,Worst,I2_1023,526
Normal,relative,24,0.9866666666666667,Average,I2_1023,526
Normal,relative,25,0.9266666666666666,Worst,I2_1023,526
Normal,relative,25,0.9466666666666667,Average,I2_1023,526
Normal,relative,26,0.9133333333333333,Worst,I2_1023,526
Normal,relative,26,0.96,Average,I2_1023,526
Normal,relative,27,0.9466666666666667,Worst,I2_1023,526
Normal,relative,27,0.9466666666666667,Average,I2_1023,526
Normal,relative,28,0.96,Worst,I2_1023,526
Normal,relative,28,0.9666666666666667,Average,I2_1023,526
Normal,relative,29,0.98,Worst,I2_1023,526
Normal,relative,29,0.92,Average,I2_1023,526
Normal,relative,30,0.9333333333333333,Worst,I2_1023,526
Normal,relative,30,0.9933333333333333,Average,I2_1023,526
Exponential,relative,1,0.006666666666666667,Worst,I1_1422,523
Exponential,relative,1,0.44666666666666666,Average,I1_1422,523
Exponential,relative,2,0.14666666666666667,Worst,I1_1422,523
Exponential,relative,2,0.8866666666666667,Average,I1_1422,523
Exponential,relative,3,0.18,Worst,I1_1422,523
Exponential,relative,3,0.5533333333333333,Average,I1_1422,523
Exponential,relative,4,0.2866666666666667,Worst,I1_1422,523
Exponential,relative,4,0.98,Average,I1_1422,523
Exponential,relative,5,0.41333333333333333,Worst,I1_1422,523
Exponential,relative,5,0.7866666666666666,Average,I1_1422,523
Exponential,relative,6,0.35333333333333333,Worst,I1_1422,523
Exponential,relative,6,0.9866666666666667,Average,I1_1422,523
Exponential,relative,7,0.44,Worst,I1_1422,523
Exponential,relative,7,0.5666666666666667,Average,I1_1422,523
Exponential,relative,8,0.54,Worst,I1_1422,523
Exponential,relative,8,0.9866666666666667,Average,I1_1422,523
Exponential,relative,9,0.6666666666666666,Worst,I1_1422,523
Exponential,relative,9,0.5333333333333333,Average,I1_1422,523
Exponential,relative,10,0.5666666666666667,Worst,I1_1422,523
Exponential,relative,10,0.9866666666666667,Average,I1_1422,523
Exponential,relative,11,0.6733333333333333,Worst,I1_1422,523
Exponential,relative,11,0.7533333333333333,Average,I1_1422,523
Exponential,relative,12,0.6733333333333333,Worst,I1_1422,523
Exponential,relative,12,0.88,Average,I1_1422,523
Exponential,relative,13,0.6733333333333333,Worst,I1_1422,523
Exponential,relative,13,0.9533333333333334,Average,I1_1422,523
Exponential,relative,14,0.6533333333333333,Worst,I1_1422,523
Exponential,relative,14,0.9066666666666666,Average,I1_1422,523
Exponential,relative,15,0.64,Worst,I1_1422,523
Exponential,relative,15,0.86,Average,I1_1422,523
Exponential,relative,16,0.78,Worst,I1_1422,523
Exponential,relative,16,0.7333333333333333,Average,I1_1422,523
Exponential,relative,17,0.7,Worst,I1_1422,523
Exponential,relative,17,1.0,Average,I1_1422,523
Exponential,relative,18,0.7,Worst,I1_1422,523
Exponential,relative,18,1.0,Average,I1_1422,523
Exponential,relative,19,0.78,Worst,I1_1422,523
Exponential,relative,19,0.9666666666666667,Average,I1_1422,523
Exponential,relative,20,0.84,Worst,I1_1422,523
Exponential,relative,20,0.96,Average,I1_1422,523
Exponential,relative,21,0.86,Worst,I1_1422,523
Exponential,relative,21,0.9933333333333333,Average,I1_1422,523
Exponential,relative,22,0.86,Worst,I1_1422,523
Exponential,relative,22,1.0,Average,I1_1422,523
Exponential,relative,23,0.8266666666666667,Worst,I1_1422,523
Exponential,relative,23,0.98,Average,I1_1422,523
Exponential,relative,24,0.82,Worst,I1_1422,523
Exponential,relative,24,0.9266666666666666,Average,I1_1422,523
Exponential,relative,25,0.7533333333333333,Worst,I1_1422,523
Exponential,relative,25,1.0,Average,I1_1422,523
Exponential,relative,26,0.7666666666666667,Worst,I1_1422,523
Exponential,relative,26,0.9066666666666666,Average,I1_1422,523
Exponential,relative,27,0.8533333333333334,Worst,I1_1422,523
Exponential,relative,27,0.9066666666666666,Average,I1_1422,523
Exponential,relative,28,0.88,Worst,I1_1422,523
Exponential,relative,28,0.9866666666666667,Average,I1_1422,523
Exponential,relative,29,0.78,Worst,I1_1422,523
Exponential,relative,29,0.9666666666666667,Average,I1_1422,523
Exponential,relative,30,0.9133333333333333,Worst,I1_1422,523
Exponential,relative,30,0.98,Average,I1_1422,523
Exponential,relative,1,0.013333333333333334,Worst,I4_1026,507
Exponential,relative,1,0.8933333333333333,Average,I4_1026,507
Exponential,relative,2,0.05333333333333334,Worst,I4_1026,507
Exponential,relative,2,0.9133333333333333,Average,I4_1026,507
Exponential,relative,3,0.16,Worst,I4_1026,507
Exponential,relative,3,0.43333333333333335,Average,I4_1026,507
Exponential,relative,4,0.24,Worst,I4_1026,507
Exponential,relative,4,0.6533333333333333,Average,I4_1026,507
Exponential,relative,5,0.32,Worst,I4_1026,507
Exponential,relative,5,0.9866666666666667,Average,I4_1026,507
Exponential,relative,6,0.46,Worst,I4_1026,507
Exponential,relative,6,0.74,Average,I4_1026,507
Exponential,relative,7,0.58,Worst,I4_1026,507
Exponential,relative,7,0.8266666666666667,Average,I4_1026,507
Exponential,relative,8,0.5133333333333333,Worst,I4_1026,507
Exponential,relative,8,0.9933333333333333,Average,I4_1026,507
Exponential,relative,9,0.6066666666666667,Worst,I4_1026,507
Exponential,relative,9,0.96,Average,I4_1026,507
Exponential,relative,10,0.64,Worst,I4_1026,507
Exponential,relative,10,1.0,Average,I4_1026,507
Exponential,relative,11,0.6466666666666666,Worst,I4_1026,507
Exponential,relative,11,0.9933333333333333,Average,I4_1026,507
Exponential,relative,12,0.6466666666666666,Worst,I4_1026,507
Exponential,relative,12,0.94,Average,I4_1026,507
Exponential,relative,13,0.7466666666666667,Worst,I4_1026,507
Exponential,relative,13,0.9933333333333333,Average,I4_1026,507
Exponential,relative,14,0.64,Worst,I4_1026,507
Exponential,relative,14,0.96,Average,I4_1026,507
Exponential,relative,15,0.68,Worst,I4_1026,507
Exponential,relative,15,0.9466666666666667,Average,I4_1026,507
Exponential,relative,16,0.7266666666666667,Worst,I4_1026,507
Exponential,relative,16,0.9733333333333334,Average,I4_1026,507
Exponential,relative,17,0.72,Worst,I4_1026,507
Exponential,relative,17,0.9733333333333334,Average,I4_1026,507
Exponential,relative,18,0.76,Worst,I4_1026,507
Exponential,relative,18,0.9933333333333333,Average,I4_1026,507
Exponential,relative,19,0.7666666666666667,Worst,I4_1026,507
Exponential,relative,19,0.9933333333333333,Average,I4_1026,507
Exponential,relative,20,0.8333333333333334,Worst,I4_1026,507
Exponential,relative,20,0.9933333333333333,Average,I4_1026,507
Exponential,relative,21,0.7933333333333333,Worst,I4_1026,507
Exponential,relative,21,0.9733333333333334,Average,I4_1026,507
Exponential,relative,22,0.7866666666666666,Worst,I4_1026,507
Exponential,relative,22,0.8666666666666667,Average,I4_1026,507
Exponential,relative,23,0.8733333333333333,Worst,I4_1026,507
Exponential,relative,23,0.88,Average,I4_1026,507
Exponential,relative,24,0.8333333333333334,Worst,I4_1026,507
Exponential,relative,24,1.0,Average,I4_1026,507
Exponential,relative,25,0.8066666666666666,Worst,I4_1026,507
Exponential,relative,25,0.96,Average,I4_1026,507
Exponential,relative,26,0.8,Worst,I4_1026,507
Exponential,relative,26,1.0,Average,I4_1026,507
Exponential,relative,27,0.76,Worst,I4_1026,507
Exponential,relative,27,0.98,Average,I4_1026,507
Exponential,relative,28,0.9,Worst,I4_1026,507
Exponential,relative,28,0.98,Average,I4_1026,507
Exponential,relative,29,0.82,Worst,I4_1026,507
Exponential,relative,29,0.84,Average,I4_1026,507
Exponential,relative,30,0.8466666666666667,Worst,I4_1026,507
Exponential,relative,30,0.94,Average,I4_1026,507
Exponential,relative,1,0.0,Worst,I3_441,516
Exponential,relative,1,0.92,Average,I3_441,516
Exponential,relative,2,0.08,Worst,I3_441,516
Exponential,relative,2,0.98,Average,I3_441,516
Exponential,relative,3,0.23333333333333334,Worst,I3_441,516
Exponential,relative,3,0.44,Average,I3_441,516
Exponential,relative,4,0.2733333333333333,Worst,I3_441,516
Exponential,relative,4,0.86,Average,I3_441,516
Exponential,relative,5,0.35333333333333333,Worst,I3_441,516
Exponential,relative,5,0.9466666666666667,Average,I3_441,516
Exponential,relative,6,0.4066666666666667,Worst,I3_441,516
Exponential,relative,6,0.9866666666666667,Average,I3_441,516
Exponential,relative,7,0.5533333333333333,Worst,I3_441,516
Exponential,relative,7,0.9133333333333333,Average,I3_441,516
Exponential,relative,8,0.46,Worst,I3_441,516
Exponential,relative,8,0.9933333333333333,Average,I3_441,516
Exponential,relative,9,0.5666666666666667,Worst,I3_441,516
Exponential,relative,9,0.92,Average,I3_441,516
Exponential,relative,10,0.6066666666666667,Worst,I3_441,516
Exponential,relative,10,0.9266666666666666,Average,I3_441,516
Exponential,relative,11,0.64,Worst,I3_441,516
Exponential,relative,11,0.98,Average,I3_441,516
Exponential,relative,12,0.6466666666666666,Worst,I3_441,516
Exponential,relative,12,0.8933333333333333,Average,I3_441,516
Exponential,relative,13,0.6,Worst,I3_441,516
Exponential,relative,13,0.9933333333333333,Average,I3_441,516
Exponential,relative,14,0.68,Worst,I3_441,516
Exponential,relative,14,0.9266666666666666,Average,I3_441,516
Exponential,relative,15,0.6866666666666666,Worst,I3_441,516
Exponential,relative,15,0.9933333333333333,Average,I3_441,516
Exponential,relative,16,0.6933333333333334,Worst,I3_441,516
Exponential,relative,16,0.8733333333333333,Average,I3_441,516
Exponential,relative,17,0.8066666666666666,Worst,I3_441,516
Exponential,relative,17,0.86,Average,I3_441,516
Exponential,relative,18,0.7333333333333333,Worst,I3_441,516
Exponential,relative,18,0.9733333333333334,Average,I3_441,516
Exponential,relative,19,0.8133333333333334,Worst,I3_441,516
Exponential,relative,19,1.0,Average,I3_441,516
Exponential,relative,20,0.8266666666666667,Worst,I3_441,516
Exponential,relative,20,0.9933333333333333,Average,I3_441,516
Exponential,relative,21,0.8066666666666666,Worst,I3_441,516
Exponential,relative,21,0.8133333333333334,Average,I3_441,516
Exponential,relative,22,0.78,Worst,I3_441,516
Exponential,relative,22,0.9466666666666667,Average,I3_441,516
Exponential,relative,23,0.7933333333333333,Worst,I3_441,516
Exponential,relative,23,0.9666666666666667,Average,I3_441,516
Exponential,relative,24,0.7733333333333333,Worst,I3_441,516
Exponential,relative,24,0.84,Average,I3_441,516
Exponential,relative,25,0.7533333333333333,Worst,I3_441,516
Exponential,relative,25,1.0,Average,I3_441,516
Exponential,relative,26,0.8,Worst,I3_441,516
Exponential,relative,26,0.98,Average,I3_441,516
Exponential,relative,27,0.8133333333333334,Worst,I3_441,516
Exponential,relative,27,0.98,Average,I3_441,516
Exponential,relative,28,0.8333333333333334,Worst,I3_441,516
Exponential,relative,28,0.98,Average,I3_441,516
Exponential,relative,29,0.8533333333333334,Worst,I3_441,516
Exponential,relative,29,0.9866666666666667,Average,I3_441,516
Exponential,relative,30,0.84,Worst,I3_441,516
Exponential,relative,30,1.0,Average,I3_441,516
Exponential,relative,1,0.0,Worst,I1_1323,523
Exponential,relative,1,0.8066666666666666,Average,I1_1323,523
Exponential,relative,2,0.09333333333333334,Worst,I1_1323,523
Exponential,relative,2,0.9333333333333333,Average,I1_1323,523
Exponential,relative,3,0.24666666666666667,Worst,I1_1323,523
Exponential,relative,3,0.92,Average,I1_1323,523
Exponential,relative,4,0.24,Worst,I1_1323,523
Exponential,relative,4,0.92,Average,I1_1323,523
Exponential,relative,5,0.3333333333333333,Worst,I1_1323,523
Exponential,relative,5,0.9933333333333333,Average,I1_1323,523
Exponential,relative,6,0.4066666666666667,Worst,I1_1323,523
Exponential,relative,6,0.9666666666666667,Average,I1_1323,523
Exponential,relative,7,0.46,Worst,I1_1323,523
Exponential,relative,7,0.9733333333333334,Average,I1_1323,523
Exponential,relative,8,0.52,Worst,I1_1323,523
Exponential,relative,8,0.96,Average,I1_1323,523
Exponential,relative,9,0.5933333333333334,Worst,I1_1323,523
Exponential,relative,9,0.9866666666666667,Average,I1_1323,523
Exponential,relative,10,0.6266666666666667,Worst,I1_1323,523
Exponential,relative,10,0.9333333333333333,Average,I1_1323,523
Exponential,relative,11,0.64,Worst,I1_1323,523
Exponential,relative,11,0.9266666666666666,Average,I1_1323,523
Exponential,relative,12,0.6866666666666666,Worst,I1_1323,523
Exponential,relative,12,0.8466666666666667,Average,I1_1323,523
Exponential,relative,13,0.7333333333333333,Worst,I1_1323,523
Exponential,relative,13,0.8266666666666667,Average,I1_1323,523
Exponential,relative,14,0.72,Worst,I1_1323,523
Exponential,relative,14,1.0,Average,I1_1323,523
Exponential,relative,15,0.7266666666666667,Worst,I1_1323,523
Exponential,relative,15,1.0,Average,I1_1323,523
Exponential,relative,16,0.7,Worst,I1_1323,523
Exponential,relative,16,0.9866666666666667,Average,I1_1323,523
Exponential,relative,17,0.7733333333333333,Worst,I1_1323,523
Exponential,relative,17,0.88,Average,I1_1323,523
Exponential,relative,18,0.7466666666666667,Worst,I1_1323,523
Exponential,relative,18,0.9933333333333333,Average,I1_1323,523
Exponential,relative,19,0.76,Worst,I1_1323,523
Exponential,relative,19,0.9866666666666667,Average,I1_1323,523
Exponential,relative,20,0.7266666666666667,Worst,I1_1323,523
Exponential,relative,20,1.0,Average,I1_1323,523
Exponential,relative,21,0.8333333333333334,Worst,I1_1323,523
Exponential,relative,21,0.96,Average,I1_1323,523
Exponential,relative,22,0.76,Worst,I1_1323,523
Exponential,relative,22,0.98,Average,I1_1323,523
Exponential,relative,23,0.8466666666666667,Worst,I1_1323,523
Exponential,relative,23,1.0,Average,I1_1323,523
Exponential,relative,24,0.9133333333333333,Worst,I1_1323,523
Exponential,relative,24,0.9933333333333333,Average,I1_1323,523
Exponential,relative,25,0.8466666666666667,Worst,I1_1323,523
Exponential,relative,25,0.9666666666666667,Average,I1_1323,523
Exponential,relative,26,0.84,Worst,I1_1323,523
Exponential,relative,26,0.9866666666666667,Average,I1_1323,523
Exponential,relative,27,0.7866666666666666,Worst,I1_1323,523
Exponential,relative,27,0.94,Average,I1_1323,523
Exponential,relative,28,0.8733333333333333,Worst,I1_1323,523
Exponential,relative,28,0.9733333333333334,Average,I1_1323,523
Exponential,relative,29,0.82,Worst,I1_1323,523
Exponential,relative,29,0.9866666666666667,Average,I1_1323,523
Exponential,relative,30,0.8266666666666667,Worst,I1_1323,523
Exponential,relative,30,0.8533333333333334,Average,I1_1323,523
Exponential,relative,1,0.0,Worst,I2_1377,526
Exponential,relative,1,0.6133333333333333,Average,I2_1377,526
Exponential,relative,2,0.07333333333333333,Worst,I2_1377,526
Exponential,relative,2,0.8533333333333334,Average,I2_1377,526
Exponential,relative,3,0.22666666666666666,Worst,I2_1377,526
Exponential,relative,3,0.44666666666666666,Average,I2_1377,526
Exponential,relative,4,0.2866666666666667,Worst,I2_1377,526
Exponential,relative,4,0.98,Average,I2_1377,526
Exponential,relative,5,0.38,Worst,I2_1377,526
Exponential,relative,5,0.98,Average,I2_1377,526
Exponential,relative,6,0.4266666666666667,Worst,I2_1377,526
Exponential,relative,6,0.9066666666666666,Average,I2_1377,526
Exponential,relative,7,0.52,Worst,I2_1377,526
Exponential,relative,7,0.9466666666666667,Average,I2_1377,526
Exponential,relative,8,0.5266666666666666,Worst,I2_1377,526
Exponential,relative,8,0.9666666666666667,Average,I2_1377,526
Exponential,relative,9,0.5666666666666667,Worst,I2_1377,526
Exponential,relative,9,0.8333333333333334,Average,I2_1377,526
Exponential,relative,10,0.6333333333333333,Worst,I2_1377,526
Exponential,relative,10,0.9266666666666666,Average,I2_1377,526
Exponential,relative,11,0.6,Worst,I2_1377,526
Exponential,relative,11,0.9733333333333334,Average,I2_1377,526
Exponential,relative,12,0.6466666666666666,Worst,I2_1377,526
Exponential,relative,12,0.9866666666666667,Average,I2_1377,526
Exponential,relative,13,0.6933333333333334,Worst,I2_1377,526
Exponential,relative,13,0.7533333333333333,Average,I2_1377,526
Exponential,relative,14,0.68,Worst,I2_1377,526
Exponential,relative,14,0.98,Average,I2_1377,526
Exponential,relative,15,0.68,Worst,I2_1377,526
Exponential,relative,15,0.8733333333333333,Average,I2_1377,526
Exponential,relative,16,0.7266666666666667,Worst,I2_1377,526
Exponential,relative,16,0.9466666666666667,Average,I2_1377,526
Exponential,relative,17,0.7666666666666667,Worst,I2_1377,526
Exponential,relative,17,0.9333333333333333,Average,I2_1377,526
Exponential,relative,18,0.7866666666666666,Worst,I2_1377,526
Exponential,relative,18,0.9933333333333333,Average,I2_1377,526
Exponential,relative,19,0.7933333333333333,Worst,I2_1377,526
Exponential,relative,19,0.8533333333333334,Average,I2_1377,526
Exponential,relative,20,0.7666666666666667,Worst,I2_1377,526
Exponential,relative,20,0.9333333333333333,Average,I2_1377,526
Exponential,relative,21,0.8333333333333334,Worst,I2_1377,526
Exponential,relative,21,0.98,Average,I2_1377,526
Exponential,relative,22,0.7466666666666667,Worst,I2_1377,526
Exponential,relative,22,0.9733333333333334,Average,I2_1377,526
Exponential,relative,23,0.82,Worst,I2_1377,526
Exponential,relative,23,1.0,Average,I2_1377,526
Exponential,relative,24,0.84,Worst,I2_1377,526
Exponential,relative,24,1.0,Average,I2_1377,526
Exponential,relative,25,0.7933333333333333,Worst,I2_1377,526
Exponential,relative,25,0.9666666666666667,Average,I2_1377,526
Exponential,relative,26,0.8133333333333334,Worst,I2_1377,526
Exponential,relative,26,0.9266666666666666,Average,I2_1377,526
Exponential,relative,27,0.7933333333333333,Worst,I2_1377,526
Exponential,relative,27,1.0,Average,I2_1377,526
Exponential,relative,28,0.88,Worst,I2_1377,526
Exponential,relative,28,0.9466666666666667,Average,I2_1377,526
Exponential,relative,29,0.8466666666666667,Worst,I2_1377,526
Exponential,relative,29,0.9333333333333333,Average,I2_1377,526
Exponential,relative,30,0.8133333333333334,Worst,I2_1377,526
Exponential,relative,30,0.9333333333333333,Average,I2_1377,526
Exponential,relative,1,0.013333333333333334,Worst,I3_1026,516
Exponential,relative,1,0.14666666666666667,Average,I3_1026,516
Exponential,relative,2,0.04,Worst,I3_1026,516
Exponential,relative,2,0.8666666666666667,Average,I3_1026,516
Exponential,relative,3,0.22,Worst,I3_1026,516
Exponential,relative,3,0.98,Average,I3_1026,516
Exponential,relative,4,0.24666666666666667,Worst,I3_1026,516
Exponential,relative,4,0.9733333333333334,Average,I3_1026,516
Exponential,relative,5,0.35333333333333333,Worst,I3_1026,516
Exponential,relative,5,0.56,Average,I3_1026,516
Exponential,relative,6,0.47333333333333333,Worst,I3_1026,516
Exponential,relative,6,0.9266666666666666,Average,I3_1026,516
Exponential,relative,7,0.5133333333333333,Worst,I3_1026,516
Exponential,relative,7,0.92,Average,I3_1026,516
Exponential,relative,8,0.56,Worst,I3_1026,516
Exponential,relative,8,0.9733333333333334,Average,I3_1026,516
Exponential,relative,9,0.62,Worst,I3_1026,516
Exponential,relative,9,0.98,Average,I3_1026,516
Exponential,relative,10,0.56,Worst,I3_1026,516
Exponential,relative,10,0.9933333333333333,Average,I3_1026,516
Exponential,relative,11,0.6133333333333333,Worst,I3_1026,516
Exponential,relative,11,0.78,Average,I3_1026,516
Exponential,relative,12,0.6666666666666666,Worst,I3_1026,516
Exponential,relative,12,0.7,Average,I3_1026,516
Exponential,relative,13,0.7,Worst,I3_1026,516
Exponential,relative,13,0.7,Average,I3_1026,516
Exponential,relative,14,0.7266666666666667,Worst,I3_1026,516
Exponential,relative,14,0.9933333333333333,Average,I3_1026,516
Exponential,relative,15,0.7133333333333334,Worst,I3_1026,516
Exponential,relative,15,0.84,Average,I3_1026,516
Exponential,relative,16,0.7466666666666667,Worst,I3_1026,516
Exponential,relative,16,0.9866666666666667,Average,I3_1026,516
Exponential,relative,17,0.8066666666666666,Worst,I3_1026,516
Exponential,relative,17,0.9866666666666667,Average,I3_1026,516
Exponential,relative,18,0.7866666666666666,Worst,I3_1026,516
Exponential,relative,18,0.9933333333333333,Average,I3_1026,516
Exponential,relative,19,0.7666666666666667,Worst,I3_1026,516
Exponential,relative,19,0.9066666666666666,Average,I3_1026,516
Exponential,relative,20,0.76,Worst,I3_1026,516
Exponential,relative,20,1.0,Average,I3_1026,516
Exponential,relative,21,0.7666666666666667,Worst,I3_1026,516
Exponential,relative,21,1.0,Average,I3_1026,516
Exponential,relative,22,0.8533333333333334,Worst,I3_1026,516
Exponential,relative,22,0.9666666666666667,Average,I3_1026,516
Exponential,relative,23,0.8066666666666666,Worst,I3_1026,516
Exponential,relative,23,1.0,Average,I3_1026,516
Exponential,relative,24,0.7933333333333333,Worst,I3_1026,516
Exponential,relative,24,1.0,Average,I3_1026,516
Exponential,relative,25,0.8333333333333334,Worst,I3_1026,516
Exponential,relative,25,0.9733333333333334,Average,I3_1026,516
Exponential,relative,26,0.8066666666666666,Worst,I3_1026,516
Exponential,relative,26,0.92,Average,I3_1026,516
Exponential,relative,27,0.9066666666666666,Worst,I3_1026,516
Exponential,relative,27,0.9066666666666666,Average,I3_1026,516
Exponential,relative,28,0.8333333333333334,Worst,I3_1026,516
Exponential,relative,28,0.98,Average,I3_1026,516
Exponential,relative,29,0.8733333333333333,Worst,I3_1026,516
Exponential,relative,29,0.9066666666666666,Average,I3_1026,516
Exponential,relative,30,0.86,Worst,I3_1026,516
Exponential,relative,30,1.0,Average,I3_1026,516
Exponential,relative,1,0.0,Worst,I4_1230,507
Exponential,relative,1,0.4266666666666667,Average,I4_1230,507
Exponential,relative,2,0.08666666666666667,Worst,I4_1230,507
Exponential,relative,2,0.24,Average,I4_1230,507
Exponential,relative,3,0.20666666666666667,Worst,I4_1230,507
Exponential,relative,3,0.9866666666666667,Average,I4_1230,507
Exponential,relative,4,0.26,Worst,I4_1230,507
Exponential,relative,4,0.9066666666666666,Average,I4_1230,507
Exponential,relative,5,0.36,Worst,I4_1230,507
Exponential,relative,5,0.8866666666666667,Average,I4_1230,507
Exponential,relative,6,0.47333333333333333,Worst,I4_1230,507
Exponential,relative,6,0.9666666666666667,Average,I4_1230,507
Exponential,relative,7,0.5333333333333333,Worst,I4_1230,507
Exponential,relative,7,0.7266666666666667,Average,I4_1230,507
Exponential,relative,8,0.5533333333333333,Worst,I4_1230,507
Exponential,relative,8,0.8666666666666667,Average,I4_1230,507
Exponential,relative,9,0.62,Worst,I4_1230,507
Exponential,relative,9,0.8466666666666667,Average,I4_1230,507
Exponential,relative,10,0.6,Worst,I4_1230,507
Exponential,relative,10,0.9466666666666667,Average,I4_1230,507
Exponential,relative,11,0.6,Worst,I4_1230,507
Exponential,relative,11,0.9933333333333333,Average,I4_1230,507
Exponential,relative,12,0.6666666666666666,Worst,I4_1230,507
Exponential,relative,12,0.9466666666666667,Average,I4_1230,507
Exponential,relative,13,0.66,Worst,I4_1230,507
Exponential,relative,13,1.0,Average,I4_1230,507
Exponential,relative,14,0.6866666666666666,Worst,I4_1230,507
Exponential,relative,14,0.7666666666666667,Average,I4_1230,507
Exponential,relative,15,0.7066666666666667,Worst,I4_1230,507
Exponential,relative,15,0.9933333333333333,Average,I4_1230,507
Exponential,relative,16,0.7333333333333333,Worst,I4_1230,507
Exponential,relative,16,0.9933333333333333,Average,I4_1230,507
Exponential,relative,17,0.72,Worst,I4_1230,507
Exponential,relative,17,0.96,Average,I4_1230,507
Exponential,relative,18,0.8,Worst,I4_1230,507
Exponential,relative,18,0.9733333333333334,Average,I4_1230,507
Exponential,relative,19,0.7733333333333333,Worst,I4_1230,507
Exponential,relative,19,1.0,Average,I4_1230,507
Exponential,relative,20,0.7333333333333333,Worst,I4_1230,507
Exponential,relative,20,0.9733333333333334,Average,I4_1230,507
Exponential,relative,21,0.82,Worst,I4_1230,507
Exponential,relative,21,0.9933333333333333,Average,I4_1230,507
Exponential,relative,22,0.8533333333333334,Worst,I4_1230,507
Exponential,relative,22,0.8066666666666666,Average,I4_1230,507
Exponential,relative,23,0.7933333333333333,Worst,I4_1230,507
Exponential,relative,23,0.9666666666666667,Average,I4_1230,507
Exponential,relative,24,0.82,Worst,I4_1230,507
Exponential,relative,24,0.9866666666666667,Average,I4_1230,507
Exponential,relative,25,0.7933333333333333,Worst,I4_1230,507
Exponential,relative,25,0.9666666666666667,Average,I4_1230,507
Exponential,relative,26,0.8066666666666666,Worst,I4_1230,507
Exponential,relative,26,0.9933333333333333,Average,I4_1230,507
Exponential,relative,27,0.9133333333333333,Worst,I4_1230,507
Exponential,relative,27,0.94,Average,I4_1230,507
Exponential,relative,28,0.8133333333333334,Worst,I4_1230,507
Exponential,relative,28,1.0,Average,I4_1230,507
Exponential,relative,29,0.8733333333333333,Worst,I4_1230,507
Exponential,relative,29,0.9,Average,I4_1230,507
Exponential,relative,30,0.8533333333333334,Worst,I4_1230,507
Exponential,relative,30,1.0,Average,I4_1230,507
Exponential,relative,1,0.006666666666666667,Worst,I1_1023,523
Exponential,relative,1,0.14666666666666667,Average,I1_1023,523
Exponential,relative,2,0.04666666666666667,Worst,I1_1023,523
Exponential,relative,2,0.92,Average,I1_1023,523
Exponential,relative,3,0.18,Worst,I1_1023,523
Exponential,relative,3,0.98,Average,I1_1023,523
Exponential,relative,4,0.34,Worst,I1_1023,523
Exponential,relative,4,0.9866666666666667,Average,I1_1023,523
Exponential,relative,5,0.37333333333333335,Worst,I1_1023,523
Exponential,relative,5,0.9266666666666666,Average,I1_1023,523
Exponential,relative,6,0.38,Worst,I1_1023,523
Exponential,relative,6,0.7133333333333334,Average,I1_1023,523
Exponential,relative,7,0.41333333333333333,Worst,I1_1023,523
Exponential,relative,7,0.8466666666666667,Average,I1_1023,523
Exponential,relative,8,0.6266666666666667,Worst,I1_1023,523
Exponential,relative,8,0.9533333333333334,Average,I1_1023,523
Exponential,relative,9,0.5733333333333334,Worst,I1_1023,523
Exponential,relative,9,1.0,Average,I1_1023,523
Exponential,relative,10,0.7066666666666667,Worst,I1_1023,523
Exponential,relative,10,0.9533333333333334,Average,I1_1023,523
Exponential,relative,11,0.56,Worst,I1_1023,523
Exponential,relative,11,0.9933333333333333,Average,I1_1023,523
Exponential,relative,12,0.6333333333333333,Worst,I1_1023,523
Exponential,relative,12,0.86,Average,I1_1023,523
Exponential,relative,13,0.6133333333333333,Worst,I1_1023,523
Exponential,relative,13,0.9733333333333334,Average,I1_1023,523
Exponential,relative,14,0.6466666666666666,Worst,I1_1023,523
Exponential,relative,14,0.9666666666666667,Average,I1_1023,523
Exponential,relative,15,0.72,Worst,I1_1023,523
Exponential,relative,15,0.9933333333333333,Average,I1_1023,523
Exponential,relative,16,0.7133333333333334,Worst,I1_1023,523
Exponential,relative,16,1.0,Average,I1_1023,523
Exponential,relative,17,0.8,Worst,I1_1023,523
Exponential,relative,17,0.94,Average,I1_1023,523
Exponential,relative,18,0.7266666666666667,Worst,I1_1023,523
Exponential,relative,18,0.8466666666666667,Average,I1_1023,523
Exponential,relative,19,0.8133333333333334,Worst,I1_1023,523
Exponential,relative,19,0.8133333333333334,Average,I1_1023,523
Exponential,relative,20,0.7533333333333333,Worst,I1_1023,523
Exponential,relative,20,0.82,Average,I1_1023,523
Exponential,relative,21,0.7666666666666667,Worst,I1_1023,523
Exponential,relative,21,0.9933333333333333,Average,I1_1023,523
Exponential,relative,22,0.82,Worst,I1_1023,523
Exponential,relative,22,0.88,Average,I1_1023,523
Exponential,relative,23,0.7266666666666667,Worst,I1_1023,523
Exponential,relative,23,1.0,Average,I1_1023,523
Exponential,relative,24,0.8066666666666666,Worst,I1_1023,523
Exponential,relative,24,0.98,Average,I1_1023,523
Exponential,relative,25,0.7933333333333333,Worst,I1_1023,523
Exponential,relative,25,0.9933333333333333,Average,I1_1023,523
Exponential,relative,26,0.78,Worst,I1_1023,523
Exponential,relative,26,0.96,Average,I1_1023,523
Exponential,relative,27,0.8266666666666667,Worst,I1_1023,523
Exponential,relative,27,0.9,Average,I1_1023,523
Exponential,relative,28,0.8266666666666667,Worst,I1_1023,523
Exponential,relative,28,0.9933333333333333,Average,I1_1023,523
Exponential,relative,29,0.84,Worst,I1_1023,523
Exponential,relative,29,0.8866666666666667,Average,I1_1023,523
Exponential,relative,30,0.84,Worst,I1_1023,523
Exponential,relative,30,0.98,Average,I1_1023,523
Exponential,relative,1,0.02,Worst,I1_1470,523
Exponential,relative,1,0.02666666666666667,Average,I1_1470,523
Exponential,relative,2,0.13333333333333333,Worst,I1_1470,523
Exponential,relative,2,0.8733333333333333,Average,I1_1470,523
Exponential,relative,3,0.23333333333333334,Worst,I1_1470,523
Exponential,relative,3,0.62,Average,I1_1470,523
Exponential,relative,4,0.35333333333333333,Worst,I1_1470,523
Exponential,relative,4,0.9533333333333334,Average,I1_1470,523
Exponential,relative,5,0.4666666666666667,Worst,I1_1470,523
Exponential,relative,5,0.76,Average,I1_1470,523
Exponential,relative,6,0.4266666666666667,Worst,I1_1470,523
Exponential,relative,6,0.9866666666666667,Average,I1_1470,523
Exponential,relative,7,0.43333333333333335,Worst,I1_1470,523
Exponential,relative,7,0.8866666666666667,Average,I1_1470,523
Exponential,relative,8,0.5333333333333333,Worst,I1_1470,523
Exponential,relative,8,0.7466666666666667,Average,I1_1470,523
Exponential,relative,9,0.5733333333333334,Worst,I1_1470,523
Exponential,relative,9,0.9933333333333333,Average,I1_1470,523
Exponential,relative,10,0.6133333333333333,Worst,I1_1470,523
Exponential,relative,10,0.9133333333333333,Average,I1_1470,523
Exponential,relative,11,0.6466666666666666,Worst,I1_1470,523
Exponential,relative,11,0.9933333333333333,Average,I1_1470,523
Exponential,relative,12,0.6666666666666666,Worst,I1_1470,523
Exponential,relative,12,1.0,Average,I1_1470,523
Exponential,relative,13,0.6533333333333333,Worst,I1_1470,523
Exponential,relative,13,1.0,Average,I1_1470,523
Exponential,relative,14,0.8,Worst,I1_1470,523
Exponential,relative,14,0.9933333333333333,Average,I1_1470,523
Exponential,relative,15,0.78,Worst,I1_1470,523
Exponential,relative,15,0.9933333333333333,Average,I1_1470,523
Exponential,relative,16,0.7133333333333334,Worst,I1_1470,523
Exponential,relative,16,0.86,Average,I1_1470,523
Exponential,relative,17,0.68,Worst,I1_1470,523
Exponential,relative,17,0.9266666666666666,Average,I1_1470,523
Exponential,relative,18,0.7066666666666667,Worst,I1_1470,523
Exponential,relative,18,0.9933333333333333,Average,I1_1470,523
Exponential,relative,19,0.7733333333333333,Worst,I1_1470,523
Exponential,relative,19,0.94,Average,I1_1470,523
Exponential,relative,20,0.78,Worst,I1_1470,523
Exponential,relative,20,0.7733333333333333,Average,I1_1470,523
Exponential,relative,21,0.7866666666666666,Worst,I1_1470,523
Exponential,relative,21,0.8533333333333334,Average,I1_1470,523
Exponential,relative,22,0.8466666666666667,Worst,I1_1470,523
Exponential,relative,22,0.9933333333333333,Average,I1_1470,523
Exponential,relative,23,0.8066666666666666,Worst,I1_1470,523
Exponential,relative,23,0.96,Average,I1_1470,523
Exponential,relative,24,0.82,Worst,I1_1470,523
Exponential,relative,24,0.9066666666666666,Average,I1_1470,523
Exponential,relative,25,0.7733333333333333,Worst,I1_1470,523
Exponential,relative,25,0.9866666666666667,Average,I1_1470,523
Exponential,relative,26,0.82,Worst,I1_1470,523
Exponential,relative,26,0.8333333333333334,Average,I1_1470,523
Exponential,relative,27,0.7666666666666667,Worst,I1_1470,523
Exponential,relative,27,0.8866666666666667,Average,I1_1470,523
Exponential,relative,28,0.8,Worst,I1_1470,523
Exponential,relative,28,0.9466666666666667,Average,I1_1470,523
Exponential,relative,29,0.86,Worst,I1_1470,523
Exponential,relative,29,0.94,Average,I1_1470,523
Exponential,relative,30,0.8666666666666667,Worst,I1_1470,523
Exponential,relative,30,0.9333333333333333,Average,I1_1470,523
Exponential,relative,1,0.02,Worst,I1_357,523
Exponential,relative,1,0.02,Average,I1_357,523
Exponential,relative,2,0.05333333333333334,Worst,I1_357,523
Exponential,relative,2,0.9466666666666667,Average,I1_357,523
Exponential,relative,3,0.21333333333333335,Worst,I1_357,523
Exponential,relative,3,0.6266666666666667,Average,I1_357,523
Exponential,relative,4,0.25333333333333335,Worst,I1_357,523
Exponential,relative,4,0.38,Average,I1_357,523
Exponential,relative,5,0.4,Worst,I1_357,523
Exponential,relative,5,0.94,Average,I1_357,523
Exponential,relative,6,0.46,Worst,I1_357,523
Exponential,relative,6,0.9933333333333333,Average,I1_357,523
Exponential,relative,7,0.48,Worst,I1_357,523
Exponential,relative,7,0.9933333333333333,Average,I1_357,523
Exponential,relative,8,0.58,Worst,I1_357,523
Exponential,relative,8,0.94,Average,I1_357,523
Exponential,relative,9,0.6133333333333333,Worst,I1_357,523
Exponential,relative,9,0.9866666666666667,Average,I1_357,523
Exponential,relative,10,0.6,Worst,I1_357,523
Exponential,relative,10,0.9933333333333333,Average,I1_357,523
Exponential,relative,11,0.6066666666666667,Worst,I1_357,523
Exponential,relative,11,1.0,Average,I1_357,523
Exponential,relative,12,0.6533333333333333,Worst,I1_357,523
Exponential,relative,12,0.7066666666666667,Average,I1_357,523
Exponential,relative,13,0.6666666666666666,Worst,I1_357,523
Exponential,relative,13,0.9866666666666667,Average,I1_357,523
Exponential,relative,14,0.66,Worst,I1_357,523
Exponential,relative,14,1.0,Average,I1_357,523
Exponential,relative,15,0.7066666666666667,Worst,I1_357,523
Exponential,relative,15,0.7066666666666667,Average,I1_357,523
Exponential,relative,16,0.7533333333333333,Worst,I1_357,523
Exponential,relative,16,0.9866666666666667,Average,I1_357,523
Exponential,relative,17,0.7133333333333334,Worst,I1_357,523
Exponential,relative,17,1.0,Average,I1_357,523
Exponential,relative,18,0.7666666666666667,Worst,I1_357,523
Exponential,relative,18,1.0,Average,I1_357,523
Exponential,relative,19,0.8266666666666667,Worst,I1_357,523
Exponential,relative,19,0.9933333333333333,Average,I1_357,523
Exponential,relative,20,0.8133333333333334,Worst,I1_357,523
Exponential,relative,20,0.96,Average,I1_357,523
Exponential,relative,21,0.82,Worst,I1_357,523
Exponential,relative,21,0.8466666666666667,Average,I1_357,523
Exponential,relative,22,0.7466666666666667,Worst,I1_357,523
Exponential,relative,22,0.9866666666666667,Average,I1_357,523
Exponential,relative,23,0.76,Worst,I1_357,523
Exponential,relative,23,1.0,Average,I1_357,523
Exponential,relative,24,0.8666666666666667,Worst,I1_357,523
Exponential,relative,24,0.9933333333333333,Average,I1_357,523
Exponential,relative,25,0.8133333333333334,Worst,I1_357,523
Exponential,relative,25,0.9866666666666667,Average,I1_357,523
Exponential,relative,26,0.84,Worst,I1_357,523
Exponential,relative,26,1.0,Average,I1_357,523
Exponential,relative,27,0.8733333333333333,Worst,I1_357,523
Exponential,relative,27,0.9866666666666667,Average,I1_357,523
Exponential,relative,28,0.8066666666666666,Worst,I1_357,523
Exponential,relative,28,1.0,Average,I1_357,523
Exponential,relative,29,0.84,Worst,I1_357,523
Exponential,relative,29,0.9866666666666667,Average,I1_357,523
Exponential,relative,30,0.84,Worst,I1_357,523
Exponential,relative,30,0.9733333333333334,Average,I1_357,523
Exponential,relative,1,0.0,Worst,I4_1395,507
Exponential,relative,1,0.006666666666666667,Average,I4_1395,507
Exponential,relative,2,0.08666666666666667,Worst,I4_1395,507
Exponential,relative,2,0.96,Average,I4_1395,507
Exponential,relative,3,0.21333333333333335,Worst,I4_1395,507
Exponential,relative,3,0.88,Average,I4_1395,507
Exponential,relative,4,0.26,Worst,I4_1395,507
Exponential,relative,4,0.4866666666666667,Average,I4_1395,507
Exponential,relative,5,0.42,Worst,I4_1395,507
Exponential,relative,5,0.94,Average,I4_1395,507
Exponential,relative,6,0.44,Worst,I4_1395,507
Exponential,relative,6,0.8333333333333334,Average,I4_1395,507
Exponential,relative,7,0.5,Worst,I4_1395,507
Exponential,relative,7,0.8,Average,I4_1395,507
Exponential,relative,8,0.5266666666666666,Worst,I4_1395,507
Exponential,relative,8,0.9933333333333333,Average,I4_1395,507
Exponential,relative,9,0.6133333333333333,Worst,I4_1395,507
Exponential,relative,9,0.9466666666666667,Average,I4_1395,507
Exponential,relative,10,0.62,Worst,I4_1395,507
Exponential,relative,10,0.9866666666666667,Average,I4_1395,507
Exponential,relative,11,0.6666666666666666,Worst,I4_1395,507
Exponential,relative,11,0.9666666666666667,Average,I4_1395,507
Exponential,relative,12,0.56,Worst,I4_1395,507
Exponential,relative,12,0.82,Average,I4_1395,507
Exponential,relative,13,0.6933333333333334,Worst,I4_1395,507
Exponential,relative,13,0.7333333333333333,Average,I4_1395,507
Exponential,relative,14,0.7266666666666667,Worst,I4_1395,507
Exponential,relative,14,0.9666666666666667,Average,I4_1395,507
Exponential,relative,15,0.6733333333333333,Worst,I4_1395,507
Exponential,relative,15,0.8866666666666667,Average,I4_1395,507
Exponential,relative,16,0.78,Worst,I4_1395,507
Exponential,relative,16,0.9866666666666667,Average,I4_1395,507
Exponential,relative,17,0.74,Worst,I4_1395,507
Exponential,relative,17,0.96,Average,I4_1395,507
Exponential,relative,18,0.7,Worst,I4_1395,507
Exponential,relative,18,0.9733333333333334,Average,I4_1395,507
Exponential,relative,19,0.76,Worst,I4_1395,507
Exponential,relative,19,0.9466666666666667,Average,I4_1395,507
Exponential,relative,20,0.74,Worst,I4_1395,507
Exponential,relative,20,1.0,Average,I4_1395,507
Exponential,relative,21,0.7466666666666667,Worst,I4_1395,507
Exponential,relative,21,0.9733333333333334,Average,I4_1395,507
Exponential,relative,22,0.7933333333333333,Worst,I4_1395,507
Exponential,relative,22,1.0,Average,I4_1395,507
Exponential,relative,23,0.7933333333333333,Worst,I4_1395,507
Exponential,relative,23,0.9933333333333333,Average,I4_1395,507
Exponential,relative,24,0.8466666666666667,Worst,I4_1395,507
Exponential,relative,24,0.9666666666666667,Average,I4_1395,507
Exponential,relative,25,0.78,Worst,I4_1395,507
Exponential,relative,25,0.9533333333333334,Average,I4_1395,507
Exponential,relative,26,0.7933333333333333,Worst,I4_1395,507
Exponential,relative,26,0.9666666666666667,Average,I4_1395,507
Exponential,relative,27,0.8466666666666667,Worst,I4_1395,507
Exponential,relative,27,0.9933333333333333,Average,I4_1395,507
Exponential,relative,28,0.8666666666666667,Worst,I4_1395,507
Exponential,relative,28,0.8666666666666667,Average,I4_1395,507
Exponential,relative,29,0.7866666666666666,Worst,I4_1395,507
Exponential,relative,29,0.98,Average,I4_1395,507
Exponential,relative,30,0.8333333333333334,Worst,I4_1395,507
Exponential,relative,30,0.98,Average,I4_1395,507
Exponential,relative,1,0.006666666666666667,Worst,I1_672,523
Exponential,relative,1,0.7666666666666667,Average,I1_672,523
Exponential,relative,2,0.08666666666666667,Worst,I1_672,523
Exponential,relative,2,0.8866666666666667,Average,I1_672,523
Exponential,relative,3,0.19333333333333333,Worst,I1_672,523
Exponential,relative,3,0.9733333333333334,Average,I1_672,523
Exponential,relative,4,0.3,Worst,I1_672,523
Exponential,relative,4,0.98,Average,I1_672,523
Exponential,relative,5,0.3933333333333333,Worst,I1_672,523
Exponential,relative,5,0.9866666666666667,Average,I1_672,523
Exponential,relative,6,0.44,Worst,I1_672,523
Exponential,relative,6,0.9066666666666666,Average,I1_672,523
Exponential,relative,7,0.4666666666666667,Worst,I1_672,523
Exponential,relative,7,0.9866666666666667,Average,I1_672,523
Exponential,relative,8,0.5333333333333333,Worst,I1_672,523
Exponential,relative,8,0.9,Average,I1_672,523
Exponential,relative,9,0.5666666666666667,Worst,I1_672,523
Exponential,relative,9,0.6666666666666666,Average,I1_672,523
Exponential,relative,10,0.6,Worst,I1_672,523
Exponential,relative,10,0.9466666666666667,Average,I1_672,523
Exponential,relative,11,0.68,Worst,I1_672,523
Exponential,relative,11,0.9933333333333333,Average,I1_672,523
Exponential,relative,12,0.6266666666666667,Worst,I1_672,523
Exponential,relative,12,0.7666666666666667,Average,I1_672,523
Exponential,relative,13,0.6466666666666666,Worst,I1_672,523
Exponential,relative,13,1.0,Average,I1_672,523
Exponential,relative,14,0.8,Worst,I1_672,523
Exponential,relative,14,0.92,Average,I1_672,523
Exponential,relative,15,0.6933333333333334,Worst,I1_672,523
Exponential,relative,15,0.88,Average,I1_672,523
Exponential,relative,16,0.7,Worst,I1_672,523
Exponential,relative,16,0.9933333333333333,Average,I1_672,523
Exponential,relative,17,0.7866666666666666,Worst,I1_672,523
Exponential,relative,17,0.98,Average,I1_672,523
Exponential,relative,18,0.74,Worst,I1_672,523
Exponential,relative,18,0.88,Average,I1_672,523
Exponential,relative,19,0.7733333333333333,Worst,I1_672,523
Exponential,relative,19,1.0,Average,I1_672,523
Exponential,relative,20,0.8266666666666667,Worst,I1_672,523
Exponential,relative,20,0.9266666666666666,Average,I1_672,523
Exponential,relative,21,0.8133333333333334,Worst,I1_672,523
Exponential,relative,21,0.88,Average,I1_672,523
Exponential,relative,22,0.8533333333333334,Worst,I1_672,523
Exponential,relative,22,1.0,Average,I1_672,523
Exponential,relative,23,0.7533333333333333,Worst,I1_672,523
Exponential,relative,23,0.9933333333333333,Average,I1_672,523
Exponential,relative,24,0.86,Worst,I1_672,523
Exponential,relative,24,1.0,Average,I1_672,523
Exponential,relative,25,0.8533333333333334,Worst,I1_672,523
Exponential,relative,25,0.9933333333333333,Average,I1_672,523
Exponential,relative,26,0.82,Worst,I1_672,523
Exponential,relative,26,0.9933333333333333,Average,I1_672,523
Exponential,relative,27,0.8866666666666667,Worst,I1_672,523
Exponential,relative,27,0.9,Average,I1_672,523
Exponential,relative,28,0.8466666666666667,Worst,I1_672,523
Exponential,relative,28,1.0,Average,I1_672,523
Exponential,relative,29,0.8533333333333334,Worst,I1_672,523
Exponential,relative,29,1.0,Average,I1_672,523
Exponential,relative,30,0.8666666666666667,Worst,I1_672,523
Exponential,relative,30,0.9933333333333333,Average,I1_672,523
Exponential,relative,1,0.006666666666666667,Worst,I1_753,523
Exponential,relative,1,0.7466666666666667,Average,I1_753,523
Exponential,relative,2,0.09333333333333334,Worst,I1_753,523
Exponential,relative,2,0.23333333333333334,Average,I1_753,523
Exponential,relative,3,0.22,Worst,I1_753,523
Exponential,relative,3,0.94,Average,I1_753,523
Exponential,relative,4,0.28,Worst,I1_753,523
Exponential,relative,4,0.9866666666666667,Average,I1_753,523
Exponential,relative,5,0.32666666666666666,Worst,I1_753,523
Exponential,relative,5,1.0,Average,I1_753,523
Exponential,relative,6,0.4266666666666667,Worst,I1_753,523
Exponential,relative,6,0.9133333333333333,Average,I1_753,523
Exponential,relative,7,0.5733333333333334,Worst,I1_753,523
Exponential,relative,7,1.0,Average,I1_753,523
Exponential,relative,8,0.54,Worst,I1_753,523
Exponential,relative,8,0.6866666666666666,Average,I1_753,523
Exponential,relative,9,0.5333333333333333,Worst,I1_753,523
Exponential,relative,9,0.8733333333333333,Average,I1_753,523
Exponential,relative,10,0.58,Worst,I1_753,523
Exponential,relative,10,0.6733333333333333,Average,I1_753,523
Exponential,relative,11,0.56,Worst,I1_753,523
Exponential,relative,11,0.9333333333333333,Average,I1_753,523
Exponential,relative,12,0.7266666666666667,Worst,I1_753,523
Exponential,relative,12,0.8,Average,I1_753,523
Exponential,relative,13,0.6533333333333333,Worst,I1_753,523
Exponential,relative,13,0.8866666666666667,Average,I1_753,523
Exponential,relative,14,0.7266666666666667,Worst,I1_753,523
Exponential,relative,14,1.0,Average,I1_753,523
Exponential,relative,15,0.7,Worst,I1_753,523
Exponential,relative,15,0.7333333333333333,Average,I1_753,523
Exponential,relative,16,0.74,Worst,I1_753,523
Exponential,relative,16,0.74,Average,I1_753,523
Exponential,relative,17,0.7533333333333333,Worst,I1_753,523
Exponential,relative,17,1.0,Average,I1_753,523
Exponential,relative,18,0.7466666666666667,Worst,I1_753,523
Exponential,relative,18,0.9866666666666667,Average,I1_753,523
Exponential,relative,19,0.7733333333333333,Worst,I1_753,523
Exponential,relative,19,0.7866666666666666,Average,I1_753,523
Exponential,relative,20,0.8,Worst,I1_753,523
Exponential,relative,20,0.98,Average,I1_753,523
Exponential,relative,21,0.7466666666666667,Worst,I1_753,523
Exponential,relative,21,0.84,Average,I1_753,523
Exponential,relative,22,0.7466666666666667,Worst,I1_753,523
Exponential,relative,22,1.0,Average,I1_753,523
Exponential,relative,23,0.7866666666666666,Worst,I1_753,523
Exponential,relative,23,0.9933333333333333,Average,I1_753,523
Exponential,relative,24,0.7933333333333333,Worst,I1_753,523
Exponential,relative,24,0.9933333333333333,Average,I1_753,523
Exponential,relative,25,0.82,Worst,I1_753,523
Exponential,relative,25,1.0,Average,I1_753,523
Exponential,relative,26,0.8,Worst,I1_753,523
Exponential,relative,26,0.94,Average,I1_753,523
Exponential,relative,27,0.84,Worst,I1_753,523
Exponential,relative,27,0.9466666666666667,Average,I1_753,523
Exponential,relative,28,0.8466666666666667,Worst,I1_753,523
Exponential,relative,28,0.9533333333333334,Average,I1_753,523
Exponential,relative,29,0.8666666666666667,Worst,I1_753,523
Exponential,relative,29,0.9933333333333333,Average,I1_753,523
Exponential,relative,30,0.8266666666666667,Worst,I1_753,523
Exponential,relative,30,0.94,Average,I1_753,523
Exponential,relative,1,0.013333333333333334,Worst,I5_1323,510
Exponential,relative,1,0.08666666666666667,Average,I5_1323,510
Exponential,relative,2,0.06666666666666667,Worst,I5_1323,510
Exponential,relative,2,0.13333333333333333,Average,I5_1323,510
Exponential,relative,3,0.18,Worst,I5_1323,510
Exponential,relative,3,0.88,Average,I5_1323,510
Exponential,relative,4,0.25333333333333335,Worst,I5_1323,510
Exponential,relative,4,0.98,Average,I5_1323,510
Exponential,relative,5,0.3333333333333333,Worst,I5_1323,510
Exponential,relative,5,0.5533333333333333,Average,I5_1323,510
Exponential,relative,6,0.3933333333333333,Worst,I5_1323,510
Exponential,relative,6,0.92,Average,I5_1323,510
Exponential,relative,7,0.49333333333333335,Worst,I5_1323,510
Exponential,relative,7,0.9866666666666667,Average,I5_1323,510
Exponential,relative,8,0.5466666666666666,Worst,I5_1323,510
Exponential,relative,8,0.5533333333333333,Average,I5_1323,510
Exponential,relative,9,0.5466666666666666,Worst,I5_1323,510
Exponential,relative,9,0.92,Average,I5_1323,510
Exponential,relative,10,0.52,Worst,I5_1323,510
Exponential,relative,10,0.92,Average,I5_1323,510
Exponential,relative,11,0.5933333333333334,Worst,I5_1323,510
Exponential,relative,11,1.0,Average,I5_1323,510
Exponential,relative,12,0.6533333333333333,Worst,I5_1323,510
Exponential,relative,12,0.9933333333333333,Average,I5_1323,510
Exponential,relative,13,0.6466666666666666,Worst,I5_1323,510
Exponential,relative,13,0.98,Average,I5_1323,510
Exponential,relative,14,0.7266666666666667,Worst,I5_1323,510
Exponential,relative,14,0.9333333333333333,Average,I5_1323,510
Exponential,relative,15,0.6466666666666666,Worst,I5_1323,510
Exponential,relative,15,1.0,Average,I5_1323,510
Exponential,relative,16,0.7733333333333333,Worst,I5_1323,510
Exponential,relative,16,0.8933333333333333,Average,I5_1323,510
Exponential,relative,17,0.78,Worst,I5_1323,510
Exponential,relative,17,0.9933333333333333,Average,I5_1323,510
Exponential,relative,18,0.7533333333333333,Worst,I5_1323,510
Exponential,relative,18,0.98,Average,I5_1323,510
Exponential,relative,19,0.7733333333333333,Worst,I5_1323,510
Exponential,relative,19,0.8533333333333334,Average,I5_1323,510
Exponential,relative,20,0.82,Worst,I5_1323,510
Exponential,relative,20,1.0,Average,I5_1323,510
Exponential,relative,21,0.78,Worst,I5_1323,510
Exponential,relative,21,0.9866666666666667,Average,I5_1323,510
Exponential,relative,22,0.82,Worst,I5_1323,510
Exponential,relative,22,0.98,Average,I5_1323,510
Exponential,relative,23,0.8466666666666667,Worst,I5_1323,510
Exponential,relative,23,0.9866666666666667,Average,I5_1323,510
Exponential,relative,24,0.8133333333333334,Worst,I5_1323,510
Exponential,relative,24,0.9866666666666667,Average,I5_1323,510
Exponential,relative,25,0.8333333333333334,Worst,I5_1323,510
Exponential,relative,25,0.9866666666666667,Average,I5_1323,510
Exponential,relative,26,0.7733333333333333,Worst,I5_1323,510
Exponential,relative,26,0.9733333333333334,Average,I5_1323,510
Exponential,relative,27,0.78,Worst,I5_1323,510
Exponential,relative,27,0.86,Average,I5_1323,510
Exponential,relative,28,0.8533333333333334,Worst,I5_1323,510
Exponential,relative,28,0.9666666666666667,Average,I5_1323,510
Exponential,relative,29,0.8266666666666667,Worst,I5_1323,510
Exponential,relative,29,0.9733333333333334,Average,I5_1323,510
Exponential,relative,30,0.8733333333333333,Worst,I5_1323,510
Exponential,relative,30,1.0,Average,I5_1323,510
Exponential,relative,1,0.006666666666666667,Worst,I5_24,510
Exponential,relative,1,0.92,Average,I5_24,510
Exponential,relative,2,0.1,Worst,I5_24,510
Exponential,relative,2,0.8266666666666667,Average,I5_24,510
Exponential,relative,3,0.25333333333333335,Worst,I5_24,510
Exponential,relative,3,0.7933333333333333,Average,I5_24,510
Exponential,relative,4,0.35333333333333333,Worst,I5_24,510
Exponential,relative,4,0.9266666666666666,Average,I5_24,510
Exponential,relative,5,0.37333333333333335,Worst,I5_24,510
Exponential,relative,5,0.96,Average,I5_24,510
Exponential,relative,6,0.5133333333333333,Worst,I5_24,510
Exponential,relative,6,0.8,Average,I5_24,510
Exponential,relative,7,0.47333333333333333,Worst,I5_24,510
Exponential,relative,7,0.98,Average,I5_24,510
Exponential,relative,8,0.44666666666666666,Worst,I5_24,510
Exponential,relative,8,0.7733333333333333,Average,I5_24,510
Exponential,relative,9,0.6066666666666667,Worst,I5_24,510
Exponential,relative,9,0.98,Average,I5_24,510
Exponential,relative,10,0.5666666666666667,Worst,I5_24,510
Exponential,relative,10,0.6666666666666666,Average,I5_24,510
Exponential,relative,11,0.6866666666666666,Worst,I5_24,510
Exponential,relative,11,0.8733333333333333,Average,I5_24,510
Exponential,relative,12,0.6733333333333333,Worst,I5_24,510
Exponential,relative,12,0.9733333333333334,Average,I5_24,510
Exponential,relative,13,0.72,Worst,I5_24,510
Exponential,relative,13,0.8066666666666666,Average,I5_24,510
Exponential,relative,14,0.68,Worst,I5_24,510
Exponential,relative,14,0.9866666666666667,Average,I5_24,510
Exponential,relative,15,0.72,Worst,I5_24,510
Exponential,relative,15,0.9666666666666667,Average,I5_24,510
Exponential,relative,16,0.6666666666666666,Worst,I5_24,510
Exponential,relative,16,1.0,Average,I5_24,510
Exponential,relative,17,0.76,Worst,I5_24,510
Exponential,relative,17,0.9133333333333333,Average,I5_24,510
Exponential,relative,18,0.7733333333333333,Worst,I5_24,510
Exponential,relative,18,0.9866666666666667,Average,I5_24,510
Exponential,relative,19,0.76,Worst,I5_24,510
Exponential,relative,19,0.9733333333333334,Average,I5_24,510
Exponential,relative,20,0.76,Worst,I5_24,510
Exponential,relative,20,0.96,Average,I5_24,510
Exponential,relative,21,0.76,Worst,I5_24,510
Exponential,relative,21,0.8866666666666667,Average,I5_24,510
Exponential,relative,22,0.72,Worst,I5_24,510
Exponential,relative,22,0.8533333333333334,Average,I5_24,510
Exponential,relative,23,0.8066666666666666,Worst,I5_24,510
Exponential,relative,23,0.98,Average,I5_24,510
Exponential,relative,24,0.8466666666666667,Worst,I5_24,510
Exponential,relative,24,0.9933333333333333,Average,I5_24,510
Exponential,relative,25,0.8533333333333334,Worst,I5_24,510
Exponential,relative,25,0.82,Average,I5_24,510
Exponential,relative,26,0.8666666666666667,Worst,I5_24,510
Exponential,relative,26,0.9533333333333334,Average,I5_24,510
Exponential,relative,27,0.82,Worst,I5_24,510
Exponential,relative,27,0.86,Average,I5_24,510
Exponential,relative,28,0.8666666666666667,Worst,I5_24,510
Exponential,relative,28,1.0,Average,I5_24,510
Exponential,relative,29,0.7866666666666666,Worst,I5_24,510
Exponential,relative,29,0.9333333333333333,Average,I5_24,510
Exponential,relative,30,0.8066666666666666,Worst,I5_24,510
Exponential,relative,30,0.9733333333333334,Average,I5_24,510
Exponential,relative,1,0.006666666666666667,Worst,I2_225,526
Exponential,relative,1,0.24,Average,I2_225,526
Exponential,relative,2,0.05333333333333334,Worst,I2_225,526
Exponential,relative,2,0.94,Average,I2_225,526
Exponential,relative,3,0.23333333333333334,Worst,I2_225,526
Exponential,relative,3,0.24,Average,I2_225,526
Exponential,relative,4,0.26,Worst,I2_225,526
Exponential,relative,4,0.98,Average,I2_225,526
Exponential,relative,5,0.36,Worst,I2_225,526
Exponential,relative,5,0.9733333333333334,Average,I2_225,526
Exponential,relative,6,0.4066666666666667,Worst,I2_225,526
Exponential,relative,6,0.9933333333333333,Average,I2_225,526
Exponential,relative,7,0.47333333333333333,Worst,I2_225,526
Exponential,relative,7,0.9933333333333333,Average,I2_225,526
Exponential,relative,8,0.62,Worst,I2_225,526
Exponential,relative,8,0.98,Average,I2_225,526
Exponential,relative,9,0.58,Worst,I2_225,526
Exponential,relative,9,0.8733333333333333,Average,I2_225,526
Exponential,relative,10,0.62,Worst,I2_225,526
Exponential,relative,10,1.0,Average,I2_225,526
Exponential,relative,11,0.68,Worst,I2_225,526
Exponential,relative,11,1.0,Average,I2_225,526
Exponential,relative,12,0.6533333333333333,Worst,I2_225,526
Exponential,relative,12,0.9,Average,I2_225,526
Exponential,relative,13,0.6733333333333333,Worst,I2_225,526
Exponential,relative,13,0.86,Average,I2_225,526
Exponential,relative,14,0.6866666666666666,Worst,I2_225,526
Exponential,relative,14,0.7933333333333333,Average,I2_225,526
Exponential,relative,15,0.7333333333333333,Worst,I2_225,526
Exponential,relative,15,0.9333333333333333,Average,I2_225,526
Exponential,relative,16,0.7333333333333333,Worst,I2_225,526
Exponential,relative,16,0.9733333333333334,Average,I2_225,526
Exponential,relative,17,0.7133333333333334,Worst,I2_225,526
Exponential,relative,17,0.9266666666666666,Average,I2_225,526
Exponential,relative,18,0.7333333333333333,Worst,I2_225,526
Exponential,relative,18,0.9933333333333333,Average,I2_225,526
Exponential,relative,19,0.74,Worst,I2_225,526
Exponential,relative,19,0.9866666666666667,Average,I2_225,526
Exponential,relative,20,0.74,Worst,I2_225,526
Exponential,relative,20,0.9866666666666667,Average,I2_225,526
Exponential,relative,21,0.86,Worst,I2_225,526
Exponential,relative,21,0.9866666666666667,Average,I2_225,526
Exponential,relative,22,0.8066666666666666,Worst,I2_225,526
Exponential,relative,22,0.82,Average,I2_225,526
Exponential,relative,23,0.7866666666666666,Worst,I2_225,526
Exponential,relative,23,0.9666666666666667,Average,I2_225,526
Exponential,relative,24,0.8133333333333334,Worst,I2_225,526
Exponential,relative,24,0.9933333333333333,Average,I2_225,526
Exponential,relative,25,0.7733333333333333,Worst,I2_225,526
Exponential,relative,25,0.9466666666666667,Average,I2_225,526
Exponential,relative,26,0.7733333333333333,Worst,I2_225,526
Exponential,relative,26,0.9733333333333334,Average,I2_225,526
Exponential,relative,27,0.7866666666666666,Worst,I2_225,526
Exponential,relative,27,1.0,Average,I2_225,526
Exponential,relative,28,0.8733333333333333,Worst,I2_225,526
Exponential,relative,28,1.0,Average,I2_225,526
Exponential,relative,29,0.88,Worst,I2_225,526
Exponential,relative,29,1.0,Average,I2_225,526
Exponential,relative,30,0.7866666666666666,Worst,I2_225,526
Exponential,relative,30,0.9666666666666667,Average,I2_225,526
Exponential,relative,1,0.006666666666666667,Worst,I3_1308,516
Exponential,relative,1,0.92,Average,I3_1308,516
Exponential,relative,2,0.1,Worst,I3_1308,516
Exponential,relative,2,0.76,Average,I3_1308,516
Exponential,relative,3,0.22666666666666666,Worst,I3_1308,516
Exponential,relative,3,0.9666666666666667,Average,I3_1308,516
Exponential,relative,4,0.22,Worst,I3_1308,516
Exponential,relative,4,0.24666666666666667,Average,I3_1308,516
Exponential,relative,5,0.3933333333333333,Worst,I3_1308,516
Exponential,relative,5,0.8466666666666667,Average,I3_1308,516
Exponential,relative,6,0.46,Worst,I3_1308,516
Exponential,relative,6,0.9866666666666667,Average,I3_1308,516
Exponential,relative,7,0.4666666666666667,Worst,I3_1308,516
Exponential,relative,7,1.0,Average,I3_1308,516
Exponential,relative,8,0.5,Worst,I3_1308,516
Exponential,relative,8,0.9933333333333333,Average,I3_1308,516
Exponential,relative,9,0.56,Worst,I3_1308,516
Exponential,relative,9,0.64,Average,I3_1308,516
Exponential,relative,10,0.6,Worst,I3_1308,516
Exponential,relative,10,0.9133333333333333,Average,I3_1308,516
Exponential,relative,11,0.6266666666666667,Worst,I3_1308,516
Exponential,relative,11,0.9933333333333333,Average,I3_1308,516
Exponential,relative,12,0.6133333333333333,Worst,I3_1308,516
Exponential,relative,12,1.0,Average,I3_1308,516
Exponential,relative,13,0.6866666666666666,Worst,I3_1308,516
Exponential,relative,13,0.9933333333333333,Average,I3_1308,516
Exponential,relative,14,0.6866666666666666,Worst,I3_1308,516
Exponential,relative,14,0.9933333333333333,Average,I3_1308,516
Exponential,relative,15,0.7133333333333334,Worst,I3_1308,516
Exponential,relative,15,0.8733333333333333,Average,I3_1308,516
Exponential,relative,16,0.74,Worst,I3_1308,516
Exponential,relative,16,0.8666666666666667,Average,I3_1308,516
Exponential,relative,17,0.7866666666666666,Worst,I3_1308,516
Exponential,relative,17,0.9866666666666667,Average,I3_1308,516
Exponential,relative,18,0.72,Worst,I3_1308,516
Exponential,relative,18,0.8733333333333333,Average,I3_1308,516
Exponential,relative,19,0.7733333333333333,Worst,I3_1308,516
Exponential,relative,19,0.9933333333333333,Average,I3_1308,516
Exponential,relative,20,0.7866666666666666,Worst,I3_1308,516
Exponential,relative,20,0.9933333333333333,Average,I3_1308,516
Exponential,relative,21,0.7866666666666666,Worst,I3_1308,516
Exponential,relative,21,1.0,Average,I3_1308,516
Exponential,relative,22,0.7866666666666666,Worst,I3_1308,516
Exponential,relative,22,0.8333333333333334,Average,I3_1308,516
Exponential,relative,23,0.76,Worst,I3_1308,516
Exponential,relative,23,1.0,Average,I3_1308,516
Exponential,relative,24,0.7933333333333333,Worst,I3_1308,516
Exponential,relative,24,0.9933333333333333,Average,I3_1308,516
Exponential,relative,25,0.8466666666666667,Worst,I3_1308,516
Exponential,relative,25,0.88,Average,I3_1308,516
Exponential,relative,26,0.8466666666666667,Worst,I3_1308,516
Exponential,relative,26,1.0,Average,I3_1308,516
Exponential,relative,27,0.8733333333333333,Worst,I3_1308,516
Exponential,relative,27,0.96,Average,I3_1308,516
Exponential,relative,28,0.8466666666666667,Worst,I3_1308,516
Exponential,relative,28,0.9533333333333334,Average,I3_1308,516
Exponential,relative,29,0.8866666666666667,Worst,I3_1308,516
Exponential,relative,29,1.0,Average,I3_1308,516
Exponential,relative,30,0.8066666666666666,Worst,I3_1308,516
Exponential,relative,30,0.9866666666666667,Average,I3_1308,516
Exponential,relative,1,0.006666666666666667,Worst,I2_1311,526
Exponential,relative,1,0.8466666666666667,Average,I2_1311,526
Exponential,relative,2,0.07333333333333333,Worst,I2_1311,526
Exponential,relative,2,0.8533333333333334,Average,I2_1311,526
Exponential,relative,3,0.18666666666666668,Worst,I2_1311,526
Exponential,relative,3,0.7466666666666667,Average,I2_1311,526
Exponential,relative,4,0.32,Worst,I2_1311,526
Exponential,relative,4,0.8533333333333334,Average,I2_1311,526
Exponential,relative,5,0.36,Worst,I2_1311,526
Exponential,relative,5,0.76,Average,I2_1311,526
Exponential,relative,6,0.43333333333333335,Worst,I2_1311,526
Exponential,relative,6,0.9266666666666666,Average,I2_1311,526
Exponential,relative,7,0.5066666666666667,Worst,I2_1311,526
Exponential,relative,7,0.9733333333333334,Average,I2_1311,526
Exponential,relative,8,0.58,Worst,I2_1311,526
Exponential,relative,8,0.94,Average,I2_1311,526
Exponential,relative,9,0.5266666666666666,Worst,I2_1311,526
Exponential,relative,9,1.0,Average,I2_1311,526
Exponential,relative,10,0.6666666666666666,Worst,I2_1311,526
Exponential,relative,10,0.9666666666666667,Average,I2_1311,526
Exponential,relative,11,0.6533333333333333,Worst,I2_1311,526
Exponential,relative,11,0.9066666666666666,Average,I2_1311,526
Exponential,relative,12,0.5933333333333334,Worst,I2_1311,526
Exponential,relative,12,0.74,Average,I2_1311,526
Exponential,relative,13,0.68,Worst,I2_1311,526
Exponential,relative,13,1.0,Average,I2_1311,526
Exponential,relative,14,0.6866666666666666,Worst,I2_1311,526
Exponential,relative,14,0.96,Average,I2_1311,526
Exponential,relative,15,0.74,Worst,I2_1311,526
Exponential,relative,15,0.92,Average,I2_1311,526
Exponential,relative,16,0.6933333333333334,Worst,I2_1311,526
Exponential,relative,16,0.9733333333333334,Average,I2_1311,526
Exponential,relative,17,0.78,Worst,I2_1311,526
Exponential,relative,17,0.94,Average,I2_1311,526
Exponential,relative,18,0.7066666666666667,Worst,I2_1311,526
Exponential,relative,18,0.9466666666666667,Average,I2_1311,526
Exponential,relative,19,0.7133333333333334,Worst,I2_1311,526
Exponential,relative,19,1.0,Average,I2_1311,526
Exponential,relative,20,0.7266666666666667,Worst,I2_1311,526
Exponential,relative,20,0.8466666666666667,Average,I2_1311,526
Exponential,relative,21,0.8,Worst,I2_1311,526
Exponential,relative,21,0.78,Average,I2_1311,526
Exponential,relative,22,0.8133333333333334,Worst,I2_1311,526
Exponential,relative,22,0.9933333333333333,Average,I2_1311,526
Exponential,relative,23,0.7466666666666667,Worst,I2_1311,526
Exponential,relative,23,0.86,Average,I2_1311,526
Exponential,relative,24,0.7866666666666666,Worst,I2_1311,526
Exponential,relative,24,0.8733333333333333,Average,I2_1311,526
Exponential,relative,25,0.7933333333333333,Worst,I2_1311,526
Exponential,relative,25,0.98,Average,I2_1311,526
Exponential,relative,26,0.8333333333333334,Worst,I2_1311,526
Exponential,relative,26,0.9866666666666667,Average,I2_1311,526
Exponential,relative,27,0.84,Worst,I2_1311,526
Exponential,relative,27,0.98,Average,I2_1311,526
Exponential,relative,28,0.8466666666666667,Worst,I2_1311,526
Exponential,relative,28,0.9666666666666667,Average,I2_1311,526
Exponential,relative,29,0.7733333333333333,Worst,I2_1311,526
Exponential,relative,29,1.0,Average,I2_1311,526
Exponential,relative,30,0.8533333333333334,Worst,I2_1311,526
Exponential,relative,30,0.9133333333333333,Average,I2_1311,526
Exponential,relative,1,0.013333333333333334,Worst,I5_828,510
Exponential,relative,1,0.24666666666666667,Average,I5_828,510
Exponential,relative,2,0.05333333333333334,Worst,I5_828,510
Exponential,relative,2,0.92,Average,I5_828,510
Exponential,relative,3,0.19333333333333333,Worst,I5_828,510
Exponential,relative,3,0.6933333333333334,Average,I5_828,510
Exponential,relative,4,0.21333333333333335,Worst,I5_828,510
Exponential,relative,4,0.5066666666666667,Average,I5_828,510
Exponential,relative,5,0.37333333333333335,Worst,I5_828,510
Exponential,relative,5,0.9,Average,I5_828,510
Exponential,relative,6,0.4266666666666667,Worst,I5_828,510
Exponential,relative,6,0.94,Average,I5_828,510
Exponential,relative,7,0.47333333333333333,Worst,I5_828,510
Exponential,relative,7,0.9533333333333334,Average,I5_828,510
Exponential,relative,8,0.5533333333333333,Worst,I5_828,510
Exponential,relative,8,0.5533333333333333,Average,I5_828,510
Exponential,relative,9,0.54,Worst,I5_828,510
Exponential,relative,9,0.9933333333333333,Average,I5_828,510
Exponential,relative,10,0.5733333333333334,Worst,I5_828,510
Exponential,relative,10,0.86,Average,I5_828,510
Exponential,relative,11,0.6333333333333333,Worst,I5_828,510
Exponential,relative,11,0.9066666666666666,Average,I5_828,510
Exponential,relative,12,0.66,Worst,I5_828,510
Exponential,relative,12,0.9866666666666667,Average,I5_828,510
Exponential,relative,13,0.68,Worst,I5_828,510
Exponential,relative,13,0.9933333333333333,Average,I5_828,510
Exponential,relative,14,0.7066666666666667,Worst,I5_828,510
Exponential,relative,14,0.9733333333333334,Average,I5_828,510
Exponential,relative,15,0.7,Worst,I5_828,510
Exponential,relative,15,0.9733333333333334,Average,I5_828,510
Exponential,relative,16,0.7066666666666667,Worst,I5_828,510
Exponential,relative,16,0.9933333333333333,Average,I5_828,510
Exponential,relative,17,0.7866666666666666,Worst,I5_828,510
Exponential,relative,17,0.9866666666666667,Average,I5_828,510
Exponential,relative,18,0.7666666666666667,Worst,I5_828,510
Exponential,relative,18,0.8333333333333334,Average,I5_828,510
Exponential,relative,19,0.8,Worst,I5_828,510
Exponential,relative,19,0.8133333333333334,Average,I5_828,510
Exponential,relative,20,0.7733333333333333,Worst,I5_828,510
Exponential,relative,20,1.0,Average,I5_828,510
Exponential,relative,21,0.7866666666666666,Worst,I5_828,510
Exponential,relative,21,0.92,Average,I5_828,510
Exponential,relative,22,0.8,Worst,I5_828,510
Exponential,relative,22,0.78,Average,I5_828,510
Exponential,relative,23,0.7866666666666666,Worst,I5_828,510
Exponential,relative,23,0.9466666666666667,Average,I5_828,510
Exponential,relative,24,0.8466666666666667,Worst,I5_828,510
Exponential,relative,24,0.9933333333333333,Average,I5_828,510
Exponential,relative,25,0.8466666666666667,Worst,I5_828,510
Exponential,relative,25,1.0,Average,I5_828,510
Exponential,relative,26,0.82,Worst,I5_828,510
Exponential,relative,26,1.0,Average,I5_828,510
Exponential,relative,27,0.8333333333333334,Worst,I5_828,510
Exponential,relative,27,0.88,Average,I5_828,510
Exponential,relative,28,0.7933333333333333,Worst,I5_828,510
Exponential,relative,28,1.0,Average,I5_828,510
Exponential,relative,29,0.8533333333333334,Worst,I5_828,510
Exponential,relative,29,1.0,Average,I5_828,510
Exponential,relative,30,0.8666666666666667,Worst,I5_828,510
Exponential,relative,30,1.0,Average,I5_828,510
Exponential,relative,1,0.013333333333333334,Worst,I2_1023,526
Exponential,relative,1,0.9466666666666667,Average,I2_1023,526
Exponential,relative,2,0.04666666666666667,Worst,I2_1023,526
Exponential,relative,2,0.17333333333333334,Average,I2_1023,526
Exponential,relative,3,0.16,Worst,I2_1023,526
Exponential,relative,3,0.6666666666666666,Average,I2_1023,526
Exponential,relative,4,0.32,Worst,I2_1023,526
Exponential,relative,4,0.98,Average,I2_1023,526
Exponential,relative,5,0.32666666666666666,Worst,I2_1023,526
Exponential,relative,5,0.44666666666666666,Average,I2_1023,526
Exponential,relative,6,0.36666666666666664,Worst,I2_1023,526
Exponential,relative,6,0.7666666666666667,Average,I2_1023,526
Exponential,relative,7,0.5,Worst,I2_1023,526
Exponential,relative,7,0.68,Average,I2_1023,526
Exponential,relative,8,0.6,Worst,I2_1023,526
Exponential,relative,8,0.84,Average,I2_1023,526
Exponential,relative,9,0.6,Worst,I2_1023,526
Exponential,relative,9,0.8933333333333333,Average,I2_1023,526
Exponential,relative,10,0.5733333333333334,Worst,I2_1023,526
Exponential,relative,10,0.9533333333333334,Average,I2_1023,526
Exponential,relative,11,0.6533333333333333,Worst,I2_1023,526
Exponential,relative,11,0.9933333333333333,Average,I2_1023,526
Exponential,relative,12,0.6533333333333333,Worst,I2_1023,526
Exponential,relative,12,0.9933333333333333,Average,I2_1023,526
Exponential,relative,13,0.7533333333333333,Worst,I2_1023,526
Exponential,relative,13,0.8733333333333333,Average,I2_1023,526
Exponential,relative,14,0.6733333333333333,Worst,I2_1023,526
Exponential,relative,14,0.8866666666666667,Average,I2_1023,526
Exponential,relative,15,0.6866666666666666,Worst,I2_1023,526
Exponential,relative,15,0.7933333333333333,Average,I2_1023,526
Exponential,relative,16,0.6933333333333334,Worst,I2_1023,526
Exponential,relative,16,0.9866666666666667,Average,I2_1023,526
Exponential,relative,17,0.74,Worst,I2_1023,526
Exponential,relative,17,0.9866666666666667,Average,I2_1023,526
Exponential,relative,18,0.7466666666666667,Worst,I2_1023,526
Exponential,relative,18,0.9933333333333333,Average,I2_1023,526
Exponential,relative,19,0.78,Worst,I2_1023,526
Exponential,relative,19,0.9533333333333334,Average,I2_1023,526
Exponential,relative,20,0.7666666666666667,Worst,I2_1023,526
Exponential,relative,20,0.98,Average,I2_1023,526
Exponential,relative,21,0.76,Worst,I2_1023,526
Exponential,relative,21,0.9733333333333334,Average,I2_1023,526
Exponential,relative,22,0.7666666666666667,Worst,I2_1023,526
Exponential,relative,22,0.9333333333333333,Average,I2_1023,526
Exponential,relative,23,0.7533333333333333,Worst,I2_1023,526
Exponential,relative,23,0.8,Average,I2_1023,526
Exponential,relative,24,0.8466666666666667,Worst,I2_1023,526
Exponential,relative,24,0.8666666666666667,Average,I2_1023,526
Exponential,relative,25,0.7666666666666667,Worst,I2_1023,526
Exponential,relative,25,0.9733333333333334,Average,I2_1023,526
Exponential,relative,26,0.9066666666666666,Worst,I2_1023,526
Exponential,relative,26,0.9,Average,I2_1023,526
Exponential,relative,27,0.8533333333333334,Worst,I2_1023,526
Exponential,relative,27,1.0,Average,I2_1023,526
Exponential,relative,28,0.82,Worst,I2_1023,526
Exponential,relative,28,0.9933333333333333,Average,I2_1023,526
Exponential,relative,29,0.8333333333333334,Worst,I2_1023,526
Exponential,relative,29,0.96,Average,I2_1023,526
Exponential,relative,30,0.88,Worst,I2_1023,526
Exponential,relative,30,0.9933333333333333,Average,I2_1023,526
