distribution,x_axis_value,mu,case,entity_id
Uniform,1,0.3475,Worst,2199023256031
Uniform,1,0.34049999999999997,Average,2199023256031
Uniform,2,0.5925,Worst,2199023256031
Uniform,2,0.5954999999999999,Average,2199023256031
Uniform,3,0.703,Worst,2199023256031
Uniform,3,0.72,Average,2199023256031
Uniform,4,0.783,Worst,2199023256031
Uniform,4,0.7655000000000001,Average,2199023256031
Uniform,5,0.8230000000000001,Worst,2199023256031
Uniform,5,0.8219999999999998,Average,2199023256031
Uniform,6,0.8355,Worst,2199023256031
Uniform,6,0.8459999999999999,Average,2199023256031
Uniform,7,0.8699999999999999,Worst,2199023256031
Uniform,7,0.8630000000000001,Average,2199023256031
Uniform,8,0.8844999999999998,Worst,2199023256031
Uniform,8,0.8920000000000001,Average,2199023256031
Uniform,9,0.8949999999999999,Worst,2199023256031
Uniform,9,0.9025000000000001,Average,2199023256031
Uniform,10,0.9030000000000001,Worst,2199023256031
Uniform,10,0.9095000000000001,Average,2199023256031
Uniform,11,0.9244999999999999,Worst,2199023256031
Uniform,11,0.9139999999999999,Average,2199023256031
Uniform,12,0.9179999999999999,Worst,2199023256031
Uniform,12,0.9195,Average,2199023256031
Uniform,13,0.9254999999999999,Worst,2199023256031
Uniform,13,0.931,Average,2199023256031
Uniform,14,0.9279999999999999,Worst,2199023256031
Uniform,14,0.93,Average,2199023256031
Uniform,15,0.9344999999999999,Worst,2199023256031
Uniform,15,0.9329999999999998,Average,2199023256031
Uniform,16,0.9414999999999999,Worst,2199023256031
Uniform,16,0.9369999999999999,Average,2199023256031
Uniform,17,0.9389999999999998,Worst,2199023256031
Uniform,17,0.9369999999999999,Average,2199023256031
Uniform,18,0.942,Worst,2199023256031
Uniform,18,0.9500000000000002,Average,2199023256031
Uniform,19,0.9535,Worst,2199023256031
Uniform,19,0.9500000000000002,Average,2199023256031
Uniform,20,0.9484999999999999,Worst,2199023256031
Uniform,20,0.9419999999999998,Average,2199023256031
Uniform,21,0.9585000000000001,Worst,2199023256031
Uniform,21,0.9545,Average,2199023256031
Uniform,22,0.9469999999999998,Worst,2199023256031
Uniform,22,0.9514999999999999,Average,2199023256031
Uniform,23,0.952,Worst,2199023256031
Uniform,23,0.9594999999999999,Average,2199023256031
Uniform,24,0.96,Worst,2199023256031
Uniform,24,0.9614999999999998,Average,2199023256031
Uniform,25,0.9690000000000001,Worst,2199023256031
Uniform,25,0.9555,Average,2199023256031
Uniform,26,0.9545,Worst,2199023256031
Uniform,26,0.9670000000000002,Average,2199023256031
Uniform,27,0.9645000000000001,Worst,2199023256031
Uniform,27,0.9669999999999999,Average,2199023256031
Uniform,28,0.9640000000000001,Worst,2199023256031
Uniform,28,0.9710000000000001,Average,2199023256031
Uniform,29,0.966,Worst,2199023256031
Uniform,29,0.9709999999999999,Average,2199023256031
Uniform,30,0.9669999999999999,Worst,2199023256031
Uniform,30,0.9649999999999999,Average,2199023256031
Uniform,1,0.0,Worst,26388279067560
Uniform,1,0.0,Average,26388279067560
Uniform,2,0.48650000000000004,Worst,26388279067560
Uniform,2,0.4995,Average,26388279067560
Uniform,3,0.6475000000000001,Worst,26388279067560
Uniform,3,0.678,Average,26388279067560
Uniform,4,0.7555000000000001,Worst,26388279067560
Uniform,4,0.7424999999999999,Average,26388279067560
Uniform,5,0.7815,Worst,26388279067560
Uniform,5,0.8014999999999999,Average,26388279067560
Uniform,6,0.8364999999999998,Worst,26388279067560
Uniform,6,0.8379999999999999,Average,26388279067560
Uniform,7,0.8625000000000002,Worst,26388279067560
Uniform,7,0.8554999999999999,Average,26388279067560
Uniform,8,0.884,Worst,26388279067560
Uniform,8,0.8735000000000002,Average,26388279067560
Uniform,9,0.8895,Worst,26388279067560
Uniform,9,0.8945000000000001,Average,26388279067560
Uniform,10,0.892,Worst,26388279067560
Uniform,10,0.8995,Average,26388279067560
Uniform,11,0.8995,Worst,26388279067560
Uniform,11,0.9135,Average,26388279067560
Uniform,12,0.9145,Worst,26388279067560
Uniform,12,0.9235000000000001,Average,26388279067560
Uniform,13,0.9235,Worst,26388279067560
Uniform,13,0.9135,Average,26388279067560
Uniform,14,0.9334999999999999,Worst,26388279067560
Uniform,14,0.9389999999999998,Average,26388279067560
Uniform,15,0.9359999999999999,Worst,26388279067560
Uniform,15,0.9365,Average,26388279067560
Uniform,16,0.9375,Worst,26388279067560
Uniform,16,0.9304999999999998,Average,26388279067560
Uniform,17,0.942,Worst,26388279067560
Uniform,17,0.9440000000000002,Average,26388279067560
Uniform,18,0.942,Worst,26388279067560
Uniform,18,0.9435,Average,26388279067560
Uniform,19,0.9515,Worst,26388279067560
Uniform,19,0.9484999999999998,Average,26388279067560
Uniform,20,0.9574999999999999,Worst,26388279067560
Uniform,20,0.9515,Average,26388279067560
Uniform,21,0.954,Worst,26388279067560
Uniform,21,0.953,Average,26388279067560
Uniform,22,0.9490000000000001,Worst,26388279067560
Uniform,22,0.9515,Average,26388279067560
Uniform,23,0.9629999999999999,Worst,26388279067560
Uniform,23,0.9605,Average,26388279067560
Uniform,24,0.9560000000000001,Worst,26388279067560
Uniform,24,0.9549999999999998,Average,26388279067560
Uniform,25,0.9564999999999999,Worst,26388279067560
Uniform,25,0.9650000000000001,Average,26388279067560
Uniform,26,0.9630000000000001,Worst,26388279067560
Uniform,26,0.9644999999999999,Average,26388279067560
Uniform,27,0.9604999999999999,Worst,26388279067560
Uniform,27,0.9635,Average,26388279067560
Uniform,28,0.966,Worst,26388279067560
Uniform,28,0.9680000000000002,Average,26388279067560
Uniform,29,0.958,Worst,26388279067560
Uniform,29,0.9695,Average,26388279067560
Uniform,30,0.9654999999999999,Worst,26388279067560
Uniform,30,0.968,Average,26388279067560
Uniform,1,0.0,Worst,10995116278652
Uniform,1,0.0,Average,10995116278652
Uniform,2,0.5205,Worst,10995116278652
Uniform,2,0.485,Average,10995116278652
Uniform,3,0.6485,Worst,10995116278652
Uniform,3,0.666,Average,10995116278652
Uniform,4,0.7575000000000001,Worst,10995116278652
Uniform,4,0.756,Average,10995116278652
Uniform,5,0.8015000000000001,Worst,10995116278652
Uniform,5,0.7939999999999999,Average,10995116278652
Uniform,6,0.8350000000000002,Worst,10995116278652
Uniform,6,0.8339999999999999,Average,10995116278652
Uniform,7,0.866,Worst,10995116278652
Uniform,7,0.8559999999999999,Average,10995116278652
Uniform,8,0.8775000000000001,Worst,10995116278652
Uniform,8,0.8765000000000001,Average,10995116278652
Uniform,9,0.8849999999999998,Worst,10995116278652
Uniform,9,0.8965000000000002,Average,10995116278652
Uniform,10,0.8995000000000001,Worst,10995116278652
Uniform,10,0.9095000000000001,Average,10995116278652
Uniform,11,0.9105000000000001,Worst,10995116278652
Uniform,11,0.9249999999999998,Average,10995116278652
Uniform,12,0.9205000000000002,Worst,10995116278652
Uniform,12,0.9155000000000001,Average,10995116278652
Uniform,13,0.9200000000000002,Worst,10995116278652
Uniform,13,0.924,Average,10995116278652
Uniform,14,0.9315,Worst,10995116278652
Uniform,14,0.9155000000000001,Average,10995116278652
Uniform,15,0.9305,Worst,10995116278652
Uniform,15,0.9349999999999999,Average,10995116278652
Uniform,16,0.9359999999999999,Worst,10995116278652
Uniform,16,0.9424999999999999,Average,10995116278652
Uniform,17,0.9410000000000001,Worst,10995116278652
Uniform,17,0.9360000000000002,Average,10995116278652
Uniform,18,0.9494999999999999,Worst,10995116278652
Uniform,18,0.9445,Average,10995116278652
Uniform,19,0.95,Worst,10995116278652
Uniform,19,0.95,Average,10995116278652
Uniform,20,0.9490000000000001,Worst,10995116278652
Uniform,20,0.952,Average,10995116278652
Uniform,21,0.9494999999999999,Worst,10995116278652
Uniform,21,0.9525,Average,10995116278652
Uniform,22,0.954,Worst,10995116278652
Uniform,22,0.9514999999999999,Average,10995116278652
Uniform,23,0.968,Worst,10995116278652
Uniform,23,0.9494999999999999,Average,10995116278652
Uniform,24,0.9565000000000001,Worst,10995116278652
Uniform,24,0.9530000000000001,Average,10995116278652
Uniform,25,0.9604999999999999,Worst,10995116278652
Uniform,25,0.9540000000000001,Average,10995116278652
Uniform,26,0.9604999999999999,Worst,10995116278652
Uniform,26,0.9614999999999998,Average,10995116278652
Uniform,27,0.9594999999999999,Worst,10995116278652
Uniform,27,0.9610000000000001,Average,10995116278652
Uniform,28,0.962,Worst,10995116278652
Uniform,28,0.9705,Average,10995116278652
Uniform,29,0.9629999999999999,Worst,10995116278652
Uniform,29,0.9605,Average,10995116278652
Uniform,30,0.9724999999999999,Worst,10995116278652
Uniform,30,0.966,Average,10995116278652
Uniform,1,0.34199999999999997,Worst,870
Uniform,1,0.35350000000000004,Average,870
Uniform,2,0.596,Worst,870
Uniform,2,0.594,Average,870
Uniform,3,0.725,Worst,870
Uniform,3,0.724,Average,870
Uniform,4,0.7675000000000001,Worst,870
Uniform,4,0.766,Average,870
Uniform,5,0.8100000000000002,Worst,870
Uniform,5,0.8175000000000001,Average,870
Uniform,6,0.85,Worst,870
Uniform,6,0.836,Average,870
Uniform,7,0.8634999999999999,Worst,870
Uniform,7,0.868,Average,870
Uniform,8,0.874,Worst,870
Uniform,8,0.8779999999999999,Average,870
Uniform,9,0.8920000000000001,Worst,870
Uniform,9,0.8995000000000001,Average,870
Uniform,10,0.8960000000000001,Worst,870
Uniform,10,0.9120000000000001,Average,870
Uniform,11,0.9090000000000001,Worst,870
Uniform,11,0.915,Average,870
Uniform,12,0.914,Worst,870
Uniform,12,0.9179999999999999,Average,870
Uniform,13,0.9265000000000001,Worst,870
Uniform,13,0.923,Average,870
Uniform,14,0.9269999999999999,Worst,870
Uniform,14,0.9259999999999999,Average,870
Uniform,15,0.942,Worst,870
Uniform,15,0.9324999999999999,Average,870
Uniform,16,0.9400000000000001,Worst,870
Uniform,16,0.9430000000000002,Average,870
Uniform,17,0.9484999999999999,Worst,870
Uniform,17,0.943,Average,870
Uniform,18,0.9465,Worst,870
Uniform,18,0.9390000000000001,Average,870
Uniform,19,0.9400000000000001,Worst,870
Uniform,19,0.9455,Average,870
Uniform,20,0.943,Worst,870
Uniform,20,0.9504999999999999,Average,870
Uniform,21,0.9479999999999998,Worst,870
Uniform,21,0.951,Average,870
Uniform,22,0.9584999999999999,Worst,870
Uniform,22,0.9525,Average,870
Uniform,23,0.9610000000000001,Worst,870
Uniform,23,0.9490000000000001,Average,870
Uniform,24,0.9594999999999999,Worst,870
Uniform,24,0.9614999999999998,Average,870
Uniform,25,0.9604999999999999,Worst,870
Uniform,25,0.9595,Average,870
Uniform,26,0.9645000000000001,Worst,870
Uniform,26,0.9624999999999998,Average,870
Uniform,27,0.9574999999999999,Worst,870
Uniform,27,0.9584999999999999,Average,870
Uniform,28,0.9644999999999999,Worst,870
Uniform,28,0.9654999999999999,Average,870
Uniform,29,0.97,Worst,870
Uniform,29,0.968,Average,870
Uniform,30,0.9674999999999999,Worst,870
Uniform,30,0.9650000000000001,Average,870
Uniform,1,0.32449999999999996,Worst,15393162789933
Uniform,1,0.31450000000000006,Average,15393162789933
Uniform,2,0.5864999999999999,Worst,15393162789933
Uniform,2,0.5914999999999999,Average,15393162789933
Uniform,3,0.7055000000000001,Worst,15393162789933
Uniform,3,0.712,Average,15393162789933
Uniform,4,0.7805000000000001,Worst,15393162789933
Uniform,4,0.7765,Average,15393162789933
Uniform,5,0.826,Worst,15393162789933
Uniform,5,0.8094999999999999,Average,15393162789933
Uniform,6,0.8569999999999999,Worst,15393162789933
Uniform,6,0.858,Average,15393162789933
Uniform,7,0.865,Worst,15393162789933
Uniform,7,0.8605,Average,15393162789933
Uniform,8,0.8815,Worst,15393162789933
Uniform,8,0.8775000000000001,Average,15393162789933
Uniform,9,0.8925000000000001,Worst,15393162789933
Uniform,9,0.8805,Average,15393162789933
Uniform,10,0.917,Worst,15393162789933
Uniform,10,0.9035,Average,15393162789933
Uniform,11,0.9075,Worst,15393162789933
Uniform,11,0.9165000000000001,Average,15393162789933
Uniform,12,0.924,Worst,15393162789933
Uniform,12,0.9299999999999999,Average,15393162789933
Uniform,13,0.9094999999999999,Worst,15393162789933
Uniform,13,0.9275,Average,15393162789933
Uniform,14,0.9294999999999998,Worst,15393162789933
Uniform,14,0.9369999999999999,Average,15393162789933
Uniform,15,0.9365,Worst,15393162789933
Uniform,15,0.9305,Average,15393162789933
Uniform,16,0.9350000000000002,Worst,15393162789933
Uniform,16,0.944,Average,15393162789933
Uniform,17,0.9404999999999999,Worst,15393162789933
Uniform,17,0.9355,Average,15393162789933
Uniform,18,0.9455,Worst,15393162789933
Uniform,18,0.9524999999999999,Average,15393162789933
Uniform,19,0.9574999999999999,Worst,15393162789933
Uniform,19,0.952,Average,15393162789933
Uniform,20,0.958,Worst,15393162789933
Uniform,20,0.9450000000000001,Average,15393162789933
Uniform,21,0.9445,Worst,15393162789933
Uniform,21,0.9600000000000002,Average,15393162789933
Uniform,22,0.9605,Worst,15393162789933
Uniform,22,0.951,Average,15393162789933
Uniform,23,0.954,Worst,15393162789933
Uniform,23,0.9579999999999999,Average,15393162789933
Uniform,24,0.961,Worst,15393162789933
Uniform,24,0.9564999999999999,Average,15393162789933
Uniform,25,0.9625,Worst,15393162789933
Uniform,25,0.961,Average,15393162789933
Uniform,26,0.967,Worst,15393162789933
Uniform,26,0.9700000000000001,Average,15393162789933
Uniform,27,0.9640000000000001,Worst,15393162789933
Uniform,27,0.9650000000000001,Average,15393162789933
Uniform,28,0.9650000000000001,Worst,15393162789933
Uniform,28,0.9639999999999999,Average,15393162789933
Uniform,29,0.9589999999999999,Worst,15393162789933
Uniform,29,0.9669999999999999,Average,15393162789933
Uniform,30,0.9764999999999999,Worst,15393162789933
Uniform,30,0.9754999999999999,Average,15393162789933
Uniform,1,0.0,Worst,10995116278647
Uniform,1,0.0,Average,10995116278647
Uniform,2,0.5035000000000001,Worst,10995116278647
Uniform,2,0.4840000000000001,Average,10995116278647
Uniform,3,0.6620000000000001,Worst,10995116278647
Uniform,3,0.6755,Average,10995116278647
Uniform,4,0.7415,Worst,10995116278647
Uniform,4,0.7379999999999999,Average,10995116278647
Uniform,5,0.794,Worst,10995116278647
Uniform,5,0.8044999999999998,Average,10995116278647
Uniform,6,0.8264999999999999,Worst,10995116278647
Uniform,6,0.8314999999999999,Average,10995116278647
Uniform,7,0.8625,Worst,10995116278647
Uniform,7,0.861,Average,10995116278647
Uniform,8,0.869,Worst,10995116278647
Uniform,8,0.8700000000000001,Average,10995116278647
Uniform,9,0.8885,Worst,10995116278647
Uniform,9,0.8830000000000002,Average,10995116278647
Uniform,10,0.9065000000000001,Worst,10995116278647
Uniform,10,0.9105000000000001,Average,10995116278647
Uniform,11,0.9115,Worst,10995116278647
Uniform,11,0.9094999999999999,Average,10995116278647
Uniform,12,0.9125,Worst,10995116278647
Uniform,12,0.9239999999999998,Average,10995116278647
Uniform,13,0.9295,Worst,10995116278647
Uniform,13,0.925,Average,10995116278647
Uniform,14,0.932,Worst,10995116278647
Uniform,14,0.9230000000000003,Average,10995116278647
Uniform,15,0.9344999999999999,Worst,10995116278647
Uniform,15,0.9315000000000001,Average,10995116278647
Uniform,16,0.9325000000000001,Worst,10995116278647
Uniform,16,0.9324999999999999,Average,10995116278647
Uniform,17,0.9339999999999999,Worst,10995116278647
Uniform,17,0.9460000000000001,Average,10995116278647
Uniform,18,0.9540000000000001,Worst,10995116278647
Uniform,18,0.9375,Average,10995116278647
Uniform,19,0.9545,Worst,10995116278647
Uniform,19,0.9475,Average,10995116278647
Uniform,20,0.9455000000000002,Worst,10995116278647
Uniform,20,0.9549999999999998,Average,10995116278647
Uniform,21,0.9494999999999999,Worst,10995116278647
Uniform,21,0.9530000000000001,Average,10995116278647
Uniform,22,0.9624999999999998,Worst,10995116278647
Uniform,22,0.9550000000000001,Average,10995116278647
Uniform,23,0.9615,Worst,10995116278647
Uniform,23,0.9540000000000001,Average,10995116278647
Uniform,24,0.9565000000000001,Worst,10995116278647
Uniform,24,0.9564999999999999,Average,10995116278647
Uniform,25,0.959,Worst,10995116278647
Uniform,25,0.9574999999999999,Average,10995116278647
Uniform,26,0.9625,Worst,10995116278647
Uniform,26,0.959,Average,10995116278647
Uniform,27,0.9635000000000001,Worst,10995116278647
Uniform,27,0.9569999999999999,Average,10995116278647
Uniform,28,0.976,Worst,10995116278647
Uniform,28,0.9605,Average,10995116278647
Uniform,29,0.9640000000000001,Worst,10995116278647
Uniform,29,0.961,Average,10995116278647
Uniform,30,0.9585000000000001,Worst,10995116278647
Uniform,30,0.962,Average,10995116278647
Uniform,1,0.2515,Worst,19791209301529
Uniform,1,0.25999999999999995,Average,19791209301529
Uniform,2,0.5735,Worst,19791209301529
Uniform,2,0.5475,Average,19791209301529
Uniform,3,0.6950000000000001,Worst,19791209301529
Uniform,3,0.7020000000000002,Average,19791209301529
Uniform,4,0.772,Worst,19791209301529
Uniform,4,0.751,Average,19791209301529
Uniform,5,0.818,Worst,19791209301529
Uniform,5,0.8075000000000001,Average,19791209301529
Uniform,6,0.827,Worst,19791209301529
Uniform,6,0.8454999999999998,Average,19791209301529
Uniform,7,0.8779999999999999,Worst,19791209301529
Uniform,7,0.8629999999999999,Average,19791209301529
Uniform,8,0.8859999999999999,Worst,19791209301529
Uniform,8,0.8745,Average,19791209301529
Uniform,9,0.8924999999999998,Worst,19791209301529
Uniform,9,0.8935000000000001,Average,19791209301529
Uniform,10,0.9125,Worst,19791209301529
Uniform,10,0.8940000000000001,Average,19791209301529
Uniform,11,0.9020000000000001,Worst,19791209301529
Uniform,11,0.9109999999999999,Average,19791209301529
Uniform,12,0.9259999999999999,Worst,19791209301529
Uniform,12,0.9045000000000002,Average,19791209301529
Uniform,13,0.9240000000000002,Worst,19791209301529
Uniform,13,0.933,Average,19791209301529
Uniform,14,0.9325000000000001,Worst,19791209301529
Uniform,14,0.9315,Average,19791209301529
Uniform,15,0.9355,Worst,19791209301529
Uniform,15,0.9460000000000001,Average,19791209301529
Uniform,16,0.9355,Worst,19791209301529
Uniform,16,0.9385,Average,19791209301529
Uniform,17,0.9399999999999998,Worst,19791209301529
Uniform,17,0.9374999999999998,Average,19791209301529
Uniform,18,0.9359999999999999,Worst,19791209301529
Uniform,18,0.9504999999999999,Average,19791209301529
Uniform,19,0.9444999999999999,Worst,19791209301529
Uniform,19,0.9334999999999999,Average,19791209301529
Uniform,20,0.943,Worst,19791209301529
Uniform,20,0.9440000000000002,Average,19791209301529
Uniform,21,0.9520000000000002,Worst,19791209301529
Uniform,21,0.9515,Average,19791209301529
Uniform,22,0.9579999999999999,Worst,19791209301529
Uniform,22,0.9574999999999999,Average,19791209301529
Uniform,23,0.9505000000000001,Worst,19791209301529
Uniform,23,0.9625,Average,19791209301529
Uniform,24,0.953,Worst,19791209301529
Uniform,24,0.9534999999999998,Average,19791209301529
Uniform,25,0.9574999999999999,Worst,19791209301529
Uniform,25,0.9575000000000001,Average,19791209301529
Uniform,26,0.9650000000000002,Worst,19791209301529
Uniform,26,0.9684999999999999,Average,19791209301529
Uniform,27,0.9550000000000001,Worst,19791209301529
Uniform,27,0.9664999999999999,Average,19791209301529
Uniform,28,0.9674999999999999,Worst,19791209301529
Uniform,28,0.9695,Average,19791209301529
Uniform,29,0.969,Worst,19791209301529
Uniform,29,0.9705,Average,19791209301529
Uniform,30,0.962,Worst,19791209301529
Uniform,30,0.968,Average,19791209301529
Uniform,1,0.365,Worst,8796093023493
Uniform,1,0.36850000000000005,Average,8796093023493
Uniform,2,0.6025,Worst,8796093023493
Uniform,2,0.5999999999999999,Average,8796093023493
Uniform,3,0.7350000000000001,Worst,8796093023493
Uniform,3,0.7209999999999999,Average,8796093023493
Uniform,4,0.7835000000000001,Worst,8796093023493
Uniform,4,0.7765000000000002,Average,8796093023493
Uniform,5,0.8059999999999998,Worst,8796093023493
Uniform,5,0.8210000000000001,Average,8796093023493
Uniform,6,0.8569999999999999,Worst,8796093023493
Uniform,6,0.8680000000000001,Average,8796093023493
Uniform,7,0.865,Worst,8796093023493
Uniform,7,0.861,Average,8796093023493
Uniform,8,0.8865000000000001,Worst,8796093023493
Uniform,8,0.885,Average,8796093023493
Uniform,9,0.8960000000000001,Worst,8796093023493
Uniform,9,0.897,Average,8796093023493
Uniform,10,0.9049999999999999,Worst,8796093023493
Uniform,10,0.9,Average,8796093023493
Uniform,11,0.9135000000000002,Worst,8796093023493
Uniform,11,0.9019999999999999,Average,8796093023493
Uniform,12,0.9164999999999999,Worst,8796093023493
Uniform,12,0.9220000000000003,Average,8796093023493
Uniform,13,0.932,Worst,8796093023493
Uniform,13,0.9345000000000001,Average,8796093023493
Uniform,14,0.9334999999999999,Worst,8796093023493
Uniform,14,0.9209999999999999,Average,8796093023493
Uniform,15,0.9365,Worst,8796093023493
Uniform,15,0.942,Average,8796093023493
Uniform,16,0.938,Worst,8796093023493
Uniform,16,0.9375,Average,8796093023493
Uniform,17,0.9445,Worst,8796093023493
Uniform,17,0.9404999999999999,Average,8796093023493
Uniform,18,0.9585000000000001,Worst,8796093023493
Uniform,18,0.9490000000000001,Average,8796093023493
Uniform,19,0.952,Worst,8796093023493
Uniform,19,0.9499999999999998,Average,8796093023493
Uniform,20,0.9475000000000001,Worst,8796093023493
Uniform,20,0.9569999999999999,Average,8796093023493
Uniform,21,0.9534999999999998,Worst,8796093023493
Uniform,21,0.9590000000000002,Average,8796093023493
Uniform,22,0.952,Worst,8796093023493
Uniform,22,0.9484999999999999,Average,8796093023493
Uniform,23,0.9505000000000002,Worst,8796093023493
Uniform,23,0.9560000000000001,Average,8796093023493
Uniform,24,0.9605,Worst,8796093023493
Uniform,24,0.9514999999999999,Average,8796093023493
Uniform,25,0.959,Worst,8796093023493
Uniform,25,0.962,Average,8796093023493
Uniform,26,0.968,Worst,8796093023493
Uniform,26,0.9570000000000001,Average,8796093023493
Uniform,27,0.97,Worst,8796093023493
Uniform,27,0.966,Average,8796093023493
Uniform,28,0.9704999999999998,Worst,8796093023493
Uniform,28,0.9639999999999999,Average,8796093023493
Uniform,29,0.9664999999999999,Worst,8796093023493
Uniform,29,0.9709999999999999,Average,8796093023493
Uniform,30,0.968,Worst,8796093023493
Uniform,30,0.9685,Average,8796093023493
Uniform,1,0.30250000000000005,Worst,1131
Uniform,1,0.28700000000000003,Average,1131
Uniform,2,0.591,Worst,1131
Uniform,2,0.586,Average,1131
Uniform,3,0.713,Worst,1131
Uniform,3,0.7069999999999999,Average,1131
Uniform,4,0.778,Worst,1131
Uniform,4,0.7595000000000001,Average,1131
Uniform,5,0.8084999999999999,Worst,1131
Uniform,5,0.796,Average,1131
Uniform,6,0.8460000000000001,Worst,1131
Uniform,6,0.828,Average,1131
Uniform,7,0.865,Worst,1131
Uniform,7,0.8664999999999999,Average,1131
Uniform,8,0.885,Worst,1131
Uniform,8,0.8755,Average,1131
Uniform,9,0.8934999999999998,Worst,1131
Uniform,9,0.898,Average,1131
Uniform,10,0.9095000000000001,Worst,1131
Uniform,10,0.9035000000000002,Average,1131
Uniform,11,0.9055000000000002,Worst,1131
Uniform,11,0.9040000000000001,Average,1131
Uniform,12,0.9094999999999999,Worst,1131
Uniform,12,0.9115000000000002,Average,1131
Uniform,13,0.9350000000000002,Worst,1131
Uniform,13,0.938,Average,1131
Uniform,14,0.922,Worst,1131
Uniform,14,0.9279999999999999,Average,1131
Uniform,15,0.9319999999999998,Worst,1131
Uniform,15,0.9305,Average,1131
Uniform,16,0.9375,Worst,1131
Uniform,16,0.942,Average,1131
Uniform,17,0.9345000000000001,Worst,1131
Uniform,17,0.9380000000000001,Average,1131
Uniform,18,0.9424999999999999,Worst,1131
Uniform,18,0.9380000000000001,Average,1131
Uniform,19,0.9535,Worst,1131
Uniform,19,0.9469999999999998,Average,1131
Uniform,20,0.9570000000000001,Worst,1131
Uniform,20,0.9495000000000001,Average,1131
Uniform,21,0.95,Worst,1131
Uniform,21,0.9495000000000001,Average,1131
Uniform,22,0.95,Worst,1131
Uniform,22,0.954,Average,1131
Uniform,23,0.9550000000000001,Worst,1131
Uniform,23,0.9535,Average,1131
Uniform,24,0.9584999999999999,Worst,1131
Uniform,24,0.9579999999999999,Average,1131
Uniform,25,0.9605,Worst,1131
Uniform,25,0.9629999999999999,Average,1131
Uniform,26,0.9600000000000002,Worst,1131
Uniform,26,0.9640000000000001,Average,1131
Uniform,27,0.9550000000000001,Worst,1131
Uniform,27,0.9635000000000001,Average,1131
Uniform,28,0.9674999999999999,Worst,1131
Uniform,28,0.962,Average,1131
Uniform,29,0.9644999999999999,Worst,1131
Uniform,29,0.9634999999999998,Average,1131
Uniform,30,0.9644999999999999,Worst,1131
Uniform,30,0.9644999999999998,Average,1131
Uniform,1,0.23900000000000002,Worst,32985348833548
Uniform,1,0.2555,Average,32985348833548
Uniform,2,0.5605,Worst,32985348833548
Uniform,2,0.5625000000000001,Average,32985348833548
Uniform,3,0.6865,Worst,32985348833548
Uniform,3,0.6815,Average,32985348833548
Uniform,4,0.7635,Worst,32985348833548
Uniform,4,0.7705000000000001,Average,32985348833548
Uniform,5,0.8009999999999999,Worst,32985348833548
Uniform,5,0.817,Average,32985348833548
Uniform,6,0.8494999999999999,Worst,32985348833548
Uniform,6,0.8450000000000001,Average,32985348833548
Uniform,7,0.8595,Worst,32985348833548
Uniform,7,0.86,Average,32985348833548
Uniform,8,0.869,Worst,32985348833548
Uniform,8,0.897,Average,32985348833548
Uniform,9,0.89,Worst,32985348833548
Uniform,9,0.8965000000000002,Average,32985348833548
Uniform,10,0.9040000000000001,Worst,32985348833548
Uniform,10,0.9030000000000001,Average,32985348833548
Uniform,11,0.8975,Worst,32985348833548
Uniform,11,0.9105000000000001,Average,32985348833548
Uniform,12,0.9209999999999999,Worst,32985348833548
Uniform,12,0.9255000000000001,Average,32985348833548
Uniform,13,0.9259999999999999,Worst,32985348833548
Uniform,13,0.9109999999999999,Average,32985348833548
Uniform,14,0.9274999999999999,Worst,32985348833548
Uniform,14,0.9260000000000002,Average,32985348833548
Uniform,15,0.9390000000000001,Worst,32985348833548
Uniform,15,0.9255000000000001,Average,32985348833548
Uniform,16,0.9419999999999998,Worst,32985348833548
Uniform,16,0.944,Average,32985348833548
Uniform,17,0.9434999999999999,Worst,32985348833548
Uniform,17,0.9465,Average,32985348833548
Uniform,18,0.9440000000000002,Worst,32985348833548
Uniform,18,0.9584999999999999,Average,32985348833548
Uniform,19,0.9495000000000001,Worst,32985348833548
Uniform,19,0.9530000000000001,Average,32985348833548
Uniform,20,0.952,Worst,32985348833548
Uniform,20,0.9475000000000001,Average,32985348833548
Uniform,21,0.95,Worst,32985348833548
Uniform,21,0.9560000000000001,Average,32985348833548
Uniform,22,0.9494999999999999,Worst,32985348833548
Uniform,22,0.9560000000000001,Average,32985348833548
Uniform,23,0.9574999999999999,Worst,32985348833548
Uniform,23,0.9570000000000001,Average,32985348833548
Uniform,24,0.9525,Worst,32985348833548
Uniform,24,0.9564999999999999,Average,32985348833548
Uniform,25,0.9564999999999999,Worst,32985348833548
Uniform,25,0.96,Average,32985348833548
Uniform,26,0.9625,Worst,32985348833548
Uniform,26,0.9600000000000002,Average,32985348833548
Uniform,27,0.9549999999999998,Worst,32985348833548
Uniform,27,0.9625,Average,32985348833548
Uniform,28,0.9685,Worst,32985348833548
Uniform,28,0.967,Average,32985348833548
Uniform,29,0.962,Worst,32985348833548
Uniform,29,0.9645000000000001,Average,32985348833548
Uniform,30,0.9625,Worst,32985348833548
Uniform,30,0.966,Average,32985348833548
Uniform,1,0.35300000000000004,Worst,4398046511257
Uniform,1,0.354,Average,4398046511257
Uniform,2,0.599,Worst,4398046511257
Uniform,2,0.6144999999999999,Average,4398046511257
Uniform,3,0.7190000000000001,Worst,4398046511257
Uniform,3,0.7335,Average,4398046511257
Uniform,4,0.7675,Worst,4398046511257
Uniform,4,0.784,Average,4398046511257
Uniform,5,0.826,Worst,4398046511257
Uniform,5,0.8094999999999999,Average,4398046511257
Uniform,6,0.8484999999999999,Worst,4398046511257
Uniform,6,0.8399999999999999,Average,4398046511257
Uniform,7,0.8745,Worst,4398046511257
Uniform,7,0.8644999999999999,Average,4398046511257
Uniform,8,0.8845000000000001,Worst,4398046511257
Uniform,8,0.8630000000000001,Average,4398046511257
Uniform,9,0.8980000000000002,Worst,4398046511257
Uniform,9,0.899,Average,4398046511257
Uniform,10,0.897,Worst,4398046511257
Uniform,10,0.8949999999999999,Average,4398046511257
Uniform,11,0.916,Worst,4398046511257
Uniform,11,0.9149999999999998,Average,4398046511257
Uniform,12,0.917,Worst,4398046511257
Uniform,12,0.914,Average,4398046511257
Uniform,13,0.9265000000000002,Worst,4398046511257
Uniform,13,0.937,Average,4398046511257
Uniform,14,0.938,Worst,4398046511257
Uniform,14,0.9340000000000002,Average,4398046511257
Uniform,15,0.9330000000000002,Worst,4398046511257
Uniform,15,0.9360000000000002,Average,4398046511257
Uniform,16,0.9394999999999998,Worst,4398046511257
Uniform,16,0.9425000000000001,Average,4398046511257
Uniform,17,0.938,Worst,4398046511257
Uniform,17,0.9344999999999999,Average,4398046511257
Uniform,18,0.943,Worst,4398046511257
Uniform,18,0.944,Average,4398046511257
Uniform,19,0.9454999999999998,Worst,4398046511257
Uniform,19,0.9549999999999998,Average,4398046511257
Uniform,20,0.9474999999999998,Worst,4398046511257
Uniform,20,0.9515,Average,4398046511257
Uniform,21,0.9569999999999999,Worst,4398046511257
Uniform,21,0.9549999999999998,Average,4398046511257
Uniform,22,0.961,Worst,4398046511257
Uniform,22,0.9445,Average,4398046511257
Uniform,23,0.96,Worst,4398046511257
Uniform,23,0.9514999999999999,Average,4398046511257
Uniform,24,0.9640000000000001,Worst,4398046511257
Uniform,24,0.9574999999999999,Average,4398046511257
Uniform,25,0.966,Worst,4398046511257
Uniform,25,0.9624999999999998,Average,4398046511257
Uniform,26,0.9574999999999999,Worst,4398046511257
Uniform,26,0.9635,Average,4398046511257
Uniform,27,0.9594999999999999,Worst,4398046511257
Uniform,27,0.9664999999999999,Average,4398046511257
Uniform,28,0.966,Worst,4398046511257
Uniform,28,0.961,Average,4398046511257
Uniform,29,0.9754999999999999,Worst,4398046511257
Uniform,29,0.9649999999999999,Average,4398046511257
Uniform,30,0.9664999999999999,Worst,4398046511257
Uniform,30,0.9639999999999999,Average,4398046511257
Uniform,1,1.0,Worst,24189255811315
Uniform,1,1.0,Average,24189255811315
Uniform,2,1.0,Worst,24189255811315
Uniform,2,1.0,Average,24189255811315
Uniform,3,1.0,Worst,24189255811315
Uniform,3,1.0,Average,24189255811315
Uniform,4,1.0,Worst,24189255811315
Uniform,4,1.0,Average,24189255811315
Uniform,5,1.0,Worst,24189255811315
Uniform,5,1.0,Average,24189255811315
Uniform,6,1.0,Worst,24189255811315
Uniform,6,1.0,Average,24189255811315
Uniform,7,1.0,Worst,24189255811315
Uniform,7,1.0,Average,24189255811315
Uniform,8,1.0,Worst,24189255811315
Uniform,8,1.0,Average,24189255811315
Uniform,9,1.0,Worst,24189255811315
Uniform,9,1.0,Average,24189255811315
Uniform,10,1.0,Worst,24189255811315
Uniform,10,1.0,Average,24189255811315
Uniform,11,1.0,Worst,24189255811315
Uniform,11,1.0,Average,24189255811315
Uniform,12,1.0,Worst,24189255811315
Uniform,12,1.0,Average,24189255811315
Uniform,13,1.0,Worst,24189255811315
Uniform,13,1.0,Average,24189255811315
Uniform,14,1.0,Worst,24189255811315
Uniform,14,1.0,Average,24189255811315
Uniform,15,1.0,Worst,24189255811315
Uniform,15,1.0,Average,24189255811315
Uniform,16,1.0,Worst,24189255811315
Uniform,16,1.0,Average,24189255811315
Uniform,17,1.0,Worst,24189255811315
Uniform,17,1.0,Average,24189255811315
Uniform,18,1.0,Worst,24189255811315
Uniform,18,1.0,Average,24189255811315
Uniform,19,1.0,Worst,24189255811315
Uniform,19,1.0,Average,24189255811315
Uniform,20,1.0,Worst,24189255811315
Uniform,20,1.0,Average,24189255811315
Uniform,21,1.0,Worst,24189255811315
Uniform,21,1.0,Average,24189255811315
Uniform,22,1.0,Worst,24189255811315
Uniform,22,1.0,Average,24189255811315
Uniform,23,1.0,Worst,24189255811315
Uniform,23,1.0,Average,24189255811315
Uniform,24,1.0,Worst,24189255811315
Uniform,24,1.0,Average,24189255811315
Uniform,25,1.0,Worst,24189255811315
Uniform,25,1.0,Average,24189255811315
Uniform,26,1.0,Worst,24189255811315
Uniform,26,1.0,Average,24189255811315
Uniform,27,1.0,Worst,24189255811315
Uniform,27,1.0,Average,24189255811315
Uniform,28,1.0,Worst,24189255811315
Uniform,28,1.0,Average,24189255811315
Uniform,29,1.0,Worst,24189255811315
Uniform,29,1.0,Average,24189255811315
Uniform,30,1.0,Worst,24189255811315
Uniform,30,1.0,Average,24189255811315
Uniform,1,0.301,Worst,1644
Uniform,1,0.29500000000000004,Average,1644
Uniform,2,0.5695,Worst,1644
Uniform,2,0.5645,Average,1644
Uniform,3,0.6950000000000001,Worst,1644
Uniform,3,0.6935,Average,1644
Uniform,4,0.77,Worst,1644
Uniform,4,0.7740000000000001,Average,1644
Uniform,5,0.819,Worst,1644
Uniform,5,0.8160000000000001,Average,1644
Uniform,6,0.858,Worst,1644
Uniform,6,0.8324999999999999,Average,1644
Uniform,7,0.8559999999999999,Worst,1644
Uniform,7,0.868,Average,1644
Uniform,8,0.865,Worst,1644
Uniform,8,0.9005000000000001,Average,1644
Uniform,9,0.8915,Worst,1644
Uniform,9,0.8935000000000001,Average,1644
Uniform,10,0.8975000000000002,Worst,1644
Uniform,10,0.9155,Average,1644
Uniform,11,0.9205,Worst,1644
Uniform,11,0.9205000000000002,Average,1644
Uniform,12,0.9129999999999999,Worst,1644
Uniform,12,0.917,Average,1644
Uniform,13,0.9240000000000002,Worst,1644
Uniform,13,0.9235,Average,1644
Uniform,14,0.9275000000000002,Worst,1644
Uniform,14,0.9265000000000001,Average,1644
Uniform,15,0.933,Worst,1644
Uniform,15,0.9285,Average,1644
Uniform,16,0.9454999999999998,Worst,1644
Uniform,16,0.9390000000000001,Average,1644
Uniform,17,0.943,Worst,1644
Uniform,17,0.9425000000000001,Average,1644
Uniform,18,0.9414999999999999,Worst,1644
Uniform,18,0.951,Average,1644
Uniform,19,0.96,Worst,1644
Uniform,19,0.951,Average,1644
Uniform,20,0.9535,Worst,1644
Uniform,20,0.96,Average,1644
Uniform,21,0.9500000000000002,Worst,1644
Uniform,21,0.9524999999999999,Average,1644
Uniform,22,0.953,Worst,1644
Uniform,22,0.952,Average,1644
Uniform,23,0.9460000000000001,Worst,1644
Uniform,23,0.9535,Average,1644
Uniform,24,0.9599999999999997,Worst,1644
Uniform,24,0.9574999999999998,Average,1644
Uniform,25,0.9584999999999997,Worst,1644
Uniform,25,0.9625,Average,1644
Uniform,26,0.9619999999999997,Worst,1644
Uniform,26,0.9629999999999999,Average,1644
Uniform,27,0.9605,Worst,1644
Uniform,27,0.96,Average,1644
Uniform,28,0.9674999999999999,Worst,1644
Uniform,28,0.9564999999999999,Average,1644
Uniform,29,0.9640000000000001,Worst,1644
Uniform,29,0.966,Average,1644
Uniform,30,0.9684999999999999,Worst,1644
Uniform,30,0.968,Average,1644
Uniform,1,0.263,Worst,4398046512527
Uniform,1,0.2475,Average,4398046512527
Uniform,2,0.5820000000000001,Worst,4398046512527
Uniform,2,0.556,Average,4398046512527
Uniform,3,0.6950000000000001,Worst,4398046512527
Uniform,3,0.6914999999999999,Average,4398046512527
Uniform,4,0.7665000000000001,Worst,4398046512527
Uniform,4,0.7625,Average,4398046512527
Uniform,5,0.8115,Worst,4398046512527
Uniform,5,0.8099999999999999,Average,4398046512527
Uniform,6,0.8524999999999998,Worst,4398046512527
Uniform,6,0.8465,Average,4398046512527
Uniform,7,0.8654999999999999,Worst,4398046512527
Uniform,7,0.8679999999999998,Average,4398046512527
Uniform,8,0.8645000000000002,Worst,4398046512527
Uniform,8,0.8895000000000002,Average,4398046512527
Uniform,9,0.8895,Worst,4398046512527
Uniform,9,0.8905000000000001,Average,4398046512527
Uniform,10,0.8985,Worst,4398046512527
Uniform,10,0.8860000000000001,Average,4398046512527
Uniform,11,0.9025000000000001,Worst,4398046512527
Uniform,11,0.9180000000000001,Average,4398046512527
Uniform,12,0.917,Worst,4398046512527
Uniform,12,0.9179999999999999,Average,4398046512527
Uniform,13,0.9295,Worst,4398046512527
Uniform,13,0.921,Average,4398046512527
Uniform,14,0.9285,Worst,4398046512527
Uniform,14,0.9345000000000001,Average,4398046512527
Uniform,15,0.9279999999999999,Worst,4398046512527
Uniform,15,0.938,Average,4398046512527
Uniform,16,0.9409999999999998,Worst,4398046512527
Uniform,16,0.9445,Average,4398046512527
Uniform,17,0.9395000000000001,Worst,4398046512527
Uniform,17,0.9410000000000001,Average,4398046512527
Uniform,18,0.9385,Worst,4398046512527
Uniform,18,0.9444999999999999,Average,4398046512527
Uniform,19,0.9479999999999998,Worst,4398046512527
Uniform,19,0.9484999999999999,Average,4398046512527
Uniform,20,0.9504999999999999,Worst,4398046512527
Uniform,20,0.9600000000000002,Average,4398046512527
Uniform,21,0.952,Worst,4398046512527
Uniform,21,0.9525,Average,4398046512527
Uniform,22,0.9555000000000001,Worst,4398046512527
Uniform,22,0.9579999999999999,Average,4398046512527
Uniform,23,0.9629999999999999,Worst,4398046512527
Uniform,23,0.96,Average,4398046512527
Uniform,24,0.9559999999999998,Worst,4398046512527
Uniform,24,0.9470000000000001,Average,4398046512527
Uniform,25,0.9620000000000001,Worst,4398046512527
Uniform,25,0.9639999999999999,Average,4398046512527
Uniform,26,0.9664999999999999,Worst,4398046512527
Uniform,26,0.9605,Average,4398046512527
Uniform,27,0.961,Worst,4398046512527
Uniform,27,0.9605,Average,4398046512527
Uniform,28,0.976,Worst,4398046512527
Uniform,28,0.9615,Average,4398046512527
Uniform,29,0.9559999999999998,Worst,4398046512527
Uniform,29,0.9684999999999999,Average,4398046512527
Uniform,30,0.9644999999999999,Worst,4398046512527
Uniform,30,0.9694999999999998,Average,4398046512527
Uniform,1,0.34349999999999997,Worst,15393162789604
Uniform,1,0.3495,Average,15393162789604
Uniform,2,0.585,Worst,15393162789604
Uniform,2,0.5945,Average,15393162789604
Uniform,3,0.7115000000000001,Worst,15393162789604
Uniform,3,0.7019999999999998,Average,15393162789604
Uniform,4,0.7529999999999999,Worst,15393162789604
Uniform,4,0.7745000000000001,Average,15393162789604
Uniform,5,0.8295,Worst,15393162789604
Uniform,5,0.8280000000000001,Average,15393162789604
Uniform,6,0.8505,Worst,15393162789604
Uniform,6,0.8425,Average,15393162789604
Uniform,7,0.8700000000000001,Worst,15393162789604
Uniform,7,0.8700000000000001,Average,15393162789604
Uniform,8,0.8805000000000002,Worst,15393162789604
Uniform,8,0.8720000000000001,Average,15393162789604
Uniform,9,0.8915000000000001,Worst,15393162789604
Uniform,9,0.8939999999999999,Average,15393162789604
Uniform,10,0.8989999999999998,Worst,15393162789604
Uniform,10,0.8960000000000001,Average,15393162789604
Uniform,11,0.9125,Worst,15393162789604
Uniform,11,0.915,Average,15393162789604
Uniform,12,0.9059999999999999,Worst,15393162789604
Uniform,12,0.9200000000000002,Average,15393162789604
Uniform,13,0.931,Worst,15393162789604
Uniform,13,0.9305000000000001,Average,15393162789604
Uniform,14,0.921,Worst,15393162789604
Uniform,14,0.93,Average,15393162789604
Uniform,15,0.9389999999999998,Worst,15393162789604
Uniform,15,0.9285,Average,15393162789604
Uniform,16,0.9360000000000002,Worst,15393162789604
Uniform,16,0.9400000000000001,Average,15393162789604
Uniform,17,0.9510000000000002,Worst,15393162789604
Uniform,17,0.944,Average,15393162789604
Uniform,18,0.9435,Worst,15393162789604
Uniform,18,0.9424999999999999,Average,15393162789604
Uniform,19,0.9470000000000001,Worst,15393162789604
Uniform,19,0.9410000000000001,Average,15393162789604
Uniform,20,0.9505000000000001,Worst,15393162789604
Uniform,20,0.9544999999999998,Average,15393162789604
Uniform,21,0.9555,Worst,15393162789604
Uniform,21,0.958,Average,15393162789604
Uniform,22,0.9490000000000001,Worst,15393162789604
Uniform,22,0.9555,Average,15393162789604
Uniform,23,0.9590000000000002,Worst,15393162789604
Uniform,23,0.9589999999999999,Average,15393162789604
Uniform,24,0.9650000000000001,Worst,15393162789604
Uniform,24,0.9564999999999999,Average,15393162789604
Uniform,25,0.9685,Worst,15393162789604
Uniform,25,0.9600000000000002,Average,15393162789604
Uniform,26,0.968,Worst,15393162789604
Uniform,26,0.9514999999999999,Average,15393162789604
Uniform,27,0.961,Worst,15393162789604
Uniform,27,0.9675,Average,15393162789604
Uniform,28,0.961,Worst,15393162789604
Uniform,28,0.9685,Average,15393162789604
Uniform,29,0.9654999999999999,Worst,15393162789604
Uniform,29,0.9650000000000001,Average,15393162789604
Uniform,30,0.9695,Worst,15393162789604
Uniform,30,0.9659999999999999,Average,15393162789604
Uniform,1,0.0,Worst,24189255811906
Uniform,1,0.0,Average,24189255811906
Uniform,2,0.48599999999999993,Worst,24189255811906
Uniform,2,0.511,Average,24189255811906
Uniform,3,0.6675,Worst,24189255811906
Uniform,3,0.675,Average,24189255811906
Uniform,4,0.7545,Worst,24189255811906
Uniform,4,0.7670000000000001,Average,24189255811906
Uniform,5,0.796,Worst,24189255811906
Uniform,5,0.791,Average,24189255811906
Uniform,6,0.8215000000000001,Worst,24189255811906
Uniform,6,0.8299999999999998,Average,24189255811906
Uniform,7,0.8600000000000001,Worst,24189255811906
Uniform,7,0.8779999999999999,Average,24189255811906
Uniform,8,0.8700000000000001,Worst,24189255811906
Uniform,8,0.8719999999999999,Average,24189255811906
Uniform,9,0.883,Worst,24189255811906
Uniform,9,0.89,Average,24189255811906
Uniform,10,0.901,Worst,24189255811906
Uniform,10,0.9029999999999999,Average,24189255811906
Uniform,11,0.9099999999999999,Worst,24189255811906
Uniform,11,0.9095000000000001,Average,24189255811906
Uniform,12,0.917,Worst,24189255811906
Uniform,12,0.9189999999999999,Average,24189255811906
Uniform,13,0.9180000000000001,Worst,24189255811906
Uniform,13,0.9225000000000001,Average,24189255811906
Uniform,14,0.9260000000000002,Worst,24189255811906
Uniform,14,0.9335000000000001,Average,24189255811906
Uniform,15,0.9409999999999998,Worst,24189255811906
Uniform,15,0.9214999999999998,Average,24189255811906
Uniform,16,0.9410000000000001,Worst,24189255811906
Uniform,16,0.9410000000000001,Average,24189255811906
Uniform,17,0.9460000000000001,Worst,24189255811906
Uniform,17,0.9450000000000001,Average,24189255811906
Uniform,18,0.9340000000000002,Worst,24189255811906
Uniform,18,0.9475,Average,24189255811906
Uniform,19,0.9490000000000001,Worst,24189255811906
Uniform,19,0.9505000000000001,Average,24189255811906
Uniform,20,0.9595,Worst,24189255811906
Uniform,20,0.945,Average,24189255811906
Uniform,21,0.9555000000000001,Worst,24189255811906
Uniform,21,0.9584999999999999,Average,24189255811906
Uniform,22,0.9455,Worst,24189255811906
Uniform,22,0.958,Average,24189255811906
Uniform,23,0.953,Worst,24189255811906
Uniform,23,0.9545,Average,24189255811906
Uniform,24,0.9515,Worst,24189255811906
Uniform,24,0.9589999999999999,Average,24189255811906
Uniform,25,0.9570000000000001,Worst,24189255811906
Uniform,25,0.9655000000000001,Average,24189255811906
Uniform,26,0.9605,Worst,24189255811906
Uniform,26,0.9569999999999999,Average,24189255811906
Uniform,27,0.9599999999999997,Worst,24189255811906
Uniform,27,0.9644999999999999,Average,24189255811906
Uniform,28,0.9654999999999999,Worst,24189255811906
Uniform,28,0.9625,Average,24189255811906
Uniform,29,0.9719999999999999,Worst,24189255811906
Uniform,29,0.9729999999999999,Average,24189255811906
Uniform,30,0.9644999999999999,Worst,24189255811906
Uniform,30,0.9614999999999998,Average,24189255811906
Uniform,1,0.682,Worst,15393162789569
Uniform,1,0.688,Average,15393162789569
Uniform,2,0.8480000000000001,Worst,15393162789569
Uniform,2,0.8375,Average,15393162789569
Uniform,3,0.891,Worst,15393162789569
Uniform,3,0.8790000000000001,Average,15393162789569
Uniform,4,0.9185000000000001,Worst,15393162789569
Uniform,4,0.9195,Average,15393162789569
Uniform,5,0.93,Worst,15393162789569
Uniform,5,0.933,Average,15393162789569
Uniform,6,0.9494999999999999,Worst,15393162789569
Uniform,6,0.9419999999999998,Average,15393162789569
Uniform,7,0.9515,Worst,15393162789569
Uniform,7,0.9530000000000001,Average,15393162789569
Uniform,8,0.9695,Worst,15393162789569
Uniform,8,0.9560000000000001,Average,15393162789569
Uniform,9,0.9690000000000001,Worst,15393162789569
Uniform,9,0.9635,Average,15393162789569
Uniform,10,0.9649999999999999,Worst,15393162789569
Uniform,10,0.9624999999999998,Average,15393162789569
Uniform,11,0.9654999999999999,Worst,15393162789569
Uniform,11,0.9620000000000001,Average,15393162789569
Uniform,12,0.968,Worst,15393162789569
Uniform,12,0.9694999999999998,Average,15393162789569
Uniform,13,0.9730000000000001,Worst,15393162789569
Uniform,13,0.9694999999999998,Average,15393162789569
Uniform,14,0.9710000000000001,Worst,15393162789569
Uniform,14,0.9780000000000001,Average,15393162789569
Uniform,15,0.9810000000000001,Worst,15393162789569
Uniform,15,0.9785,Average,15393162789569
Uniform,16,0.978,Worst,15393162789569
Uniform,16,0.9734999999999999,Average,15393162789569
Uniform,17,0.976,Worst,15393162789569
Uniform,17,0.9790000000000001,Average,15393162789569
Uniform,18,0.982,Worst,15393162789569
Uniform,18,0.9865,Average,15393162789569
Uniform,19,0.9794999999999998,Worst,15393162789569
Uniform,19,0.977,Average,15393162789569
Uniform,20,0.9800000000000001,Worst,15393162789569
Uniform,20,0.9824999999999999,Average,15393162789569
Uniform,21,0.9850000000000001,Worst,15393162789569
Uniform,21,0.9805000000000001,Average,15393162789569
Uniform,22,0.9875,Worst,15393162789569
Uniform,22,0.9835,Average,15393162789569
Uniform,23,0.9855,Worst,15393162789569
Uniform,23,0.984,Average,15393162789569
Uniform,24,0.984,Worst,15393162789569
Uniform,24,0.9845,Average,15393162789569
Uniform,25,0.986,Worst,15393162789569
Uniform,25,0.9869999999999999,Average,15393162789569
Uniform,26,0.9879999999999999,Worst,15393162789569
Uniform,26,0.9870000000000001,Average,15393162789569
Uniform,27,0.991,Worst,15393162789569
Uniform,27,0.9855,Average,15393162789569
Uniform,28,0.9884999999999998,Worst,15393162789569
Uniform,28,0.9890000000000001,Average,15393162789569
Uniform,29,0.9869999999999999,Worst,15393162789569
Uniform,29,0.9875,Average,15393162789569
Uniform,30,0.9940000000000001,Worst,15393162789569
Uniform,30,0.9880000000000001,Average,15393162789569
Uniform,1,0.321,Worst,2199023256219
Uniform,1,0.33,Average,2199023256219
Uniform,2,0.5959999999999999,Worst,2199023256219
Uniform,2,0.5894999999999999,Average,2199023256219
Uniform,3,0.714,Worst,2199023256219
Uniform,3,0.696,Average,2199023256219
Uniform,4,0.7835,Worst,2199023256219
Uniform,4,0.7875,Average,2199023256219
Uniform,5,0.813,Worst,2199023256219
Uniform,5,0.8139999999999998,Average,2199023256219
Uniform,6,0.852,Worst,2199023256219
Uniform,6,0.8474999999999999,Average,2199023256219
Uniform,7,0.8655000000000002,Worst,2199023256219
Uniform,7,0.8639999999999999,Average,2199023256219
Uniform,8,0.8779999999999999,Worst,2199023256219
Uniform,8,0.8800000000000001,Average,2199023256219
Uniform,9,0.8939999999999999,Worst,2199023256219
Uniform,9,0.8905,Average,2199023256219
Uniform,10,0.9065,Worst,2199023256219
Uniform,10,0.9035,Average,2199023256219
Uniform,11,0.916,Worst,2199023256219
Uniform,11,0.9145,Average,2199023256219
Uniform,12,0.917,Worst,2199023256219
Uniform,12,0.9205,Average,2199023256219
Uniform,13,0.9345000000000001,Worst,2199023256219
Uniform,13,0.9205,Average,2199023256219
Uniform,14,0.9200000000000002,Worst,2199023256219
Uniform,14,0.9335000000000001,Average,2199023256219
Uniform,15,0.9305,Worst,2199023256219
Uniform,15,0.9279999999999999,Average,2199023256219
Uniform,16,0.9350000000000002,Worst,2199023256219
Uniform,16,0.937,Average,2199023256219
Uniform,17,0.9325000000000001,Worst,2199023256219
Uniform,17,0.9435,Average,2199023256219
Uniform,18,0.9475,Worst,2199023256219
Uniform,18,0.9390000000000001,Average,2199023256219
Uniform,19,0.9440000000000002,Worst,2199023256219
Uniform,19,0.951,Average,2199023256219
Uniform,20,0.9410000000000001,Worst,2199023256219
Uniform,20,0.9495000000000001,Average,2199023256219
Uniform,21,0.9555,Worst,2199023256219
Uniform,21,0.9415000000000001,Average,2199023256219
Uniform,22,0.954,Worst,2199023256219
Uniform,22,0.9644999999999999,Average,2199023256219
Uniform,23,0.9615,Worst,2199023256219
Uniform,23,0.9560000000000001,Average,2199023256219
Uniform,24,0.9525,Worst,2199023256219
Uniform,24,0.9664999999999999,Average,2199023256219
Uniform,25,0.961,Worst,2199023256219
Uniform,25,0.96,Average,2199023256219
Uniform,26,0.9564999999999999,Worst,2199023256219
Uniform,26,0.96,Average,2199023256219
Uniform,27,0.9710000000000001,Worst,2199023256219
Uniform,27,0.9704999999999998,Average,2199023256219
Uniform,28,0.962,Worst,2199023256219
Uniform,28,0.9674999999999999,Average,2199023256219
Uniform,29,0.968,Worst,2199023256219
Uniform,29,0.9615,Average,2199023256219
Uniform,30,0.966,Worst,2199023256219
Uniform,30,0.9685,Average,2199023256219
Uniform,1,0.0,Worst,28587302323642
Uniform,1,0.0,Average,28587302323642
Uniform,2,0.48500000000000004,Worst,28587302323642
Uniform,2,0.4940000000000001,Average,28587302323642
Uniform,3,0.674,Worst,28587302323642
Uniform,3,0.6725000000000001,Average,28587302323642
Uniform,4,0.7355,Worst,28587302323642
Uniform,4,0.754,Average,28587302323642
Uniform,5,0.7929999999999999,Worst,28587302323642
Uniform,5,0.8105,Average,28587302323642
Uniform,6,0.8310000000000001,Worst,28587302323642
Uniform,6,0.8365,Average,28587302323642
Uniform,7,0.8634999999999999,Worst,28587302323642
Uniform,7,0.8584999999999999,Average,28587302323642
Uniform,8,0.8484999999999999,Worst,28587302323642
Uniform,8,0.875,Average,28587302323642
Uniform,9,0.897,Worst,28587302323642
Uniform,9,0.8709999999999999,Average,28587302323642
Uniform,10,0.893,Worst,28587302323642
Uniform,10,0.8975,Average,28587302323642
Uniform,11,0.9175000000000001,Worst,28587302323642
Uniform,11,0.9015000000000002,Average,28587302323642
Uniform,12,0.924,Worst,28587302323642
Uniform,12,0.9000000000000001,Average,28587302323642
Uniform,13,0.9275000000000002,Worst,28587302323642
Uniform,13,0.9160000000000001,Average,28587302323642
Uniform,14,0.9259999999999999,Worst,28587302323642
Uniform,14,0.9259999999999999,Average,28587302323642
Uniform,15,0.9355,Worst,28587302323642
Uniform,15,0.9315,Average,28587302323642
Uniform,16,0.9425000000000001,Worst,28587302323642
Uniform,16,0.9334999999999999,Average,28587302323642
Uniform,17,0.9469999999999998,Worst,28587302323642
Uniform,17,0.9395000000000001,Average,28587302323642
Uniform,18,0.9469999999999998,Worst,28587302323642
Uniform,18,0.9399999999999998,Average,28587302323642
Uniform,19,0.954,Worst,28587302323642
Uniform,19,0.9535,Average,28587302323642
Uniform,20,0.9505000000000001,Worst,28587302323642
Uniform,20,0.952,Average,28587302323642
Uniform,21,0.9525000000000002,Worst,28587302323642
Uniform,21,0.9544999999999998,Average,28587302323642
Uniform,22,0.9479999999999998,Worst,28587302323642
Uniform,22,0.953,Average,28587302323642
Uniform,23,0.9484999999999999,Worst,28587302323642
Uniform,23,0.9570000000000001,Average,28587302323642
Uniform,24,0.961,Worst,28587302323642
Uniform,24,0.961,Average,28587302323642
Uniform,25,0.96,Worst,28587302323642
Uniform,25,0.9664999999999999,Average,28587302323642
Uniform,26,0.9615000000000002,Worst,28587302323642
Uniform,26,0.9715,Average,28587302323642
Uniform,27,0.9644999999999999,Worst,28587302323642
Uniform,27,0.9655000000000001,Average,28587302323642
Uniform,28,0.9685,Worst,28587302323642
Uniform,28,0.9685,Average,28587302323642
Uniform,29,0.9649999999999999,Worst,28587302323642
Uniform,29,0.9605,Average,28587302323642
Uniform,30,0.958,Worst,28587302323642
Uniform,30,0.9615000000000002,Average,28587302323642
Uniform,1,0.0,Worst,6597069766821
Uniform,1,0.0,Average,6597069766821
Uniform,2,0.10799999999999998,Worst,6597069766821
Uniform,2,0.11850000000000001,Average,6597069766821
Uniform,3,0.34750000000000003,Worst,6597069766821
Uniform,3,0.35150000000000003,Average,6597069766821
Uniform,4,0.475,Worst,6597069766821
Uniform,4,0.506,Average,6597069766821
Uniform,5,0.5780000000000001,Worst,6597069766821
Uniform,5,0.5890000000000001,Average,6597069766821
Uniform,6,0.6419999999999999,Worst,6597069766821
Uniform,6,0.6475000000000001,Average,6597069766821
Uniform,7,0.682,Worst,6597069766821
Uniform,7,0.6895,Average,6597069766821
Uniform,8,0.7380000000000001,Worst,6597069766821
Uniform,8,0.7304999999999999,Average,6597069766821
Uniform,9,0.7655,Worst,6597069766821
Uniform,9,0.7575,Average,6597069766821
Uniform,10,0.784,Worst,6597069766821
Uniform,10,0.7725000000000001,Average,6597069766821
Uniform,11,0.796,Worst,6597069766821
Uniform,11,0.7835000000000001,Average,6597069766821
Uniform,12,0.819,Worst,6597069766821
Uniform,12,0.8094999999999999,Average,6597069766821
Uniform,13,0.8360000000000001,Worst,6597069766821
Uniform,13,0.8310000000000001,Average,6597069766821
Uniform,14,0.8405000000000001,Worst,6597069766821
Uniform,14,0.8395000000000001,Average,6597069766821
Uniform,15,0.8515,Worst,6597069766821
Uniform,15,0.8479999999999999,Average,6597069766821
Uniform,16,0.867,Worst,6597069766821
Uniform,16,0.865,Average,6597069766821
Uniform,17,0.8504999999999999,Worst,6597069766821
Uniform,17,0.8494999999999999,Average,6597069766821
Uniform,18,0.8815000000000002,Worst,6597069766821
Uniform,18,0.8695,Average,6597069766821
Uniform,19,0.8805,Worst,6597069766821
Uniform,19,0.8835000000000001,Average,6597069766821
Uniform,20,0.8845000000000001,Worst,6597069766821
Uniform,20,0.8889999999999999,Average,6597069766821
Uniform,21,0.8869999999999999,Worst,6597069766821
Uniform,21,0.8905000000000001,Average,6597069766821
Uniform,22,0.9019999999999999,Worst,6597069766821
Uniform,22,0.9019999999999999,Average,6597069766821
Uniform,23,0.9025000000000001,Worst,6597069766821
Uniform,23,0.8865000000000001,Average,6597069766821
Uniform,24,0.906,Worst,6597069766821
Uniform,24,0.9115,Average,6597069766821
Uniform,25,0.9090000000000001,Worst,6597069766821
Uniform,25,0.9145000000000001,Average,6597069766821
Uniform,26,0.9135,Worst,6597069766821
Uniform,26,0.908,Average,6597069766821
Uniform,27,0.9199999999999999,Worst,6597069766821
Uniform,27,0.9295,Average,6597069766821
Uniform,28,0.9164999999999999,Worst,6597069766821
Uniform,28,0.9155000000000001,Average,6597069766821
Uniform,29,0.9215,Worst,6597069766821
Uniform,29,0.9215,Average,6597069766821
Uniform,30,0.9045000000000002,Worst,6597069766821
Uniform,30,0.9209999999999999,Average,6597069766821
Zipfian,1,0.07849999999999999,Worst,2199023256031
Zipfian,1,0.3255,Average,2199023256031
Zipfian,2,0.164,Worst,2199023256031
Zipfian,2,0.634,Average,2199023256031
Zipfian,3,0.269,Worst,2199023256031
Zipfian,3,0.6875000000000001,Average,2199023256031
Zipfian,4,0.3255,Worst,2199023256031
Zipfian,4,0.772,Average,2199023256031
Zipfian,5,0.3665,Worst,2199023256031
Zipfian,5,0.8345,Average,2199023256031
Zipfian,6,0.4095,Worst,2199023256031
Zipfian,6,0.8634999999999999,Average,2199023256031
Zipfian,7,0.44699999999999995,Worst,2199023256031
Zipfian,7,0.9075000000000001,Average,2199023256031
Zipfian,8,0.4704999999999999,Worst,2199023256031
Zipfian,8,0.9119999999999997,Average,2199023256031
Zipfian,9,0.5005000000000001,Worst,2199023256031
Zipfian,9,0.9075,Average,2199023256031
Zipfian,10,0.5165,Worst,2199023256031
Zipfian,10,0.9195,Average,2199023256031
Zipfian,11,0.5245,Worst,2199023256031
Zipfian,11,0.9219999999999999,Average,2199023256031
Zipfian,12,0.5274999999999999,Worst,2199023256031
Zipfian,12,0.93,Average,2199023256031
Zipfian,13,0.5389999999999999,Worst,2199023256031
Zipfian,13,0.9334999999999999,Average,2199023256031
Zipfian,14,0.564,Worst,2199023256031
Zipfian,14,0.9489999999999998,Average,2199023256031
Zipfian,15,0.5740000000000001,Worst,2199023256031
Zipfian,15,0.954,Average,2199023256031
Zipfian,16,0.5975,Worst,2199023256031
Zipfian,16,0.959,Average,2199023256031
Zipfian,17,0.5845,Worst,2199023256031
Zipfian,17,0.9229999999999998,Average,2199023256031
Zipfian,18,0.6045,Worst,2199023256031
Zipfian,18,0.9479999999999998,Average,2199023256031
Zipfian,19,0.6095,Worst,2199023256031
Zipfian,19,0.9515,Average,2199023256031
Zipfian,20,0.629,Worst,2199023256031
Zipfian,20,0.9514999999999999,Average,2199023256031
Zipfian,21,0.609,Worst,2199023256031
Zipfian,21,0.9600000000000002,Average,2199023256031
Zipfian,22,0.64,Worst,2199023256031
Zipfian,22,0.9660000000000002,Average,2199023256031
Zipfian,23,0.6435000000000001,Worst,2199023256031
Zipfian,23,0.9695,Average,2199023256031
Zipfian,24,0.649,Worst,2199023256031
Zipfian,24,0.9635,Average,2199023256031
Zipfian,25,0.663,Worst,2199023256031
Zipfian,25,0.9715,Average,2199023256031
Zipfian,26,0.6545,Worst,2199023256031
Zipfian,26,0.9544999999999998,Average,2199023256031
Zipfian,27,0.6685000000000001,Worst,2199023256031
Zipfian,27,0.9700000000000001,Average,2199023256031
Zipfian,28,0.6455,Worst,2199023256031
Zipfian,28,0.9685,Average,2199023256031
Zipfian,29,0.6805,Worst,2199023256031
Zipfian,29,0.9625000000000001,Average,2199023256031
Zipfian,30,0.672,Worst,2199023256031
Zipfian,30,0.9549999999999998,Average,2199023256031
Zipfian,1,0.0,Worst,26388279067560
Zipfian,1,0.0,Average,26388279067560
Zipfian,2,0.406,Worst,26388279067560
Zipfian,2,0.527,Average,26388279067560
Zipfian,3,0.5660000000000001,Worst,26388279067560
Zipfian,3,0.6359999999999999,Average,26388279067560
Zipfian,4,0.6479999999999999,Worst,26388279067560
Zipfian,4,0.745,Average,26388279067560
Zipfian,5,0.6795000000000001,Worst,26388279067560
Zipfian,5,0.7630000000000001,Average,26388279067560
Zipfian,6,0.7405,Worst,26388279067560
Zipfian,6,0.8285,Average,26388279067560
Zipfian,7,0.7645,Worst,26388279067560
Zipfian,7,0.8400000000000001,Average,26388279067560
Zipfian,8,0.7710000000000001,Worst,26388279067560
Zipfian,8,0.8734999999999999,Average,26388279067560
Zipfian,9,0.7809999999999999,Worst,26388279067560
Zipfian,9,0.8640000000000001,Average,26388279067560
Zipfian,10,0.805,Worst,26388279067560
Zipfian,10,0.9025000000000001,Average,26388279067560
Zipfian,11,0.8035,Worst,26388279067560
Zipfian,11,0.9035000000000002,Average,26388279067560
Zipfian,12,0.8284999999999998,Worst,26388279067560
Zipfian,12,0.924,Average,26388279067560
Zipfian,13,0.8244999999999999,Worst,26388279067560
Zipfian,13,0.9339999999999999,Average,26388279067560
Zipfian,14,0.8324999999999999,Worst,26388279067560
Zipfian,14,0.93,Average,26388279067560
Zipfian,15,0.8400000000000001,Worst,26388279067560
Zipfian,15,0.9410000000000001,Average,26388279067560
Zipfian,16,0.8564999999999999,Worst,26388279067560
Zipfian,16,0.9390000000000001,Average,26388279067560
Zipfian,17,0.853,Worst,26388279067560
Zipfian,17,0.9559999999999998,Average,26388279067560
Zipfian,18,0.8539999999999999,Worst,26388279067560
Zipfian,18,0.9424999999999999,Average,26388279067560
Zipfian,19,0.866,Worst,26388279067560
Zipfian,19,0.9494999999999999,Average,26388279067560
Zipfian,20,0.874,Worst,26388279067560
Zipfian,20,0.9574999999999999,Average,26388279067560
Zipfian,21,0.868,Worst,26388279067560
Zipfian,21,0.943,Average,26388279067560
Zipfian,22,0.8765000000000001,Worst,26388279067560
Zipfian,22,0.9605,Average,26388279067560
Zipfian,23,0.8925000000000001,Worst,26388279067560
Zipfian,23,0.9445,Average,26388279067560
Zipfian,24,0.8815,Worst,26388279067560
Zipfian,24,0.9605,Average,26388279067560
Zipfian,25,0.8819999999999999,Worst,26388279067560
Zipfian,25,0.9605,Average,26388279067560
Zipfian,26,0.8835,Worst,26388279067560
Zipfian,26,0.9669999999999999,Average,26388279067560
Zipfian,27,0.8734999999999999,Worst,26388279067560
Zipfian,27,0.9605,Average,26388279067560
Zipfian,28,0.8935000000000001,Worst,26388279067560
Zipfian,28,0.9715,Average,26388279067560
Zipfian,29,0.8959999999999999,Worst,26388279067560
Zipfian,29,0.966,Average,26388279067560
Zipfian,30,0.8955000000000002,Worst,26388279067560
Zipfian,30,0.977,Average,26388279067560
Zipfian,1,0.0,Worst,10995116278652
Zipfian,1,0.0,Average,10995116278652
Zipfian,2,0.41400000000000003,Worst,10995116278652
Zipfian,2,0.48050000000000004,Average,10995116278652
Zipfian,3,0.5664999999999999,Worst,10995116278652
Zipfian,3,0.7370000000000001,Average,10995116278652
Zipfian,4,0.652,Worst,10995116278652
Zipfian,4,0.7559999999999999,Average,10995116278652
Zipfian,5,0.6995000000000001,Worst,10995116278652
Zipfian,5,0.8164999999999999,Average,10995116278652
Zipfian,6,0.7360000000000001,Worst,10995116278652
Zipfian,6,0.8245000000000001,Average,10995116278652
Zipfian,7,0.7649999999999999,Worst,10995116278652
Zipfian,7,0.882,Average,10995116278652
Zipfian,8,0.7785,Worst,10995116278652
Zipfian,8,0.8564999999999999,Average,10995116278652
Zipfian,9,0.7745,Worst,10995116278652
Zipfian,9,0.9075000000000001,Average,10995116278652
Zipfian,10,0.8005000000000001,Worst,10995116278652
Zipfian,10,0.9195,Average,10995116278652
Zipfian,11,0.7995000000000001,Worst,10995116278652
Zipfian,11,0.9104999999999999,Average,10995116278652
Zipfian,12,0.8290000000000001,Worst,10995116278652
Zipfian,12,0.9324999999999999,Average,10995116278652
Zipfian,13,0.829,Worst,10995116278652
Zipfian,13,0.9395000000000001,Average,10995116278652
Zipfian,14,0.8435,Worst,10995116278652
Zipfian,14,0.9215,Average,10995116278652
Zipfian,15,0.8574999999999999,Worst,10995116278652
Zipfian,15,0.9470000000000001,Average,10995116278652
Zipfian,16,0.853,Worst,10995116278652
Zipfian,16,0.929,Average,10995116278652
Zipfian,17,0.857,Worst,10995116278652
Zipfian,17,0.922,Average,10995116278652
Zipfian,18,0.8494999999999999,Worst,10995116278652
Zipfian,18,0.9359999999999999,Average,10995116278652
Zipfian,19,0.875,Worst,10995116278652
Zipfian,19,0.9490000000000001,Average,10995116278652
Zipfian,20,0.8854999999999998,Worst,10995116278652
Zipfian,20,0.9635,Average,10995116278652
Zipfian,21,0.8640000000000001,Worst,10995116278652
Zipfian,21,0.9465,Average,10995116278652
Zipfian,22,0.874,Worst,10995116278652
Zipfian,22,0.9475,Average,10995116278652
Zipfian,23,0.8945000000000001,Worst,10995116278652
Zipfian,23,0.9635,Average,10995116278652
Zipfian,24,0.875,Worst,10995116278652
Zipfian,24,0.9535,Average,10995116278652
Zipfian,25,0.8975,Worst,10995116278652
Zipfian,25,0.9675,Average,10995116278652
Zipfian,26,0.8745,Worst,10995116278652
Zipfian,26,0.9615,Average,10995116278652
Zipfian,27,0.9030000000000001,Worst,10995116278652
Zipfian,27,0.9650000000000001,Average,10995116278652
Zipfian,28,0.8875,Worst,10995116278652
Zipfian,28,0.9640000000000001,Average,10995116278652
Zipfian,29,0.908,Worst,10995116278652
Zipfian,29,0.9625,Average,10995116278652
Zipfian,30,0.899,Worst,10995116278652
Zipfian,30,0.9640000000000001,Average,10995116278652
Zipfian,1,0.11850000000000001,Worst,870
Zipfian,1,0.28650000000000003,Average,870
Zipfian,2,0.282,Worst,870
Zipfian,2,0.634,Average,870
Zipfian,3,0.367,Worst,870
Zipfian,3,0.7485,Average,870
Zipfian,4,0.4285,Worst,870
Zipfian,4,0.7965,Average,870
Zipfian,5,0.46499999999999997,Worst,870
Zipfian,5,0.8115,Average,870
Zipfian,6,0.531,Worst,870
Zipfian,6,0.868,Average,870
Zipfian,7,0.5395000000000001,Worst,870
Zipfian,7,0.8160000000000001,Average,870
Zipfian,8,0.559,Worst,870
Zipfian,8,0.8539999999999999,Average,870
Zipfian,9,0.5774999999999999,Worst,870
Zipfian,9,0.9055,Average,870
Zipfian,10,0.6315000000000001,Worst,870
Zipfian,10,0.866,Average,870
Zipfian,11,0.6115,Worst,870
Zipfian,11,0.9225000000000001,Average,870
Zipfian,12,0.6225,Worst,870
Zipfian,12,0.929,Average,870
Zipfian,13,0.6605000000000001,Worst,870
Zipfian,13,0.9440000000000002,Average,870
Zipfian,14,0.6575,Worst,870
Zipfian,14,0.9515,Average,870
Zipfian,15,0.6535,Worst,870
Zipfian,15,0.922,Average,870
Zipfian,16,0.67,Worst,870
Zipfian,16,0.9334999999999999,Average,870
Zipfian,17,0.6929999999999998,Worst,870
Zipfian,17,0.8960000000000001,Average,870
Zipfian,18,0.7065000000000001,Worst,870
Zipfian,18,0.959,Average,870
Zipfian,19,0.693,Worst,870
Zipfian,19,0.9614999999999998,Average,870
Zipfian,20,0.728,Worst,870
Zipfian,20,0.9499999999999998,Average,870
Zipfian,21,0.724,Worst,870
Zipfian,21,0.946,Average,870
Zipfian,22,0.7215,Worst,870
Zipfian,22,0.9629999999999999,Average,870
Zipfian,23,0.727,Worst,870
Zipfian,23,0.9709999999999999,Average,870
Zipfian,24,0.748,Worst,870
Zipfian,24,0.967,Average,870
Zipfian,25,0.743,Worst,870
Zipfian,25,0.9634999999999998,Average,870
Zipfian,26,0.744,Worst,870
Zipfian,26,0.9675,Average,870
Zipfian,27,0.752,Worst,870
Zipfian,27,0.9650000000000001,Average,870
Zipfian,28,0.7415,Worst,870
Zipfian,28,0.9695,Average,870
Zipfian,29,0.758,Worst,870
Zipfian,29,0.9764999999999999,Average,870
Zipfian,30,0.764,Worst,870
Zipfian,30,0.9640000000000001,Average,870
Zipfian,1,0.16399999999999998,Worst,15393162789933
Zipfian,1,0.3205,Average,15393162789933
Zipfian,2,0.34500000000000003,Worst,15393162789933
Zipfian,2,0.65,Average,15393162789933
Zipfian,3,0.4615,Worst,15393162789933
Zipfian,3,0.7270000000000001,Average,15393162789933
Zipfian,4,0.523,Worst,15393162789933
Zipfian,4,0.7515000000000001,Average,15393162789933
Zipfian,5,0.5719999999999998,Worst,15393162789933
Zipfian,5,0.8185,Average,15393162789933
Zipfian,6,0.6115,Worst,15393162789933
Zipfian,6,0.882,Average,15393162789933
Zipfian,7,0.6195,Worst,15393162789933
Zipfian,7,0.8505,Average,15393162789933
Zipfian,8,0.6695,Worst,15393162789933
Zipfian,8,0.907,Average,15393162789933
Zipfian,9,0.6664999999999999,Worst,15393162789933
Zipfian,9,0.9195000000000002,Average,15393162789933
Zipfian,10,0.6880000000000001,Worst,15393162789933
Zipfian,10,0.9185000000000001,Average,15393162789933
Zipfian,11,0.6965,Worst,15393162789933
Zipfian,11,0.9025000000000002,Average,15393162789933
Zipfian,12,0.6970000000000001,Worst,15393162789933
Zipfian,12,0.9365,Average,15393162789933
Zipfian,13,0.7135,Worst,15393162789933
Zipfian,13,0.9280000000000002,Average,15393162789933
Zipfian,14,0.7429999999999999,Worst,15393162789933
Zipfian,14,0.9375,Average,15393162789933
Zipfian,15,0.7479999999999999,Worst,15393162789933
Zipfian,15,0.9484999999999999,Average,15393162789933
Zipfian,16,0.744,Worst,15393162789933
Zipfian,16,0.9344999999999999,Average,15393162789933
Zipfian,17,0.7394999999999999,Worst,15393162789933
Zipfian,17,0.9564999999999999,Average,15393162789933
Zipfian,18,0.7645000000000002,Worst,15393162789933
Zipfian,18,0.951,Average,15393162789933
Zipfian,19,0.773,Worst,15393162789933
Zipfian,19,0.9275,Average,15393162789933
Zipfian,20,0.7895,Worst,15393162789933
Zipfian,20,0.9475000000000001,Average,15393162789933
Zipfian,21,0.788,Worst,15393162789933
Zipfian,21,0.945,Average,15393162789933
Zipfian,22,0.7805000000000002,Worst,15393162789933
Zipfian,22,0.958,Average,15393162789933
Zipfian,23,0.7965,Worst,15393162789933
Zipfian,23,0.9355,Average,15393162789933
Zipfian,24,0.8029999999999999,Worst,15393162789933
Zipfian,24,0.9630000000000001,Average,15393162789933
Zipfian,25,0.7915,Worst,15393162789933
Zipfian,25,0.967,Average,15393162789933
Zipfian,26,0.8154999999999999,Worst,15393162789933
Zipfian,26,0.9594999999999999,Average,15393162789933
Zipfian,27,0.8029999999999999,Worst,15393162789933
Zipfian,27,0.9684999999999999,Average,15393162789933
Zipfian,28,0.821,Worst,15393162789933
Zipfian,28,0.9625,Average,15393162789933
Zipfian,29,0.8275,Worst,15393162789933
Zipfian,29,0.9640000000000001,Average,15393162789933
Zipfian,30,0.8375,Worst,15393162789933
Zipfian,30,0.9710000000000001,Average,15393162789933
Zipfian,1,0.0,Worst,10995116278647
Zipfian,1,0.0,Average,10995116278647
Zipfian,2,0.4170000000000001,Worst,10995116278647
Zipfian,2,0.5035,Average,10995116278647
Zipfian,3,0.5605,Worst,10995116278647
Zipfian,3,0.6475000000000001,Average,10995116278647
Zipfian,4,0.636,Worst,10995116278647
Zipfian,4,0.7434999999999999,Average,10995116278647
Zipfian,5,0.692,Worst,10995116278647
Zipfian,5,0.7979999999999999,Average,10995116278647
Zipfian,6,0.736,Worst,10995116278647
Zipfian,6,0.8504999999999999,Average,10995116278647
Zipfian,7,0.7390000000000001,Worst,10995116278647
Zipfian,7,0.866,Average,10995116278647
Zipfian,8,0.769,Worst,10995116278647
Zipfian,8,0.8525,Average,10995116278647
Zipfian,9,0.7845000000000001,Worst,10995116278647
Zipfian,9,0.9145,Average,10995116278647
Zipfian,10,0.8005000000000001,Worst,10995116278647
Zipfian,10,0.883,Average,10995116278647
Zipfian,11,0.8009999999999999,Worst,10995116278647
Zipfian,11,0.8955000000000002,Average,10995116278647
Zipfian,12,0.817,Worst,10995116278647
Zipfian,12,0.9085000000000001,Average,10995116278647
Zipfian,13,0.8309999999999998,Worst,10995116278647
Zipfian,13,0.9435,Average,10995116278647
Zipfian,14,0.8320000000000001,Worst,10995116278647
Zipfian,14,0.9395,Average,10995116278647
Zipfian,15,0.829,Worst,10995116278647
Zipfian,15,0.9475000000000001,Average,10995116278647
Zipfian,16,0.86,Worst,10995116278647
Zipfian,16,0.931,Average,10995116278647
Zipfian,17,0.8629999999999999,Worst,10995116278647
Zipfian,17,0.9334999999999998,Average,10995116278647
Zipfian,18,0.8564999999999999,Worst,10995116278647
Zipfian,18,0.9479999999999998,Average,10995116278647
Zipfian,19,0.866,Worst,10995116278647
Zipfian,19,0.9535,Average,10995116278647
Zipfian,20,0.8780000000000001,Worst,10995116278647
Zipfian,20,0.9574999999999999,Average,10995116278647
Zipfian,21,0.877,Worst,10995116278647
Zipfian,21,0.9584999999999999,Average,10995116278647
Zipfian,22,0.8845000000000001,Worst,10995116278647
Zipfian,22,0.9359999999999999,Average,10995116278647
Zipfian,23,0.8780000000000001,Worst,10995116278647
Zipfian,23,0.9630000000000001,Average,10995116278647
Zipfian,24,0.8859999999999999,Worst,10995116278647
Zipfian,24,0.9540000000000001,Average,10995116278647
Zipfian,25,0.8905000000000001,Worst,10995116278647
Zipfian,25,0.9584999999999997,Average,10995116278647
Zipfian,26,0.881,Worst,10995116278647
Zipfian,26,0.954,Average,10995116278647
Zipfian,27,0.8789999999999999,Worst,10995116278647
Zipfian,27,0.9584999999999999,Average,10995116278647
Zipfian,28,0.8955,Worst,10995116278647
Zipfian,28,0.9604999999999999,Average,10995116278647
Zipfian,29,0.8960000000000001,Worst,10995116278647
Zipfian,29,0.9570000000000002,Average,10995116278647
Zipfian,30,0.8869999999999999,Worst,10995116278647
Zipfian,30,0.966,Average,10995116278647
Zipfian,1,0.17400000000000002,Worst,19791209301529
Zipfian,1,0.2675,Average,19791209301529
Zipfian,2,0.39,Worst,19791209301529
Zipfian,2,0.6025,Average,19791209301529
Zipfian,3,0.5374999999999999,Worst,19791209301529
Zipfian,3,0.6994999999999999,Average,19791209301529
Zipfian,4,0.585,Worst,19791209301529
Zipfian,4,0.7615000000000001,Average,19791209301529
Zipfian,5,0.6365000000000001,Worst,19791209301529
Zipfian,5,0.8115,Average,19791209301529
Zipfian,6,0.6745,Worst,19791209301529
Zipfian,6,0.8560000000000001,Average,19791209301529
Zipfian,7,0.6865,Worst,19791209301529
Zipfian,7,0.874,Average,19791209301529
Zipfian,8,0.7230000000000001,Worst,19791209301529
Zipfian,8,0.905,Average,19791209301529
Zipfian,9,0.7595000000000001,Worst,19791209301529
Zipfian,9,0.8845000000000001,Average,19791209301529
Zipfian,10,0.7484999999999999,Worst,19791209301529
Zipfian,10,0.8985,Average,19791209301529
Zipfian,11,0.7665,Worst,19791209301529
Zipfian,11,0.9004999999999999,Average,19791209301529
Zipfian,12,0.787,Worst,19791209301529
Zipfian,12,0.9315,Average,19791209301529
Zipfian,13,0.791,Worst,19791209301529
Zipfian,13,0.909,Average,19791209301529
Zipfian,14,0.8009999999999998,Worst,19791209301529
Zipfian,14,0.9120000000000001,Average,19791209301529
Zipfian,15,0.799,Worst,19791209301529
Zipfian,15,0.913,Average,19791209301529
Zipfian,16,0.8239999999999998,Worst,19791209301529
Zipfian,16,0.9325000000000001,Average,19791209301529
Zipfian,17,0.8150000000000001,Worst,19791209301529
Zipfian,17,0.9560000000000001,Average,19791209301529
Zipfian,18,0.8445,Worst,19791209301529
Zipfian,18,0.9464999999999998,Average,19791209301529
Zipfian,19,0.8275,Worst,19791209301529
Zipfian,19,0.951,Average,19791209301529
Zipfian,20,0.8229999999999998,Worst,19791209301529
Zipfian,20,0.9735000000000001,Average,19791209301529
Zipfian,21,0.8345,Worst,19791209301529
Zipfian,21,0.9495000000000001,Average,19791209301529
Zipfian,22,0.843,Worst,19791209301529
Zipfian,22,0.959,Average,19791209301529
Zipfian,23,0.8394999999999999,Worst,19791209301529
Zipfian,23,0.9574999999999999,Average,19791209301529
Zipfian,24,0.842,Worst,19791209301529
Zipfian,24,0.9475,Average,19791209301529
Zipfian,25,0.8465,Worst,19791209301529
Zipfian,25,0.9564999999999999,Average,19791209301529
Zipfian,26,0.8425,Worst,19791209301529
Zipfian,26,0.9470000000000001,Average,19791209301529
Zipfian,27,0.844,Worst,19791209301529
Zipfian,27,0.9360000000000002,Average,19791209301529
Zipfian,28,0.8539999999999999,Worst,19791209301529
Zipfian,28,0.9654999999999999,Average,19791209301529
Zipfian,29,0.8605,Worst,19791209301529
Zipfian,29,0.9645000000000001,Average,19791209301529
Zipfian,30,0.8634999999999998,Worst,19791209301529
Zipfian,30,0.9774999999999998,Average,19791209301529
Zipfian,1,0.0475,Worst,8796093023493
Zipfian,1,0.3939999999999999,Average,8796093023493
Zipfian,2,0.12449999999999999,Worst,8796093023493
Zipfian,2,0.6340000000000001,Average,8796093023493
Zipfian,3,0.21749999999999997,Worst,8796093023493
Zipfian,3,0.7515,Average,8796093023493
Zipfian,4,0.24700000000000003,Worst,8796093023493
Zipfian,4,0.7914999999999999,Average,8796093023493
Zipfian,5,0.305,Worst,8796093023493
Zipfian,5,0.8025,Average,8796093023493
Zipfian,6,0.33199999999999996,Worst,8796093023493
Zipfian,6,0.837,Average,8796093023493
Zipfian,7,0.37849999999999995,Worst,8796093023493
Zipfian,7,0.8654999999999999,Average,8796093023493
Zipfian,8,0.3955,Worst,8796093023493
Zipfian,8,0.8915000000000001,Average,8796093023493
Zipfian,9,0.41900000000000004,Worst,8796093023493
Zipfian,9,0.898,Average,8796093023493
Zipfian,10,0.43100000000000005,Worst,8796093023493
Zipfian,10,0.923,Average,8796093023493
Zipfian,11,0.4425,Worst,8796093023493
Zipfian,11,0.8855000000000001,Average,8796093023493
Zipfian,12,0.471,Worst,8796093023493
Zipfian,12,0.9410000000000001,Average,8796093023493
Zipfian,13,0.4955,Worst,8796093023493
Zipfian,13,0.9369999999999999,Average,8796093023493
Zipfian,14,0.5165000000000001,Worst,8796093023493
Zipfian,14,0.9094999999999999,Average,8796093023493
Zipfian,15,0.5184999999999998,Worst,8796093023493
Zipfian,15,0.951,Average,8796093023493
Zipfian,16,0.5379999999999999,Worst,8796093023493
Zipfian,16,0.95,Average,8796093023493
Zipfian,17,0.524,Worst,8796093023493
Zipfian,17,0.9259999999999999,Average,8796093023493
Zipfian,18,0.5380000000000001,Worst,8796093023493
Zipfian,18,0.9564999999999999,Average,8796093023493
Zipfian,19,0.5555000000000001,Worst,8796093023493
Zipfian,19,0.932,Average,8796093023493
Zipfian,20,0.5675,Worst,8796093023493
Zipfian,20,0.9570000000000001,Average,8796093023493
Zipfian,21,0.5725,Worst,8796093023493
Zipfian,21,0.9570000000000001,Average,8796093023493
Zipfian,22,0.576,Worst,8796093023493
Zipfian,22,0.9615,Average,8796093023493
Zipfian,23,0.5804999999999999,Worst,8796093023493
Zipfian,23,0.9629999999999999,Average,8796093023493
Zipfian,24,0.599,Worst,8796093023493
Zipfian,24,0.9700000000000001,Average,8796093023493
Zipfian,25,0.6140000000000001,Worst,8796093023493
Zipfian,25,0.9715,Average,8796093023493
Zipfian,26,0.613,Worst,8796093023493
Zipfian,26,0.962,Average,8796093023493
Zipfian,27,0.6085,Worst,8796093023493
Zipfian,27,0.9729999999999999,Average,8796093023493
Zipfian,28,0.6385,Worst,8796093023493
Zipfian,28,0.9695,Average,8796093023493
Zipfian,29,0.619,Worst,8796093023493
Zipfian,29,0.9785,Average,8796093023493
Zipfian,30,0.618,Worst,8796093023493
Zipfian,30,0.9825000000000002,Average,8796093023493
Zipfian,1,0.19049999999999997,Worst,1131
Zipfian,1,0.2755,Average,1131
Zipfian,2,0.36849999999999994,Worst,1131
Zipfian,2,0.5165,Average,1131
Zipfian,3,0.48050000000000004,Worst,1131
Zipfian,3,0.7089999999999999,Average,1131
Zipfian,4,0.5535,Worst,1131
Zipfian,4,0.776,Average,1131
Zipfian,5,0.6014999999999999,Worst,1131
Zipfian,5,0.7814999999999999,Average,1131
Zipfian,6,0.624,Worst,1131
Zipfian,6,0.8835000000000001,Average,1131
Zipfian,7,0.6604999999999999,Worst,1131
Zipfian,7,0.8885000000000002,Average,1131
Zipfian,8,0.6839999999999999,Worst,1131
Zipfian,8,0.9239999999999998,Average,1131
Zipfian,9,0.6825,Worst,1131
Zipfian,9,0.9010000000000001,Average,1131
Zipfian,10,0.7154999999999999,Worst,1131
Zipfian,10,0.9004999999999999,Average,1131
Zipfian,11,0.742,Worst,1131
Zipfian,11,0.9174999999999999,Average,1131
Zipfian,12,0.7384999999999999,Worst,1131
Zipfian,12,0.8895,Average,1131
Zipfian,13,0.7390000000000001,Worst,1131
Zipfian,13,0.9145,Average,1131
Zipfian,14,0.7565000000000001,Worst,1131
Zipfian,14,0.9295000000000002,Average,1131
Zipfian,15,0.7809999999999999,Worst,1131
Zipfian,15,0.9185000000000001,Average,1131
Zipfian,16,0.7925000000000001,Worst,1131
Zipfian,16,0.9504999999999999,Average,1131
Zipfian,17,0.774,Worst,1131
Zipfian,17,0.9440000000000002,Average,1131
Zipfian,18,0.7869999999999999,Worst,1131
Zipfian,18,0.9555,Average,1131
Zipfian,19,0.8005000000000001,Worst,1131
Zipfian,19,0.9540000000000001,Average,1131
Zipfian,20,0.7950000000000002,Worst,1131
Zipfian,20,0.9610000000000001,Average,1131
Zipfian,21,0.8105,Worst,1131
Zipfian,21,0.9555,Average,1131
Zipfian,22,0.8135000000000001,Worst,1131
Zipfian,22,0.951,Average,1131
Zipfian,23,0.8089999999999999,Worst,1131
Zipfian,23,0.959,Average,1131
Zipfian,24,0.8130000000000001,Worst,1131
Zipfian,24,0.969,Average,1131
Zipfian,25,0.817,Worst,1131
Zipfian,25,0.959,Average,1131
Zipfian,26,0.8375,Worst,1131
Zipfian,26,0.9625,Average,1131
Zipfian,27,0.8434999999999999,Worst,1131
Zipfian,27,0.9650000000000001,Average,1131
Zipfian,28,0.837,Worst,1131
Zipfian,28,0.9699999999999998,Average,1131
Zipfian,29,0.8375,Worst,1131
Zipfian,29,0.9620000000000001,Average,1131
Zipfian,30,0.8479999999999999,Worst,1131
Zipfian,30,0.9694999999999998,Average,1131
Zipfian,1,0.1785,Worst,32985348833548
Zipfian,1,0.26299999999999996,Average,32985348833548
Zipfian,2,0.425,Worst,32985348833548
Zipfian,2,0.5799999999999998,Average,32985348833548
Zipfian,3,0.513,Worst,32985348833548
Zipfian,3,0.6615,Average,32985348833548
Zipfian,4,0.582,Worst,32985348833548
Zipfian,4,0.793,Average,32985348833548
Zipfian,5,0.634,Worst,32985348833548
Zipfian,5,0.7820000000000001,Average,32985348833548
Zipfian,6,0.6845000000000001,Worst,32985348833548
Zipfian,6,0.8545,Average,32985348833548
Zipfian,7,0.7,Worst,32985348833548
Zipfian,7,0.8595,Average,32985348833548
Zipfian,8,0.721,Worst,32985348833548
Zipfian,8,0.8949999999999999,Average,32985348833548
Zipfian,9,0.7384999999999999,Worst,32985348833548
Zipfian,9,0.8790000000000001,Average,32985348833548
Zipfian,10,0.7485000000000002,Worst,32985348833548
Zipfian,10,0.907,Average,32985348833548
Zipfian,11,0.7605000000000001,Worst,32985348833548
Zipfian,11,0.907,Average,32985348833548
Zipfian,12,0.7729999999999999,Worst,32985348833548
Zipfian,12,0.9155,Average,32985348833548
Zipfian,13,0.789,Worst,32985348833548
Zipfian,13,0.929,Average,32985348833548
Zipfian,14,0.8099999999999999,Worst,32985348833548
Zipfian,14,0.9380000000000001,Average,32985348833548
Zipfian,15,0.7855000000000001,Worst,32985348833548
Zipfian,15,0.9354999999999999,Average,32985348833548
Zipfian,16,0.8009999999999999,Worst,32985348833548
Zipfian,16,0.9535,Average,32985348833548
Zipfian,17,0.8109999999999999,Worst,32985348833548
Zipfian,17,0.9280000000000002,Average,32985348833548
Zipfian,18,0.8150000000000001,Worst,32985348833548
Zipfian,18,0.954,Average,32985348833548
Zipfian,19,0.8309999999999998,Worst,32985348833548
Zipfian,19,0.9204999999999999,Average,32985348833548
Zipfian,20,0.8165000000000001,Worst,32985348833548
Zipfian,20,0.9559999999999998,Average,32985348833548
Zipfian,21,0.8260000000000002,Worst,32985348833548
Zipfian,21,0.9499999999999998,Average,32985348833548
Zipfian,22,0.853,Worst,32985348833548
Zipfian,22,0.945,Average,32985348833548
Zipfian,23,0.8400000000000001,Worst,32985348833548
Zipfian,23,0.9524999999999999,Average,32985348833548
Zipfian,24,0.8484999999999999,Worst,32985348833548
Zipfian,24,0.966,Average,32985348833548
Zipfian,25,0.8470000000000001,Worst,32985348833548
Zipfian,25,0.9585000000000001,Average,32985348833548
Zipfian,26,0.8525,Worst,32985348833548
Zipfian,26,0.9644999999999999,Average,32985348833548
Zipfian,27,0.842,Worst,32985348833548
Zipfian,27,0.975,Average,32985348833548
Zipfian,28,0.8474999999999999,Worst,32985348833548
Zipfian,28,0.9749999999999999,Average,32985348833548
Zipfian,29,0.8620000000000001,Worst,32985348833548
Zipfian,29,0.9670000000000002,Average,32985348833548
Zipfian,30,0.8534999999999998,Worst,32985348833548
Zipfian,30,0.968,Average,32985348833548
Zipfian,1,0.081,Worst,4398046511257
Zipfian,1,0.31300000000000006,Average,4398046511257
Zipfian,2,0.18050000000000002,Worst,4398046511257
Zipfian,2,0.6379999999999999,Average,4398046511257
Zipfian,3,0.26049999999999995,Worst,4398046511257
Zipfian,3,0.752,Average,4398046511257
Zipfian,4,0.301,Worst,4398046511257
Zipfian,4,0.768,Average,4398046511257
Zipfian,5,0.36049999999999993,Worst,4398046511257
Zipfian,5,0.8320000000000001,Average,4398046511257
Zipfian,6,0.3975,Worst,4398046511257
Zipfian,6,0.8430000000000002,Average,4398046511257
Zipfian,7,0.44799999999999995,Worst,4398046511257
Zipfian,7,0.9,Average,4398046511257
Zipfian,8,0.46449999999999997,Worst,4398046511257
Zipfian,8,0.875,Average,4398046511257
Zipfian,9,0.4805,Worst,4398046511257
Zipfian,9,0.8595,Average,4398046511257
Zipfian,10,0.479,Worst,4398046511257
Zipfian,10,0.857,Average,4398046511257
Zipfian,11,0.5189999999999999,Worst,4398046511257
Zipfian,11,0.925,Average,4398046511257
Zipfian,12,0.5405,Worst,4398046511257
Zipfian,12,0.929,Average,4398046511257
Zipfian,13,0.533,Worst,4398046511257
Zipfian,13,0.8724999999999999,Average,4398046511257
Zipfian,14,0.5660000000000001,Worst,4398046511257
Zipfian,14,0.9445,Average,4398046511257
Zipfian,15,0.565,Worst,4398046511257
Zipfian,15,0.9035,Average,4398046511257
Zipfian,16,0.5770000000000001,Worst,4398046511257
Zipfian,16,0.9075000000000001,Average,4398046511257
Zipfian,17,0.6015,Worst,4398046511257
Zipfian,17,0.9339999999999999,Average,4398046511257
Zipfian,18,0.6054999999999999,Worst,4398046511257
Zipfian,18,0.9455,Average,4398046511257
Zipfian,19,0.603,Worst,4398046511257
Zipfian,19,0.9555,Average,4398046511257
Zipfian,20,0.6054999999999999,Worst,4398046511257
Zipfian,20,0.9654999999999999,Average,4398046511257
Zipfian,21,0.6065000000000002,Worst,4398046511257
Zipfian,21,0.9605,Average,4398046511257
Zipfian,22,0.6285,Worst,4398046511257
Zipfian,22,0.9584999999999999,Average,4398046511257
Zipfian,23,0.633,Worst,4398046511257
Zipfian,23,0.9424999999999999,Average,4398046511257
Zipfian,24,0.627,Worst,4398046511257
Zipfian,24,0.9559999999999998,Average,4398046511257
Zipfian,25,0.6599999999999999,Worst,4398046511257
Zipfian,25,0.9584999999999999,Average,4398046511257
Zipfian,26,0.66,Worst,4398046511257
Zipfian,26,0.97,Average,4398046511257
Zipfian,27,0.6399999999999999,Worst,4398046511257
Zipfian,27,0.961,Average,4398046511257
Zipfian,28,0.6665,Worst,4398046511257
Zipfian,28,0.9709999999999999,Average,4398046511257
Zipfian,29,0.668,Worst,4398046511257
Zipfian,29,0.9719999999999999,Average,4398046511257
Zipfian,30,0.6865000000000001,Worst,4398046511257
Zipfian,30,0.9749999999999999,Average,4398046511257
Zipfian,1,1.0,Worst,24189255811315
Zipfian,1,1.0,Average,24189255811315
Zipfian,2,1.0,Worst,24189255811315
Zipfian,2,1.0,Average,24189255811315
Zipfian,3,1.0,Worst,24189255811315
Zipfian,3,1.0,Average,24189255811315
Zipfian,4,1.0,Worst,24189255811315
Zipfian,4,1.0,Average,24189255811315
Zipfian,5,1.0,Worst,24189255811315
Zipfian,5,1.0,Average,24189255811315
Zipfian,6,1.0,Worst,24189255811315
Zipfian,6,1.0,Average,24189255811315
Zipfian,7,1.0,Worst,24189255811315
Zipfian,7,1.0,Average,24189255811315
Zipfian,8,1.0,Worst,24189255811315
Zipfian,8,1.0,Average,24189255811315
Zipfian,9,1.0,Worst,24189255811315
Zipfian,9,1.0,Average,24189255811315
Zipfian,10,1.0,Worst,24189255811315
Zipfian,10,1.0,Average,24189255811315
Zipfian,11,1.0,Worst,24189255811315
Zipfian,11,1.0,Average,24189255811315
Zipfian,12,1.0,Worst,24189255811315
Zipfian,12,1.0,Average,24189255811315
Zipfian,13,1.0,Worst,24189255811315
Zipfian,13,1.0,Average,24189255811315
Zipfian,14,1.0,Worst,24189255811315
Zipfian,14,1.0,Average,24189255811315
Zipfian,15,1.0,Worst,24189255811315
Zipfian,15,1.0,Average,24189255811315
Zipfian,16,1.0,Worst,24189255811315
Zipfian,16,1.0,Average,24189255811315
Zipfian,17,1.0,Worst,24189255811315
Zipfian,17,1.0,Average,24189255811315
Zipfian,18,1.0,Worst,24189255811315
Zipfian,18,1.0,Average,24189255811315
Zipfian,19,1.0,Worst,24189255811315
Zipfian,19,1.0,Average,24189255811315
Zipfian,20,1.0,Worst,24189255811315
Zipfian,20,1.0,Average,24189255811315
Zipfian,21,1.0,Worst,24189255811315
Zipfian,21,1.0,Average,24189255811315
Zipfian,22,1.0,Worst,24189255811315
Zipfian,22,1.0,Average,24189255811315
Zipfian,23,1.0,Worst,24189255811315
Zipfian,23,1.0,Average,24189255811315
Zipfian,24,1.0,Worst,24189255811315
Zipfian,24,1.0,Average,24189255811315
Zipfian,25,1.0,Worst,24189255811315
Zipfian,25,1.0,Average,24189255811315
Zipfian,26,1.0,Worst,24189255811315
Zipfian,26,1.0,Average,24189255811315
Zipfian,27,1.0,Worst,24189255811315
Zipfian,27,1.0,Average,24189255811315
Zipfian,28,1.0,Worst,24189255811315
Zipfian,28,1.0,Average,24189255811315
Zipfian,29,1.0,Worst,24189255811315
Zipfian,29,1.0,Average,24189255811315
Zipfian,30,1.0,Worst,24189255811315
Zipfian,30,1.0,Average,24189255811315
Zipfian,1,0.17550000000000002,Worst,1644
Zipfian,1,0.3235,Average,1644
Zipfian,2,0.398,Worst,1644
Zipfian,2,0.571,Average,1644
Zipfian,3,0.5085,Worst,1644
Zipfian,3,0.7304999999999999,Average,1644
Zipfian,4,0.567,Worst,1644
Zipfian,4,0.7699999999999999,Average,1644
Zipfian,5,0.5865,Worst,1644
Zipfian,5,0.8185,Average,1644
Zipfian,6,0.642,Worst,1644
Zipfian,6,0.8370000000000001,Average,1644
Zipfian,7,0.6715000000000001,Worst,1644
Zipfian,7,0.7935,Average,1644
Zipfian,8,0.6625000000000001,Worst,1644
Zipfian,8,0.9004999999999999,Average,1644
Zipfian,9,0.717,Worst,1644
Zipfian,9,0.8779999999999999,Average,1644
Zipfian,10,0.7144999999999999,Worst,1644
Zipfian,10,0.9295,Average,1644
Zipfian,11,0.754,Worst,1644
Zipfian,11,0.8800000000000001,Average,1644
Zipfian,12,0.734,Worst,1644
Zipfian,12,0.8895,Average,1644
Zipfian,13,0.7484999999999999,Worst,1644
Zipfian,13,0.9324999999999999,Average,1644
Zipfian,14,0.7825,Worst,1644
Zipfian,14,0.9280000000000002,Average,1644
Zipfian,15,0.755,Worst,1644
Zipfian,15,0.8949999999999999,Average,1644
Zipfian,16,0.78,Worst,1644
Zipfian,16,0.9395,Average,1644
Zipfian,17,0.787,Worst,1644
Zipfian,17,0.9325000000000001,Average,1644
Zipfian,18,0.7975,Worst,1644
Zipfian,18,0.952,Average,1644
Zipfian,19,0.8045,Worst,1644
Zipfian,19,0.9385,Average,1644
Zipfian,20,0.8055,Worst,1644
Zipfian,20,0.9494999999999999,Average,1644
Zipfian,21,0.7995,Worst,1644
Zipfian,21,0.9575000000000001,Average,1644
Zipfian,22,0.8055,Worst,1644
Zipfian,22,0.9645000000000001,Average,1644
Zipfian,23,0.8150000000000001,Worst,1644
Zipfian,23,0.9615,Average,1644
Zipfian,24,0.8230000000000001,Worst,1644
Zipfian,24,0.9560000000000001,Average,1644
Zipfian,25,0.8140000000000001,Worst,1644
Zipfian,25,0.9555000000000001,Average,1644
Zipfian,26,0.8345,Worst,1644
Zipfian,26,0.9570000000000001,Average,1644
Zipfian,27,0.8215,Worst,1644
Zipfian,27,0.9679999999999997,Average,1644
Zipfian,28,0.8380000000000001,Worst,1644
Zipfian,28,0.9564999999999999,Average,1644
Zipfian,29,0.844,Worst,1644
Zipfian,29,0.9625,Average,1644
Zipfian,30,0.8310000000000001,Worst,1644
Zipfian,30,0.9655000000000001,Average,1644
Zipfian,1,0.1545,Worst,4398046512527
Zipfian,1,0.25499999999999995,Average,4398046512527
Zipfian,2,0.4245,Worst,4398046512527
Zipfian,2,0.5435,Average,4398046512527
Zipfian,3,0.5349999999999999,Worst,4398046512527
Zipfian,3,0.7230000000000001,Average,4398046512527
Zipfian,4,0.6009999999999999,Worst,4398046512527
Zipfian,4,0.773,Average,4398046512527
Zipfian,5,0.6485000000000001,Worst,4398046512527
Zipfian,5,0.8114999999999999,Average,4398046512527
Zipfian,6,0.6835,Worst,4398046512527
Zipfian,6,0.8845000000000001,Average,4398046512527
Zipfian,7,0.7025,Worst,4398046512527
Zipfian,7,0.8494999999999999,Average,4398046512527
Zipfian,8,0.7285,Worst,4398046512527
Zipfian,8,0.8705000000000002,Average,4398046512527
Zipfian,9,0.7365,Worst,4398046512527
Zipfian,9,0.883,Average,4398046512527
Zipfian,10,0.7424999999999999,Worst,4398046512527
Zipfian,10,0.9055,Average,4398046512527
Zipfian,11,0.7825,Worst,4398046512527
Zipfian,11,0.8905,Average,4398046512527
Zipfian,12,0.7685000000000002,Worst,4398046512527
Zipfian,12,0.9005000000000001,Average,4398046512527
Zipfian,13,0.7954999999999999,Worst,4398046512527
Zipfian,13,0.9065,Average,4398046512527
Zipfian,14,0.7959999999999999,Worst,4398046512527
Zipfian,14,0.9279999999999999,Average,4398046512527
Zipfian,15,0.7969999999999999,Worst,4398046512527
Zipfian,15,0.9285,Average,4398046512527
Zipfian,16,0.8025,Worst,4398046512527
Zipfian,16,0.9460000000000001,Average,4398046512527
Zipfian,17,0.8234999999999999,Worst,4398046512527
Zipfian,17,0.945,Average,4398046512527
Zipfian,18,0.8244999999999999,Worst,4398046512527
Zipfian,18,0.9584999999999999,Average,4398046512527
Zipfian,19,0.8270000000000002,Worst,4398046512527
Zipfian,19,0.9615,Average,4398046512527
Zipfian,20,0.827,Worst,4398046512527
Zipfian,20,0.9684999999999999,Average,4398046512527
Zipfian,21,0.833,Worst,4398046512527
Zipfian,21,0.9595,Average,4398046512527
Zipfian,22,0.8404999999999999,Worst,4398046512527
Zipfian,22,0.9635,Average,4398046512527
Zipfian,23,0.8424999999999999,Worst,4398046512527
Zipfian,23,0.9755,Average,4398046512527
Zipfian,24,0.834,Worst,4398046512527
Zipfian,24,0.9525,Average,4398046512527
Zipfian,25,0.8480000000000001,Worst,4398046512527
Zipfian,25,0.9479999999999998,Average,4398046512527
Zipfian,26,0.849,Worst,4398046512527
Zipfian,26,0.9549999999999998,Average,4398046512527
Zipfian,27,0.849,Worst,4398046512527
Zipfian,27,0.9709999999999999,Average,4398046512527
Zipfian,28,0.8575000000000002,Worst,4398046512527
Zipfian,28,0.9604999999999999,Average,4398046512527
Zipfian,29,0.8604999999999998,Worst,4398046512527
Zipfian,29,0.9654999999999999,Average,4398046512527
Zipfian,30,0.8755000000000001,Worst,4398046512527
Zipfian,30,0.9594999999999999,Average,4398046512527
Zipfian,1,0.12249999999999998,Worst,15393162789604
Zipfian,1,0.41500000000000004,Average,15393162789604
Zipfian,2,0.2595,Worst,15393162789604
Zipfian,2,0.65,Average,15393162789604
Zipfian,3,0.35700000000000004,Worst,15393162789604
Zipfian,3,0.6535,Average,15393162789604
Zipfian,4,0.41100000000000003,Worst,15393162789604
Zipfian,4,0.8385,Average,15393162789604
Zipfian,5,0.4499999999999999,Worst,15393162789604
Zipfian,5,0.7905,Average,15393162789604
Zipfian,6,0.46849999999999997,Worst,15393162789604
Zipfian,6,0.868,Average,15393162789604
Zipfian,7,0.5275000000000001,Worst,15393162789604
Zipfian,7,0.881,Average,15393162789604
Zipfian,8,0.5575,Worst,15393162789604
Zipfian,8,0.8484999999999999,Average,15393162789604
Zipfian,9,0.5695,Worst,15393162789604
Zipfian,9,0.8755,Average,15393162789604
Zipfian,10,0.5855,Worst,15393162789604
Zipfian,10,0.9075,Average,15393162789604
Zipfian,11,0.608,Worst,15393162789604
Zipfian,11,0.905,Average,15393162789604
Zipfian,12,0.6214999999999999,Worst,15393162789604
Zipfian,12,0.932,Average,15393162789604
Zipfian,13,0.6325,Worst,15393162789604
Zipfian,13,0.938,Average,15393162789604
Zipfian,14,0.647,Worst,15393162789604
Zipfian,14,0.9079999999999998,Average,15393162789604
Zipfian,15,0.675,Worst,15393162789604
Zipfian,15,0.9494999999999999,Average,15393162789604
Zipfian,16,0.6595000000000001,Worst,15393162789604
Zipfian,16,0.954,Average,15393162789604
Zipfian,17,0.6849999999999999,Worst,15393162789604
Zipfian,17,0.9515,Average,15393162789604
Zipfian,18,0.6765000000000001,Worst,15393162789604
Zipfian,18,0.9194999999999999,Average,15393162789604
Zipfian,19,0.68,Worst,15393162789604
Zipfian,19,0.9514999999999999,Average,15393162789604
Zipfian,20,0.6915,Worst,15393162789604
Zipfian,20,0.9445,Average,15393162789604
Zipfian,21,0.6869999999999999,Worst,15393162789604
Zipfian,21,0.9570000000000001,Average,15393162789604
Zipfian,22,0.7064999999999999,Worst,15393162789604
Zipfian,22,0.954,Average,15393162789604
Zipfian,23,0.7285,Worst,15393162789604
Zipfian,23,0.9490000000000001,Average,15393162789604
Zipfian,24,0.7214999999999999,Worst,15393162789604
Zipfian,24,0.9505000000000001,Average,15393162789604
Zipfian,25,0.7214999999999999,Worst,15393162789604
Zipfian,25,0.952,Average,15393162789604
Zipfian,26,0.7244999999999999,Worst,15393162789604
Zipfian,26,0.9774999999999998,Average,15393162789604
Zipfian,27,0.759,Worst,15393162789604
Zipfian,27,0.974,Average,15393162789604
Zipfian,28,0.7344999999999999,Worst,15393162789604
Zipfian,28,0.9624999999999998,Average,15393162789604
Zipfian,29,0.7485,Worst,15393162789604
Zipfian,29,0.9754999999999999,Average,15393162789604
Zipfian,30,0.7344999999999999,Worst,15393162789604
Zipfian,30,0.9724999999999999,Average,15393162789604
Zipfian,1,0.0,Worst,24189255811906
Zipfian,1,0.0,Average,24189255811906
Zipfian,2,0.42299999999999993,Worst,24189255811906
Zipfian,2,0.48600000000000004,Average,24189255811906
Zipfian,3,0.567,Worst,24189255811906
Zipfian,3,0.657,Average,24189255811906
Zipfian,4,0.6295000000000001,Worst,24189255811906
Zipfian,4,0.736,Average,24189255811906
Zipfian,5,0.6935,Worst,24189255811906
Zipfian,5,0.8145,Average,24189255811906
Zipfian,6,0.7274999999999999,Worst,24189255811906
Zipfian,6,0.817,Average,24189255811906
Zipfian,7,0.7610000000000001,Worst,24189255811906
Zipfian,7,0.8684999999999998,Average,24189255811906
Zipfian,8,0.7754999999999999,Worst,24189255811906
Zipfian,8,0.873,Average,24189255811906
Zipfian,9,0.7879999999999999,Worst,24189255811906
Zipfian,9,0.898,Average,24189255811906
Zipfian,10,0.8195,Worst,24189255811906
Zipfian,10,0.9095000000000001,Average,24189255811906
Zipfian,11,0.8275,Worst,24189255811906
Zipfian,11,0.9049999999999999,Average,24189255811906
Zipfian,12,0.8074999999999999,Worst,24189255811906
Zipfian,12,0.9099999999999999,Average,24189255811906
Zipfian,13,0.8210000000000001,Worst,24189255811906
Zipfian,13,0.9190000000000002,Average,24189255811906
Zipfian,14,0.8399999999999999,Worst,24189255811906
Zipfian,14,0.9195,Average,24189255811906
Zipfian,15,0.8445,Worst,24189255811906
Zipfian,15,0.931,Average,24189255811906
Zipfian,16,0.8540000000000001,Worst,24189255811906
Zipfian,16,0.9209999999999999,Average,24189255811906
Zipfian,17,0.8480000000000001,Worst,24189255811906
Zipfian,17,0.9455,Average,24189255811906
Zipfian,18,0.861,Worst,24189255811906
Zipfian,18,0.9564999999999999,Average,24189255811906
Zipfian,19,0.8664999999999999,Worst,24189255811906
Zipfian,19,0.9369999999999997,Average,24189255811906
Zipfian,20,0.8675,Worst,24189255811906
Zipfian,20,0.951,Average,24189255811906
Zipfian,21,0.8724999999999998,Worst,24189255811906
Zipfian,21,0.961,Average,24189255811906
Zipfian,22,0.8744999999999999,Worst,24189255811906
Zipfian,22,0.9570000000000001,Average,24189255811906
Zipfian,23,0.8815,Worst,24189255811906
Zipfian,23,0.951,Average,24189255811906
Zipfian,24,0.876,Worst,24189255811906
Zipfian,24,0.9469999999999998,Average,24189255811906
Zipfian,25,0.8875,Worst,24189255811906
Zipfian,25,0.9700000000000001,Average,24189255811906
Zipfian,26,0.889,Worst,24189255811906
Zipfian,26,0.9719999999999999,Average,24189255811906
Zipfian,27,0.8879999999999999,Worst,24189255811906
Zipfian,27,0.9715,Average,24189255811906
Zipfian,28,0.8960000000000001,Worst,24189255811906
Zipfian,28,0.9745000000000001,Average,24189255811906
Zipfian,29,0.9039999999999999,Worst,24189255811906
Zipfian,29,0.9599999999999997,Average,24189255811906
Zipfian,30,0.8935000000000001,Worst,24189255811906
Zipfian,30,0.9615,Average,24189255811906
Zipfian,1,0.7625000000000001,Worst,15393162789569
Zipfian,1,0.6799999999999999,Average,15393162789569
Zipfian,2,0.853,Worst,15393162789569
Zipfian,2,0.8684999999999998,Average,15393162789569
Zipfian,3,0.8845000000000001,Worst,15393162789569
Zipfian,3,0.9029999999999999,Average,15393162789569
Zipfian,4,0.8855000000000001,Worst,15393162789569
Zipfian,4,0.9065000000000001,Average,15393162789569
Zipfian,5,0.9165000000000001,Worst,15393162789569
Zipfian,5,0.9540000000000001,Average,15393162789569
Zipfian,6,0.916,Worst,15393162789569
Zipfian,6,0.9424999999999999,Average,15393162789569
Zipfian,7,0.9265000000000001,Worst,15393162789569
Zipfian,7,0.9505000000000001,Average,15393162789569
Zipfian,8,0.915,Worst,15393162789569
Zipfian,8,0.958,Average,15393162789569
Zipfian,9,0.932,Worst,15393162789569
Zipfian,9,0.9629999999999999,Average,15393162789569
Zipfian,10,0.9365000000000002,Worst,15393162789569
Zipfian,10,0.97,Average,15393162789569
Zipfian,11,0.9355,Worst,15393162789569
Zipfian,11,0.9730000000000001,Average,15393162789569
Zipfian,12,0.9414999999999999,Worst,15393162789569
Zipfian,12,0.9809999999999999,Average,15393162789569
Zipfian,13,0.942,Worst,15393162789569
Zipfian,13,0.9824999999999999,Average,15393162789569
Zipfian,14,0.944,Worst,15393162789569
Zipfian,14,0.983,Average,15393162789569
Zipfian,15,0.944,Worst,15393162789569
Zipfian,15,0.9799999999999999,Average,15393162789569
Zipfian,16,0.9594999999999999,Worst,15393162789569
Zipfian,16,0.9855,Average,15393162789569
Zipfian,17,0.9574999999999999,Worst,15393162789569
Zipfian,17,0.9805000000000001,Average,15393162789569
Zipfian,18,0.9564999999999999,Worst,15393162789569
Zipfian,18,0.9819999999999999,Average,15393162789569
Zipfian,19,0.9674999999999999,Worst,15393162789569
Zipfian,19,0.974,Average,15393162789569
Zipfian,20,0.9580000000000002,Worst,15393162789569
Zipfian,20,0.9865,Average,15393162789569
Zipfian,21,0.9494999999999999,Worst,15393162789569
Zipfian,21,0.9789999999999999,Average,15393162789569
Zipfian,22,0.9584999999999999,Worst,15393162789569
Zipfian,22,0.991,Average,15393162789569
Zipfian,23,0.9535,Worst,15393162789569
Zipfian,23,0.9834999999999999,Average,15393162789569
Zipfian,24,0.9604999999999999,Worst,15393162789569
Zipfian,24,0.986,Average,15393162789569
Zipfian,25,0.9704999999999998,Worst,15393162789569
Zipfian,25,0.9785,Average,15393162789569
Zipfian,26,0.9615,Worst,15393162789569
Zipfian,26,0.992,Average,15393162789569
Zipfian,27,0.968,Worst,15393162789569
Zipfian,27,0.9890000000000001,Average,15393162789569
Zipfian,28,0.9514999999999999,Worst,15393162789569
Zipfian,28,0.994,Average,15393162789569
Zipfian,29,0.969,Worst,15393162789569
Zipfian,29,0.9865,Average,15393162789569
Zipfian,30,0.959,Worst,15393162789569
Zipfian,30,0.9875,Average,15393162789569
Zipfian,1,0.1505,Worst,2199023256219
Zipfian,1,0.31250000000000006,Average,2199023256219
Zipfian,2,0.2935,Worst,2199023256219
Zipfian,2,0.5695,Average,2199023256219
Zipfian,3,0.4025,Worst,2199023256219
Zipfian,3,0.692,Average,2199023256219
Zipfian,4,0.46849999999999997,Worst,2199023256219
Zipfian,4,0.8154999999999999,Average,2199023256219
Zipfian,5,0.5075000000000001,Worst,2199023256219
Zipfian,5,0.8745,Average,2199023256219
Zipfian,6,0.5365,Worst,2199023256219
Zipfian,6,0.8695,Average,2199023256219
Zipfian,7,0.5735,Worst,2199023256219
Zipfian,7,0.842,Average,2199023256219
Zipfian,8,0.6174999999999999,Worst,2199023256219
Zipfian,8,0.9029999999999999,Average,2199023256219
Zipfian,9,0.6335,Worst,2199023256219
Zipfian,9,0.8939999999999999,Average,2199023256219
Zipfian,10,0.6565,Worst,2199023256219
Zipfian,10,0.915,Average,2199023256219
Zipfian,11,0.65,Worst,2199023256219
Zipfian,11,0.8829999999999998,Average,2199023256219
Zipfian,12,0.6785,Worst,2199023256219
Zipfian,12,0.9235000000000001,Average,2199023256219
Zipfian,13,0.6780000000000002,Worst,2199023256219
Zipfian,13,0.9414999999999999,Average,2199023256219
Zipfian,14,0.7005,Worst,2199023256219
Zipfian,14,0.9275,Average,2199023256219
Zipfian,15,0.7015,Worst,2199023256219
Zipfian,15,0.9325000000000001,Average,2199023256219
Zipfian,16,0.715,Worst,2199023256219
Zipfian,16,0.938,Average,2199023256219
Zipfian,17,0.7195,Worst,2199023256219
Zipfian,17,0.9545,Average,2199023256219
Zipfian,18,0.7344999999999999,Worst,2199023256219
Zipfian,18,0.9550000000000001,Average,2199023256219
Zipfian,19,0.7224999999999999,Worst,2199023256219
Zipfian,19,0.9695,Average,2199023256219
Zipfian,20,0.743,Worst,2199023256219
Zipfian,20,0.9460000000000001,Average,2199023256219
Zipfian,21,0.7635000000000001,Worst,2199023256219
Zipfian,21,0.953,Average,2199023256219
Zipfian,22,0.7470000000000001,Worst,2199023256219
Zipfian,22,0.9674999999999999,Average,2199023256219
Zipfian,23,0.766,Worst,2199023256219
Zipfian,23,0.961,Average,2199023256219
Zipfian,24,0.7685,Worst,2199023256219
Zipfian,24,0.97,Average,2199023256219
Zipfian,25,0.7710000000000001,Worst,2199023256219
Zipfian,25,0.961,Average,2199023256219
Zipfian,26,0.7639999999999999,Worst,2199023256219
Zipfian,26,0.9570000000000001,Average,2199023256219
Zipfian,27,0.7579999999999999,Worst,2199023256219
Zipfian,27,0.9785,Average,2199023256219
Zipfian,28,0.7685000000000001,Worst,2199023256219
Zipfian,28,0.9679999999999997,Average,2199023256219
Zipfian,29,0.7634999999999998,Worst,2199023256219
Zipfian,29,0.9565000000000001,Average,2199023256219
Zipfian,30,0.7844999999999999,Worst,2199023256219
Zipfian,30,0.967,Average,2199023256219
Zipfian,1,0.0,Worst,28587302323642
Zipfian,1,0.0,Average,28587302323642
Zipfian,2,0.41550000000000004,Worst,28587302323642
Zipfian,2,0.48100000000000004,Average,28587302323642
Zipfian,3,0.5429999999999999,Worst,28587302323642
Zipfian,3,0.6609999999999999,Average,28587302323642
Zipfian,4,0.6315000000000001,Worst,28587302323642
Zipfian,4,0.713,Average,28587302323642
Zipfian,5,0.701,Worst,28587302323642
Zipfian,5,0.8150000000000001,Average,28587302323642
Zipfian,6,0.713,Worst,28587302323642
Zipfian,6,0.8705,Average,28587302323642
Zipfian,7,0.7424999999999999,Worst,28587302323642
Zipfian,7,0.8724999999999999,Average,28587302323642
Zipfian,8,0.7815,Worst,28587302323642
Zipfian,8,0.849,Average,28587302323642
Zipfian,9,0.7825,Worst,28587302323642
Zipfian,9,0.883,Average,28587302323642
Zipfian,10,0.7950000000000002,Worst,28587302323642
Zipfian,10,0.8965,Average,28587302323642
Zipfian,11,0.8055,Worst,28587302323642
Zipfian,11,0.9145,Average,28587302323642
Zipfian,12,0.82,Worst,28587302323642
Zipfian,12,0.915,Average,28587302323642
Zipfian,13,0.8299999999999998,Worst,28587302323642
Zipfian,13,0.9454999999999998,Average,28587302323642
Zipfian,14,0.8324999999999999,Worst,28587302323642
Zipfian,14,0.9280000000000002,Average,28587302323642
Zipfian,15,0.8400000000000001,Worst,28587302323642
Zipfian,15,0.9294999999999998,Average,28587302323642
Zipfian,16,0.8379999999999999,Worst,28587302323642
Zipfian,16,0.922,Average,28587302323642
Zipfian,17,0.8414999999999999,Worst,28587302323642
Zipfian,17,0.9324999999999999,Average,28587302323642
Zipfian,18,0.8574999999999999,Worst,28587302323642
Zipfian,18,0.9625,Average,28587302323642
Zipfian,19,0.8625,Worst,28587302323642
Zipfian,19,0.9125,Average,28587302323642
Zipfian,20,0.874,Worst,28587302323642
Zipfian,20,0.9490000000000001,Average,28587302323642
Zipfian,21,0.8720000000000001,Worst,28587302323642
Zipfian,21,0.9465,Average,28587302323642
Zipfian,22,0.8764999999999998,Worst,28587302323642
Zipfian,22,0.966,Average,28587302323642
Zipfian,23,0.8835,Worst,28587302323642
Zipfian,23,0.97,Average,28587302323642
Zipfian,24,0.8755000000000001,Worst,28587302323642
Zipfian,24,0.9665000000000001,Average,28587302323642
Zipfian,25,0.89,Worst,28587302323642
Zipfian,25,0.9410000000000001,Average,28587302323642
Zipfian,26,0.8795,Worst,28587302323642
Zipfian,26,0.9555,Average,28587302323642
Zipfian,27,0.8825,Worst,28587302323642
Zipfian,27,0.9684999999999999,Average,28587302323642
Zipfian,28,0.8850000000000001,Worst,28587302323642
Zipfian,28,0.9705,Average,28587302323642
Zipfian,29,0.8910000000000002,Worst,28587302323642
Zipfian,29,0.9605,Average,28587302323642
Zipfian,30,0.909,Worst,28587302323642
Zipfian,30,0.9700000000000001,Average,28587302323642
Zipfian,1,0.0,Worst,6597069766821
Zipfian,1,0.0,Average,6597069766821
Zipfian,2,0.09,Worst,6597069766821
Zipfian,2,0.1305,Average,6597069766821
Zipfian,3,0.26599999999999996,Worst,6597069766821
Zipfian,3,0.354,Average,6597069766821
Zipfian,4,0.372,Worst,6597069766821
Zipfian,4,0.4795,Average,6597069766821
Zipfian,5,0.4535,Worst,6597069766821
Zipfian,5,0.5725,Average,6597069766821
Zipfian,6,0.48649999999999993,Worst,6597069766821
Zipfian,6,0.611,Average,6597069766821
Zipfian,7,0.5479999999999999,Worst,6597069766821
Zipfian,7,0.668,Average,6597069766821
Zipfian,8,0.591,Worst,6597069766821
Zipfian,8,0.7045,Average,6597069766821
Zipfian,9,0.596,Worst,6597069766821
Zipfian,9,0.7264999999999999,Average,6597069766821
Zipfian,10,0.642,Worst,6597069766821
Zipfian,10,0.7435,Average,6597069766821
Zipfian,11,0.6555000000000001,Worst,6597069766821
Zipfian,11,0.7705,Average,6597069766821
Zipfian,12,0.655,Worst,6597069766821
Zipfian,12,0.8,Average,6597069766821
Zipfian,13,0.6655,Worst,6597069766821
Zipfian,13,0.7994999999999999,Average,6597069766821
Zipfian,14,0.6659999999999999,Worst,6597069766821
Zipfian,14,0.819,Average,6597069766821
Zipfian,15,0.6855,Worst,6597069766821
Zipfian,15,0.8465,Average,6597069766821
Zipfian,16,0.7200000000000001,Worst,6597069766821
Zipfian,16,0.834,Average,6597069766821
Zipfian,17,0.732,Worst,6597069766821
Zipfian,17,0.841,Average,6597069766821
Zipfian,18,0.7289999999999999,Worst,6597069766821
Zipfian,18,0.8729999999999999,Average,6597069766821
Zipfian,19,0.7274999999999998,Worst,6597069766821
Zipfian,19,0.8724999999999999,Average,6597069766821
Zipfian,20,0.732,Worst,6597069766821
Zipfian,20,0.8605,Average,6597069766821
Zipfian,21,0.75,Worst,6597069766821
Zipfian,21,0.8889999999999999,Average,6597069766821
Zipfian,22,0.7725000000000001,Worst,6597069766821
Zipfian,22,0.882,Average,6597069766821
Zipfian,23,0.767,Worst,6597069766821
Zipfian,23,0.8859999999999999,Average,6597069766821
Zipfian,24,0.7735,Worst,6597069766821
Zipfian,24,0.9005000000000001,Average,6597069766821
Zipfian,25,0.792,Worst,6597069766821
Zipfian,25,0.9135,Average,6597069766821
Zipfian,26,0.771,Worst,6597069766821
Zipfian,26,0.9045000000000002,Average,6597069766821
Zipfian,27,0.7965000000000001,Worst,6597069766821
Zipfian,27,0.9020000000000001,Average,6597069766821
Zipfian,28,0.8015000000000001,Worst,6597069766821
Zipfian,28,0.9109999999999999,Average,6597069766821
Zipfian,29,0.8039999999999999,Worst,6597069766821
Zipfian,29,0.9265000000000001,Average,6597069766821
Zipfian,30,0.8099999999999999,Worst,6597069766821
Zipfian,30,0.9180000000000001,Average,6597069766821
Normal,1,0.187,Worst,2199023256031
Normal,1,0.36050000000000004,Average,2199023256031
Normal,2,0.41450000000000004,Worst,2199023256031
Normal,2,0.54,Average,2199023256031
Normal,3,0.5565,Worst,2199023256031
Normal,3,0.698,Average,2199023256031
Normal,4,0.665,Worst,2199023256031
Normal,4,0.7785,Average,2199023256031
Normal,5,0.7265,Worst,2199023256031
Normal,5,0.8474999999999999,Average,2199023256031
Normal,6,0.757,Worst,2199023256031
Normal,6,0.8219999999999998,Average,2199023256031
Normal,7,0.779,Worst,2199023256031
Normal,7,0.8714999999999999,Average,2199023256031
Normal,8,0.8230000000000001,Worst,2199023256031
Normal,8,0.8515,Average,2199023256031
Normal,9,0.8334999999999999,Worst,2199023256031
Normal,9,0.9365,Average,2199023256031
Normal,10,0.8525,Worst,2199023256031
Normal,10,0.9024999999999999,Average,2199023256031
Normal,11,0.8630000000000001,Worst,2199023256031
Normal,11,0.9244999999999999,Average,2199023256031
Normal,12,0.8665,Worst,2199023256031
Normal,12,0.906,Average,2199023256031
Normal,13,0.8850000000000001,Worst,2199023256031
Normal,13,0.9360000000000002,Average,2199023256031
Normal,14,0.884,Worst,2199023256031
Normal,14,0.9280000000000002,Average,2199023256031
Normal,15,0.9115,Worst,2199023256031
Normal,15,0.9285,Average,2199023256031
Normal,16,0.8965,Worst,2199023256031
Normal,16,0.9414999999999999,Average,2199023256031
Normal,17,0.897,Worst,2199023256031
Normal,17,0.9355,Average,2199023256031
Normal,18,0.9150000000000003,Worst,2199023256031
Normal,18,0.9405000000000001,Average,2199023256031
Normal,19,0.9235000000000001,Worst,2199023256031
Normal,19,0.9534999999999998,Average,2199023256031
Normal,20,0.9164999999999999,Worst,2199023256031
Normal,20,0.951,Average,2199023256031
Normal,21,0.9185000000000002,Worst,2199023256031
Normal,21,0.9385,Average,2199023256031
Normal,22,0.9215,Worst,2199023256031
Normal,22,0.9670000000000002,Average,2199023256031
Normal,23,0.925,Worst,2199023256031
Normal,23,0.962,Average,2199023256031
Normal,24,0.9375000000000002,Worst,2199023256031
Normal,24,0.9604999999999999,Average,2199023256031
Normal,25,0.9330000000000002,Worst,2199023256031
Normal,25,0.9579999999999999,Average,2199023256031
Normal,26,0.9334999999999999,Worst,2199023256031
Normal,26,0.969,Average,2199023256031
Normal,27,0.9335000000000001,Worst,2199023256031
Normal,27,0.9685000000000002,Average,2199023256031
Normal,28,0.9435,Worst,2199023256031
Normal,28,0.9725000000000001,Average,2199023256031
Normal,29,0.9455000000000002,Worst,2199023256031
Normal,29,0.9584999999999999,Average,2199023256031
Normal,30,0.9480000000000001,Worst,2199023256031
Normal,30,0.9650000000000001,Average,2199023256031
Normal,1,0.0,Worst,26388279067560
Normal,1,0.0,Average,26388279067560
Normal,2,0.5095000000000001,Worst,26388279067560
Normal,2,0.5085,Average,26388279067560
Normal,3,0.4875,Worst,26388279067560
Normal,3,0.675,Average,26388279067560
Normal,4,0.6405,Worst,26388279067560
Normal,4,0.7740000000000001,Average,26388279067560
Normal,5,0.6675000000000001,Worst,26388279067560
Normal,5,0.8170000000000002,Average,26388279067560
Normal,6,0.768,Worst,26388279067560
Normal,6,0.8549999999999999,Average,26388279067560
Normal,7,0.7565,Worst,26388279067560
Normal,7,0.8345,Average,26388279067560
Normal,8,0.7999999999999998,Worst,26388279067560
Normal,8,0.9,Average,26388279067560
Normal,9,0.8264999999999999,Worst,26388279067560
Normal,9,0.8965,Average,26388279067560
Normal,10,0.812,Worst,26388279067560
Normal,10,0.9209999999999999,Average,26388279067560
Normal,11,0.8554999999999999,Worst,26388279067560
Normal,11,0.923,Average,26388279067560
Normal,12,0.858,Worst,26388279067560
Normal,12,0.9125,Average,26388279067560
Normal,13,0.8809999999999999,Worst,26388279067560
Normal,13,0.9175000000000001,Average,26388279067560
Normal,14,0.8685,Worst,26388279067560
Normal,14,0.9285,Average,26388279067560
Normal,15,0.8925000000000001,Worst,26388279067560
Normal,15,0.933,Average,26388279067560
Normal,16,0.906,Worst,26388279067560
Normal,16,0.945,Average,26388279067560
Normal,17,0.891,Worst,26388279067560
Normal,17,0.9309999999999998,Average,26388279067560
Normal,18,0.9090000000000001,Worst,26388279067560
Normal,18,0.9560000000000001,Average,26388279067560
Normal,19,0.901,Worst,26388279067560
Normal,19,0.9605,Average,26388279067560
Normal,20,0.9175000000000001,Worst,26388279067560
Normal,20,0.9564999999999999,Average,26388279067560
Normal,21,0.9195,Worst,26388279067560
Normal,21,0.9505000000000001,Average,26388279067560
Normal,22,0.9205,Worst,26388279067560
Normal,22,0.9674999999999999,Average,26388279067560
Normal,23,0.9339999999999999,Worst,26388279067560
Normal,23,0.9514999999999999,Average,26388279067560
Normal,24,0.9360000000000002,Worst,26388279067560
Normal,24,0.9520000000000002,Average,26388279067560
Normal,25,0.9385,Worst,26388279067560
Normal,25,0.9704999999999998,Average,26388279067560
Normal,26,0.9365,Worst,26388279067560
Normal,26,0.9584999999999999,Average,26388279067560
Normal,27,0.9385,Worst,26388279067560
Normal,27,0.9650000000000001,Average,26388279067560
Normal,28,0.9279999999999999,Worst,26388279067560
Normal,28,0.9649999999999999,Average,26388279067560
Normal,29,0.9440000000000002,Worst,26388279067560
Normal,29,0.9560000000000001,Average,26388279067560
Normal,30,0.9475,Worst,26388279067560
Normal,30,0.968,Average,26388279067560
Normal,1,0.0,Worst,10995116278652
Normal,1,0.0,Average,10995116278652
Normal,2,0.5105000000000001,Worst,10995116278652
Normal,2,0.5035,Average,10995116278652
Normal,3,0.485,Worst,10995116278652
Normal,3,0.655,Average,10995116278652
Normal,4,0.6455,Worst,10995116278652
Normal,4,0.7150000000000001,Average,10995116278652
Normal,5,0.6675000000000001,Worst,10995116278652
Normal,5,0.8095000000000001,Average,10995116278652
Normal,6,0.7320000000000001,Worst,10995116278652
Normal,6,0.8069999999999998,Average,10995116278652
Normal,7,0.7590000000000001,Worst,10995116278652
Normal,7,0.869,Average,10995116278652
Normal,8,0.7965000000000001,Worst,10995116278652
Normal,8,0.8759999999999998,Average,10995116278652
Normal,9,0.7969999999999999,Worst,10995116278652
Normal,9,0.873,Average,10995116278652
Normal,10,0.8425,Worst,10995116278652
Normal,10,0.8909999999999998,Average,10995116278652
Normal,11,0.8460000000000001,Worst,10995116278652
Normal,11,0.8995000000000001,Average,10995116278652
Normal,12,0.853,Worst,10995116278652
Normal,12,0.9120000000000003,Average,10995116278652
Normal,13,0.868,Worst,10995116278652
Normal,13,0.9375,Average,10995116278652
Normal,14,0.8875,Worst,10995116278652
Normal,14,0.9415000000000001,Average,10995116278652
Normal,15,0.8755,Worst,10995116278652
Normal,15,0.9525,Average,10995116278652
Normal,16,0.8930000000000001,Worst,10995116278652
Normal,16,0.9405000000000001,Average,10995116278652
Normal,17,0.9055,Worst,10995116278652
Normal,17,0.937,Average,10995116278652
Normal,18,0.9109999999999999,Worst,10995116278652
Normal,18,0.9390000000000001,Average,10995116278652
Normal,19,0.925,Worst,10995116278652
Normal,19,0.9410000000000001,Average,10995116278652
Normal,20,0.907,Worst,10995116278652
Normal,20,0.942,Average,10995116278652
Normal,21,0.922,Worst,10995116278652
Normal,21,0.9674999999999999,Average,10995116278652
Normal,22,0.9315000000000001,Worst,10995116278652
Normal,22,0.9639999999999999,Average,10995116278652
Normal,23,0.9269999999999999,Worst,10995116278652
Normal,23,0.9624999999999998,Average,10995116278652
Normal,24,0.9200000000000002,Worst,10995116278652
Normal,24,0.9635,Average,10995116278652
Normal,25,0.9270000000000002,Worst,10995116278652
Normal,25,0.9720000000000001,Average,10995116278652
Normal,26,0.9359999999999999,Worst,10995116278652
Normal,26,0.9589999999999999,Average,10995116278652
Normal,27,0.9270000000000002,Worst,10995116278652
Normal,27,0.9695,Average,10995116278652
Normal,28,0.9439999999999997,Worst,10995116278652
Normal,28,0.9630000000000001,Average,10995116278652
Normal,29,0.9424999999999999,Worst,10995116278652
Normal,29,0.9620000000000001,Average,10995116278652
Normal,30,0.946,Worst,10995116278652
Normal,30,0.9560000000000001,Average,10995116278652
Normal,1,0.161,Worst,870
Normal,1,0.458,Average,870
Normal,2,0.42200000000000004,Worst,870
Normal,2,0.6415,Average,870
Normal,3,0.559,Worst,870
Normal,3,0.7375,Average,870
Normal,4,0.645,Worst,870
Normal,4,0.8194999999999999,Average,870
Normal,5,0.6914999999999999,Worst,870
Normal,5,0.7995,Average,870
Normal,6,0.7404999999999999,Worst,870
Normal,6,0.8244999999999999,Average,870
Normal,7,0.7885000000000001,Worst,870
Normal,7,0.8520000000000001,Average,870
Normal,8,0.8100000000000002,Worst,870
Normal,8,0.882,Average,870
Normal,9,0.8195,Worst,870
Normal,9,0.916,Average,870
Normal,10,0.8370000000000001,Worst,870
Normal,10,0.8815000000000002,Average,870
Normal,11,0.8445,Worst,870
Normal,11,0.9400000000000001,Average,870
Normal,12,0.8619999999999999,Worst,870
Normal,12,0.9349999999999999,Average,870
Normal,13,0.8710000000000001,Worst,870
Normal,13,0.9345000000000001,Average,870
Normal,14,0.8885,Worst,870
Normal,14,0.9269999999999999,Average,870
Normal,15,0.8945000000000001,Worst,870
Normal,15,0.9285,Average,870
Normal,16,0.9035,Worst,870
Normal,16,0.9275,Average,870
Normal,17,0.9005000000000001,Worst,870
Normal,17,0.951,Average,870
Normal,18,0.9065,Worst,870
Normal,18,0.952,Average,870
Normal,19,0.9195,Worst,870
Normal,19,0.9355,Average,870
Normal,20,0.9145,Worst,870
Normal,20,0.9465,Average,870
Normal,21,0.9285,Worst,870
Normal,21,0.954,Average,870
Normal,22,0.9305,Worst,870
Normal,22,0.9570000000000001,Average,870
Normal,23,0.9260000000000002,Worst,870
Normal,23,0.9700000000000001,Average,870
Normal,24,0.932,Worst,870
Normal,24,0.95,Average,870
Normal,25,0.929,Worst,870
Normal,25,0.9614999999999998,Average,870
Normal,26,0.9375,Worst,870
Normal,26,0.9595,Average,870
Normal,27,0.9465,Worst,870
Normal,27,0.9610000000000001,Average,870
Normal,28,0.9454999999999998,Worst,870
Normal,28,0.967,Average,870
Normal,29,0.943,Worst,870
Normal,29,0.952,Average,870
Normal,30,0.9470000000000001,Worst,870
Normal,30,0.9650000000000001,Average,870
Normal,1,0.177,Worst,15393162789933
Normal,1,0.4185,Average,15393162789933
Normal,2,0.3989999999999999,Worst,15393162789933
Normal,2,0.49349999999999994,Average,15393162789933
Normal,3,0.5465,Worst,15393162789933
Normal,3,0.691,Average,15393162789933
Normal,4,0.6545,Worst,15393162789933
Normal,4,0.7464999999999999,Average,15393162789933
Normal,5,0.6965,Worst,15393162789933
Normal,5,0.8154999999999999,Average,15393162789933
Normal,6,0.7540000000000001,Worst,15393162789933
Normal,6,0.866,Average,15393162789933
Normal,7,0.7765,Worst,15393162789933
Normal,7,0.8855000000000001,Average,15393162789933
Normal,8,0.8135,Worst,15393162789933
Normal,8,0.8775000000000001,Average,15393162789933
Normal,9,0.8079999999999998,Worst,15393162789933
Normal,9,0.9085000000000001,Average,15393162789933
Normal,10,0.8365,Worst,15393162789933
Normal,10,0.914,Average,15393162789933
Normal,11,0.8634999999999999,Worst,15393162789933
Normal,11,0.9254999999999999,Average,15393162789933
Normal,12,0.876,Worst,15393162789933
Normal,12,0.932,Average,15393162789933
Normal,13,0.874,Worst,15393162789933
Normal,13,0.922,Average,15393162789933
Normal,14,0.893,Worst,15393162789933
Normal,14,0.9460000000000001,Average,15393162789933
Normal,15,0.9055000000000002,Worst,15393162789933
Normal,15,0.9305,Average,15393162789933
Normal,16,0.9049999999999999,Worst,15393162789933
Normal,16,0.95,Average,15393162789933
Normal,17,0.899,Worst,15393162789933
Normal,17,0.9265000000000001,Average,15393162789933
Normal,18,0.9135,Worst,15393162789933
Normal,18,0.943,Average,15393162789933
Normal,19,0.9184999999999999,Worst,15393162789933
Normal,19,0.9480000000000001,Average,15393162789933
Normal,20,0.922,Worst,15393162789933
Normal,20,0.942,Average,15393162789933
Normal,21,0.9245000000000001,Worst,15393162789933
Normal,21,0.953,Average,15393162789933
Normal,22,0.93,Worst,15393162789933
Normal,22,0.9610000000000001,Average,15393162789933
Normal,23,0.9339999999999999,Worst,15393162789933
Normal,23,0.9564999999999998,Average,15393162789933
Normal,24,0.9275000000000002,Worst,15393162789933
Normal,24,0.9514999999999999,Average,15393162789933
Normal,25,0.933,Worst,15393162789933
Normal,25,0.9549999999999998,Average,15393162789933
Normal,26,0.9345000000000001,Worst,15393162789933
Normal,26,0.962,Average,15393162789933
Normal,27,0.9444999999999999,Worst,15393162789933
Normal,27,0.9735000000000001,Average,15393162789933
Normal,28,0.9410000000000001,Worst,15393162789933
Normal,28,0.9639999999999999,Average,15393162789933
Normal,29,0.9435,Worst,15393162789933
Normal,29,0.978,Average,15393162789933
Normal,30,0.9369999999999999,Worst,15393162789933
Normal,30,0.978,Average,15393162789933
Normal,1,0.0,Worst,10995116278647
Normal,1,0.0,Average,10995116278647
Normal,2,0.501,Worst,10995116278647
Normal,2,0.4885,Average,10995116278647
Normal,3,0.49949999999999994,Worst,10995116278647
Normal,3,0.6540000000000001,Average,10995116278647
Normal,4,0.6424999999999998,Worst,10995116278647
Normal,4,0.8264999999999999,Average,10995116278647
Normal,5,0.6585000000000001,Worst,10995116278647
Normal,5,0.8115,Average,10995116278647
Normal,6,0.7505,Worst,10995116278647
Normal,6,0.85,Average,10995116278647
Normal,7,0.7470000000000001,Worst,10995116278647
Normal,7,0.857,Average,10995116278647
Normal,8,0.7990000000000002,Worst,10995116278647
Normal,8,0.876,Average,10995116278647
Normal,9,0.8164999999999999,Worst,10995116278647
Normal,9,0.9190000000000002,Average,10995116278647
Normal,10,0.8475000000000001,Worst,10995116278647
Normal,10,0.8899999999999999,Average,10995116278647
Normal,11,0.8525,Worst,10995116278647
Normal,11,0.9295,Average,10995116278647
Normal,12,0.859,Worst,10995116278647
Normal,12,0.916,Average,10995116278647
Normal,13,0.8655000000000002,Worst,10995116278647
Normal,13,0.9225,Average,10995116278647
Normal,14,0.889,Worst,10995116278647
Normal,14,0.9109999999999999,Average,10995116278647
Normal,15,0.8985,Worst,10995116278647
Normal,15,0.9305,Average,10995116278647
Normal,16,0.9055,Worst,10995116278647
Normal,16,0.9410000000000001,Average,10995116278647
Normal,17,0.9,Worst,10995116278647
Normal,17,0.931,Average,10995116278647
Normal,18,0.9135,Worst,10995116278647
Normal,18,0.9295000000000002,Average,10995116278647
Normal,19,0.9165000000000001,Worst,10995116278647
Normal,19,0.9605,Average,10995116278647
Normal,20,0.9195,Worst,10995116278647
Normal,20,0.9560000000000001,Average,10995116278647
Normal,21,0.921,Worst,10995116278647
Normal,21,0.95,Average,10995116278647
Normal,22,0.9385000000000001,Worst,10995116278647
Normal,22,0.9555,Average,10995116278647
Normal,23,0.929,Worst,10995116278647
Normal,23,0.9615,Average,10995116278647
Normal,24,0.925,Worst,10995116278647
Normal,24,0.9575000000000001,Average,10995116278647
Normal,25,0.9215,Worst,10995116278647
Normal,25,0.9525,Average,10995116278647
Normal,26,0.9335000000000001,Worst,10995116278647
Normal,26,0.954,Average,10995116278647
Normal,27,0.9394999999999998,Worst,10995116278647
Normal,27,0.9724999999999999,Average,10995116278647
Normal,28,0.9474999999999998,Worst,10995116278647
Normal,28,0.9650000000000001,Average,10995116278647
Normal,29,0.9400000000000001,Worst,10995116278647
Normal,29,0.9664999999999999,Average,10995116278647
Normal,30,0.9550000000000001,Worst,10995116278647
Normal,30,0.9719999999999999,Average,10995116278647
Normal,1,0.231,Worst,19791209301529
Normal,1,0.2375,Average,19791209301529
Normal,2,0.442,Worst,19791209301529
Normal,2,0.6345000000000001,Average,19791209301529
Normal,3,0.5509999999999999,Worst,19791209301529
Normal,3,0.6719999999999999,Average,19791209301529
Normal,4,0.647,Worst,19791209301529
Normal,4,0.7739999999999999,Average,19791209301529
Normal,5,0.6960000000000001,Worst,19791209301529
Normal,5,0.8505,Average,19791209301529
Normal,6,0.756,Worst,19791209301529
Normal,6,0.8594999999999999,Average,19791209301529
Normal,7,0.7855000000000001,Worst,19791209301529
Normal,7,0.8185,Average,19791209301529
Normal,8,0.8019999999999999,Worst,19791209301529
Normal,8,0.8775000000000001,Average,19791209301529
Normal,9,0.8264999999999999,Worst,19791209301529
Normal,9,0.8809999999999999,Average,19791209301529
Normal,10,0.842,Worst,19791209301529
Normal,10,0.9024999999999999,Average,19791209301529
Normal,11,0.8560000000000001,Worst,19791209301529
Normal,11,0.8975,Average,19791209301529
Normal,12,0.8655000000000002,Worst,19791209301529
Normal,12,0.9400000000000001,Average,19791209301529
Normal,13,0.8805,Worst,19791209301529
Normal,13,0.9184999999999999,Average,19791209301529
Normal,14,0.885,Worst,19791209301529
Normal,14,0.9125,Average,19791209301529
Normal,15,0.882,Worst,19791209301529
Normal,15,0.9294999999999998,Average,19791209301529
Normal,16,0.8940000000000001,Worst,19791209301529
Normal,16,0.9244999999999999,Average,19791209301529
Normal,17,0.907,Worst,19791209301529
Normal,17,0.9505000000000001,Average,19791209301529
Normal,18,0.8985,Worst,19791209301529
Normal,18,0.951,Average,19791209301529
Normal,19,0.917,Worst,19791209301529
Normal,19,0.9364999999999999,Average,19791209301529
Normal,20,0.9205,Worst,19791209301529
Normal,20,0.9605,Average,19791209301529
Normal,21,0.9289999999999999,Worst,19791209301529
Normal,21,0.9574999999999999,Average,19791209301529
Normal,22,0.917,Worst,19791209301529
Normal,22,0.9594999999999999,Average,19791209301529
Normal,23,0.9309999999999998,Worst,19791209301529
Normal,23,0.9455,Average,19791209301529
Normal,24,0.9375,Worst,19791209301529
Normal,24,0.9550000000000001,Average,19791209301529
Normal,25,0.9265000000000001,Worst,19791209301529
Normal,25,0.9584999999999999,Average,19791209301529
Normal,26,0.933,Worst,19791209301529
Normal,26,0.9674999999999999,Average,19791209301529
Normal,27,0.9390000000000001,Worst,19791209301529
Normal,27,0.9674999999999999,Average,19791209301529
Normal,28,0.9399999999999998,Worst,19791209301529
Normal,28,0.9734999999999999,Average,19791209301529
Normal,29,0.9549999999999998,Worst,19791209301529
Normal,29,0.9575000000000001,Average,19791209301529
Normal,30,0.944,Worst,19791209301529
Normal,30,0.9595,Average,19791209301529
Normal,1,0.19099999999999998,Worst,8796093023493
Normal,1,0.3615,Average,8796093023493
Normal,2,0.40700000000000003,Worst,8796093023493
Normal,2,0.718,Average,8796093023493
Normal,3,0.5509999999999999,Worst,8796093023493
Normal,3,0.7525,Average,8796093023493
Normal,4,0.66,Worst,8796093023493
Normal,4,0.828,Average,8796093023493
Normal,5,0.7135,Worst,8796093023493
Normal,5,0.8324999999999999,Average,8796093023493
Normal,6,0.7595000000000001,Worst,8796093023493
Normal,6,0.829,Average,8796093023493
Normal,7,0.788,Worst,8796093023493
Normal,7,0.8460000000000001,Average,8796093023493
Normal,8,0.8015000000000001,Worst,8796093023493
Normal,8,0.9129999999999999,Average,8796093023493
Normal,9,0.8469999999999999,Worst,8796093023493
Normal,9,0.8915000000000001,Average,8796093023493
Normal,10,0.8539999999999999,Worst,8796093023493
Normal,10,0.8995000000000001,Average,8796093023493
Normal,11,0.8625,Worst,8796093023493
Normal,11,0.9175000000000001,Average,8796093023493
Normal,12,0.8744999999999999,Worst,8796093023493
Normal,12,0.925,Average,8796093023493
Normal,13,0.8625,Worst,8796093023493
Normal,13,0.9324999999999999,Average,8796093023493
Normal,14,0.8815,Worst,8796093023493
Normal,14,0.9200000000000002,Average,8796093023493
Normal,15,0.8879999999999999,Worst,8796093023493
Normal,15,0.9479999999999998,Average,8796093023493
Normal,16,0.9129999999999999,Worst,8796093023493
Normal,16,0.9364999999999999,Average,8796093023493
Normal,17,0.9015000000000001,Worst,8796093023493
Normal,17,0.945,Average,8796093023493
Normal,18,0.916,Worst,8796093023493
Normal,18,0.9460000000000001,Average,8796093023493
Normal,19,0.9040000000000001,Worst,8796093023493
Normal,19,0.946,Average,8796093023493
Normal,20,0.923,Worst,8796093023493
Normal,20,0.9424999999999999,Average,8796093023493
Normal,21,0.925,Worst,8796093023493
Normal,21,0.9415000000000001,Average,8796093023493
Normal,22,0.9275000000000002,Worst,8796093023493
Normal,22,0.95,Average,8796093023493
Normal,23,0.9269999999999999,Worst,8796093023493
Normal,23,0.9695,Average,8796093023493
Normal,24,0.9315,Worst,8796093023493
Normal,24,0.961,Average,8796093023493
Normal,25,0.9264999999999999,Worst,8796093023493
Normal,25,0.9685,Average,8796093023493
Normal,26,0.9390000000000001,Worst,8796093023493
Normal,26,0.9720000000000001,Average,8796093023493
Normal,27,0.9335000000000001,Worst,8796093023493
Normal,27,0.9625,Average,8796093023493
Normal,28,0.9445,Worst,8796093023493
Normal,28,0.9799999999999999,Average,8796093023493
Normal,29,0.942,Worst,8796093023493
Normal,29,0.9574999999999999,Average,8796093023493
Normal,30,0.9425000000000001,Worst,8796093023493
Normal,30,0.9660000000000002,Average,8796093023493
Normal,1,0.1105,Worst,1131
Normal,1,0.3175,Average,1131
Normal,2,0.39449999999999996,Worst,1131
Normal,2,0.5944999999999999,Average,1131
Normal,3,0.5325,Worst,1131
Normal,3,0.75,Average,1131
Normal,4,0.6625000000000002,Worst,1131
Normal,4,0.771,Average,1131
Normal,5,0.6950000000000001,Worst,1131
Normal,5,0.8309999999999998,Average,1131
Normal,6,0.7390000000000001,Worst,1131
Normal,6,0.9000000000000001,Average,1131
Normal,7,0.7655,Worst,1131
Normal,7,0.875,Average,1131
Normal,8,0.7940000000000002,Worst,1131
Normal,8,0.8365,Average,1131
Normal,9,0.8205000000000002,Worst,1131
Normal,9,0.909,Average,1131
Normal,10,0.8459999999999999,Worst,1131
Normal,10,0.916,Average,1131
Normal,11,0.8545,Worst,1131
Normal,11,0.9285,Average,1131
Normal,12,0.867,Worst,1131
Normal,12,0.9514999999999999,Average,1131
Normal,13,0.8685,Worst,1131
Normal,13,0.9254999999999999,Average,1131
Normal,14,0.8950000000000001,Worst,1131
Normal,14,0.9244999999999999,Average,1131
Normal,15,0.892,Worst,1131
Normal,15,0.9339999999999999,Average,1131
Normal,16,0.9065000000000001,Worst,1131
Normal,16,0.9200000000000002,Average,1131
Normal,17,0.9125,Worst,1131
Normal,17,0.937,Average,1131
Normal,18,0.899,Worst,1131
Normal,18,0.95,Average,1131
Normal,19,0.9160000000000001,Worst,1131
Normal,19,0.9455000000000002,Average,1131
Normal,20,0.9170000000000001,Worst,1131
Normal,20,0.9620000000000001,Average,1131
Normal,21,0.913,Worst,1131
Normal,21,0.932,Average,1131
Normal,22,0.9255000000000001,Worst,1131
Normal,22,0.9465,Average,1131
Normal,23,0.9259999999999999,Worst,1131
Normal,23,0.9624999999999998,Average,1131
Normal,24,0.932,Worst,1131
Normal,24,0.9639999999999999,Average,1131
Normal,25,0.944,Worst,1131
Normal,25,0.977,Average,1131
Normal,26,0.942,Worst,1131
Normal,26,0.9535,Average,1131
Normal,27,0.9350000000000002,Worst,1131
Normal,27,0.9715,Average,1131
Normal,28,0.9444999999999999,Worst,1131
Normal,28,0.9540000000000001,Average,1131
Normal,29,0.9475,Worst,1131
Normal,29,0.969,Average,1131
Normal,30,0.9450000000000001,Worst,1131
Normal,30,0.9730000000000001,Average,1131
Normal,1,0.253,Worst,32985348833548
Normal,1,0.2545,Average,32985348833548
Normal,2,0.41,Worst,32985348833548
Normal,2,0.6265,Average,32985348833548
Normal,3,0.5515,Worst,32985348833548
Normal,3,0.6645000000000001,Average,32985348833548
Normal,4,0.613,Worst,32985348833548
Normal,4,0.717,Average,32985348833548
Normal,5,0.7015,Worst,32985348833548
Normal,5,0.805,Average,32985348833548
Normal,6,0.742,Worst,32985348833548
Normal,6,0.8325000000000001,Average,32985348833548
Normal,7,0.7745,Worst,32985348833548
Normal,7,0.8385,Average,32985348833548
Normal,8,0.8055,Worst,32985348833548
Normal,8,0.8439999999999998,Average,32985348833548
Normal,9,0.8175000000000001,Worst,32985348833548
Normal,9,0.8989999999999998,Average,32985348833548
Normal,10,0.844,Worst,32985348833548
Normal,10,0.8789999999999999,Average,32985348833548
Normal,11,0.8560000000000001,Worst,32985348833548
Normal,11,0.8975,Average,32985348833548
Normal,12,0.8605,Worst,32985348833548
Normal,12,0.9229999999999998,Average,32985348833548
Normal,13,0.8640000000000001,Worst,32985348833548
Normal,13,0.9244999999999999,Average,32985348833548
Normal,14,0.8899999999999999,Worst,32985348833548
Normal,14,0.9129999999999999,Average,32985348833548
Normal,15,0.8985000000000001,Worst,32985348833548
Normal,15,0.9455,Average,32985348833548
Normal,16,0.884,Worst,32985348833548
Normal,16,0.9289999999999999,Average,32985348833548
Normal,17,0.9095000000000001,Worst,32985348833548
Normal,17,0.9435000000000002,Average,32985348833548
Normal,18,0.9059999999999999,Worst,32985348833548
Normal,18,0.9365,Average,32985348833548
Normal,19,0.9215,Worst,32985348833548
Normal,19,0.9505000000000001,Average,32985348833548
Normal,20,0.9165000000000001,Worst,32985348833548
Normal,20,0.9505000000000001,Average,32985348833548
Normal,21,0.9189999999999999,Worst,32985348833548
Normal,21,0.9455,Average,32985348833548
Normal,22,0.9315000000000001,Worst,32985348833548
Normal,22,0.9499999999999998,Average,32985348833548
Normal,23,0.922,Worst,32985348833548
Normal,23,0.9559999999999998,Average,32985348833548
Normal,24,0.9225,Worst,32985348833548
Normal,24,0.9634999999999998,Average,32985348833548
Normal,25,0.9400000000000001,Worst,32985348833548
Normal,25,0.9595,Average,32985348833548
Normal,26,0.9385000000000001,Worst,32985348833548
Normal,26,0.9795,Average,32985348833548
Normal,27,0.943,Worst,32985348833548
Normal,27,0.9560000000000001,Average,32985348833548
Normal,28,0.9479999999999998,Worst,32985348833548
Normal,28,0.9615,Average,32985348833548
Normal,29,0.943,Worst,32985348833548
Normal,29,0.9649999999999999,Average,32985348833548
Normal,30,0.9455,Worst,32985348833548
Normal,30,0.9650000000000001,Average,32985348833548
Normal,1,0.1915,Worst,4398046511257
Normal,1,0.4175,Average,4398046511257
Normal,2,0.4295,Worst,4398046511257
Normal,2,0.6865000000000001,Average,4398046511257
Normal,3,0.5569999999999999,Worst,4398046511257
Normal,3,0.71,Average,4398046511257
Normal,4,0.6675,Worst,4398046511257
Normal,4,0.807,Average,4398046511257
Normal,5,0.7110000000000001,Worst,4398046511257
Normal,5,0.798,Average,4398046511257
Normal,6,0.7444999999999998,Worst,4398046511257
Normal,6,0.825,Average,4398046511257
Normal,7,0.7910000000000001,Worst,4398046511257
Normal,7,0.8590000000000002,Average,4398046511257
Normal,8,0.7989999999999999,Worst,4398046511257
Normal,8,0.8960000000000001,Average,4398046511257
Normal,9,0.828,Worst,4398046511257
Normal,9,0.9055,Average,4398046511257
Normal,10,0.8325000000000001,Worst,4398046511257
Normal,10,0.9235,Average,4398046511257
Normal,11,0.8675,Worst,4398046511257
Normal,11,0.9259999999999999,Average,4398046511257
Normal,12,0.8625,Worst,4398046511257
Normal,12,0.9200000000000002,Average,4398046511257
Normal,13,0.8775000000000001,Worst,4398046511257
Normal,13,0.916,Average,4398046511257
Normal,14,0.8924999999999998,Worst,4398046511257
Normal,14,0.9289999999999999,Average,4398046511257
Normal,15,0.8985,Worst,4398046511257
Normal,15,0.9485000000000001,Average,4398046511257
Normal,16,0.9000000000000001,Worst,4398046511257
Normal,16,0.931,Average,4398046511257
Normal,17,0.9105000000000001,Worst,4398046511257
Normal,17,0.9484999999999999,Average,4398046511257
Normal,18,0.913,Worst,4398046511257
Normal,18,0.9455,Average,4398046511257
Normal,19,0.9205,Worst,4398046511257
Normal,19,0.9385,Average,4398046511257
Normal,20,0.9305,Worst,4398046511257
Normal,20,0.9565000000000001,Average,4398046511257
Normal,21,0.916,Worst,4398046511257
Normal,21,0.9480000000000001,Average,4398046511257
Normal,22,0.9339999999999999,Worst,4398046511257
Normal,22,0.944,Average,4398046511257
Normal,23,0.9270000000000002,Worst,4398046511257
Normal,23,0.9599999999999997,Average,4398046511257
Normal,24,0.9369999999999999,Worst,4398046511257
Normal,24,0.9559999999999998,Average,4398046511257
Normal,25,0.9309999999999998,Worst,4398046511257
Normal,25,0.9644999999999999,Average,4398046511257
Normal,26,0.9395000000000001,Worst,4398046511257
Normal,26,0.9605,Average,4398046511257
Normal,27,0.9334999999999999,Worst,4398046511257
Normal,27,0.9525,Average,4398046511257
Normal,28,0.9385000000000001,Worst,4398046511257
Normal,28,0.9594999999999999,Average,4398046511257
Normal,29,0.9524999999999999,Worst,4398046511257
Normal,29,0.9704999999999998,Average,4398046511257
Normal,30,0.9404999999999999,Worst,4398046511257
Normal,30,0.9625,Average,4398046511257
Normal,1,1.0,Worst,24189255811315
Normal,1,1.0,Average,24189255811315
Normal,2,1.0,Worst,24189255811315
Normal,2,1.0,Average,24189255811315
Normal,3,1.0,Worst,24189255811315
Normal,3,1.0,Average,24189255811315
Normal,4,1.0,Worst,24189255811315
Normal,4,1.0,Average,24189255811315
Normal,5,1.0,Worst,24189255811315
Normal,5,1.0,Average,24189255811315
Normal,6,1.0,Worst,24189255811315
Normal,6,1.0,Average,24189255811315
Normal,7,1.0,Worst,24189255811315
Normal,7,1.0,Average,24189255811315
Normal,8,1.0,Worst,24189255811315
Normal,8,1.0,Average,24189255811315
Normal,9,1.0,Worst,24189255811315
Normal,9,1.0,Average,24189255811315
Normal,10,1.0,Worst,24189255811315
Normal,10,1.0,Average,24189255811315
Normal,11,1.0,Worst,24189255811315
Normal,11,1.0,Average,24189255811315
Normal,12,1.0,Worst,24189255811315
Normal,12,1.0,Average,24189255811315
Normal,13,1.0,Worst,24189255811315
Normal,13,1.0,Average,24189255811315
Normal,14,1.0,Worst,24189255811315
Normal,14,1.0,Average,24189255811315
Normal,15,1.0,Worst,24189255811315
Normal,15,1.0,Average,24189255811315
Normal,16,1.0,Worst,24189255811315
Normal,16,1.0,Average,24189255811315
Normal,17,1.0,Worst,24189255811315
Normal,17,1.0,Average,24189255811315
Normal,18,1.0,Worst,24189255811315
Normal,18,1.0,Average,24189255811315
Normal,19,1.0,Worst,24189255811315
Normal,19,1.0,Average,24189255811315
Normal,20,1.0,Worst,24189255811315
Normal,20,1.0,Average,24189255811315
Normal,21,1.0,Worst,24189255811315
Normal,21,1.0,Average,24189255811315
Normal,22,1.0,Worst,24189255811315
Normal,22,1.0,Average,24189255811315
Normal,23,1.0,Worst,24189255811315
Normal,23,1.0,Average,24189255811315
Normal,24,1.0,Worst,24189255811315
Normal,24,1.0,Average,24189255811315
Normal,25,1.0,Worst,24189255811315
Normal,25,1.0,Average,24189255811315
Normal,26,1.0,Worst,24189255811315
Normal,26,1.0,Average,24189255811315
Normal,27,1.0,Worst,24189255811315
Normal,27,1.0,Average,24189255811315
Normal,28,1.0,Worst,24189255811315
Normal,28,1.0,Average,24189255811315
Normal,29,1.0,Worst,24189255811315
Normal,29,1.0,Average,24189255811315
Normal,30,1.0,Worst,24189255811315
Normal,30,1.0,Average,24189255811315
Normal,1,0.101,Worst,1644
Normal,1,0.328,Average,1644
Normal,2,0.3915,Worst,1644
Normal,2,0.546,Average,1644
Normal,3,0.5565,Worst,1644
Normal,3,0.7350000000000001,Average,1644
Normal,4,0.643,Worst,1644
Normal,4,0.8230000000000001,Average,1644
Normal,5,0.7,Worst,1644
Normal,5,0.8494999999999999,Average,1644
Normal,6,0.735,Worst,1644
Normal,6,0.829,Average,1644
Normal,7,0.7620000000000001,Worst,1644
Normal,7,0.8640000000000001,Average,1644
Normal,8,0.799,Worst,1644
Normal,8,0.9064999999999998,Average,1644
Normal,9,0.8194999999999999,Worst,1644
Normal,9,0.9155,Average,1644
Normal,10,0.8554999999999999,Worst,1644
Normal,10,0.8855000000000001,Average,1644
Normal,11,0.8615,Worst,1644
Normal,11,0.9125,Average,1644
Normal,12,0.8705,Worst,1644
Normal,12,0.924,Average,1644
Normal,13,0.8895,Worst,1644
Normal,13,0.9445,Average,1644
Normal,14,0.882,Worst,1644
Normal,14,0.943,Average,1644
Normal,15,0.8755000000000001,Worst,1644
Normal,15,0.9244999999999999,Average,1644
Normal,16,0.9025000000000001,Worst,1644
Normal,16,0.9490000000000001,Average,1644
Normal,17,0.9,Worst,1644
Normal,17,0.938,Average,1644
Normal,18,0.905,Worst,1644
Normal,18,0.9540000000000001,Average,1644
Normal,19,0.9094999999999999,Worst,1644
Normal,19,0.945,Average,1644
Normal,20,0.9200000000000002,Worst,1644
Normal,20,0.9585000000000001,Average,1644
Normal,21,0.9305,Worst,1644
Normal,21,0.9445,Average,1644
Normal,22,0.9279999999999999,Worst,1644
Normal,22,0.9644999999999999,Average,1644
Normal,23,0.9115,Worst,1644
Normal,23,0.9545,Average,1644
Normal,24,0.9200000000000003,Worst,1644
Normal,24,0.9629999999999999,Average,1644
Normal,25,0.9215,Worst,1644
Normal,25,0.9695,Average,1644
Normal,26,0.9365000000000002,Worst,1644
Normal,26,0.97,Average,1644
Normal,27,0.942,Worst,1644
Normal,27,0.9729999999999999,Average,1644
Normal,28,0.9404999999999999,Worst,1644
Normal,28,0.977,Average,1644
Normal,29,0.9469999999999998,Worst,1644
Normal,29,0.9689999999999998,Average,1644
Normal,30,0.9424999999999999,Worst,1644
Normal,30,0.9674999999999999,Average,1644
Normal,1,0.25250000000000006,Worst,4398046512527
Normal,1,0.25199999999999995,Average,4398046512527
Normal,2,0.429,Worst,4398046512527
Normal,2,0.5810000000000001,Average,4398046512527
Normal,3,0.5395000000000001,Worst,4398046512527
Normal,3,0.6754999999999999,Average,4398046512527
Normal,4,0.626,Worst,4398046512527
Normal,4,0.8019999999999999,Average,4398046512527
Normal,5,0.6964999999999999,Worst,4398046512527
Normal,5,0.7645000000000001,Average,4398046512527
Normal,6,0.744,Worst,4398046512527
Normal,6,0.881,Average,4398046512527
Normal,7,0.7760000000000001,Worst,4398046512527
Normal,7,0.8844999999999998,Average,4398046512527
Normal,8,0.808,Worst,4398046512527
Normal,8,0.8795,Average,4398046512527
Normal,9,0.8229999999999998,Worst,4398046512527
Normal,9,0.8895000000000002,Average,4398046512527
Normal,10,0.8320000000000001,Worst,4398046512527
Normal,10,0.8949999999999999,Average,4398046512527
Normal,11,0.8425,Worst,4398046512527
Normal,11,0.9084999999999999,Average,4398046512527
Normal,12,0.8709999999999999,Worst,4398046512527
Normal,12,0.923,Average,4398046512527
Normal,13,0.8855000000000001,Worst,4398046512527
Normal,13,0.9055,Average,4398046512527
Normal,14,0.8844999999999998,Worst,4398046512527
Normal,14,0.9484999999999999,Average,4398046512527
Normal,15,0.899,Worst,4398046512527
Normal,15,0.9135,Average,4398046512527
Normal,16,0.9014999999999999,Worst,4398046512527
Normal,16,0.9349999999999999,Average,4398046512527
Normal,17,0.9095000000000001,Worst,4398046512527
Normal,17,0.9505000000000001,Average,4398046512527
Normal,18,0.8995000000000001,Worst,4398046512527
Normal,18,0.9424999999999999,Average,4398046512527
Normal,19,0.917,Worst,4398046512527
Normal,19,0.9339999999999999,Average,4398046512527
Normal,20,0.9030000000000001,Worst,4398046512527
Normal,20,0.9635,Average,4398046512527
Normal,21,0.917,Worst,4398046512527
Normal,21,0.9674999999999999,Average,4398046512527
Normal,22,0.9349999999999999,Worst,4398046512527
Normal,22,0.9484999999999999,Average,4398046512527
Normal,23,0.9309999999999998,Worst,4398046512527
Normal,23,0.9720000000000001,Average,4398046512527
Normal,24,0.9299999999999999,Worst,4398046512527
Normal,24,0.967,Average,4398046512527
Normal,25,0.932,Worst,4398046512527
Normal,25,0.962,Average,4398046512527
Normal,26,0.933,Worst,4398046512527
Normal,26,0.9719999999999999,Average,4398046512527
Normal,27,0.9400000000000002,Worst,4398046512527
Normal,27,0.9629999999999999,Average,4398046512527
Normal,28,0.9480000000000001,Worst,4398046512527
Normal,28,0.9640000000000001,Average,4398046512527
Normal,29,0.9470000000000001,Worst,4398046512527
Normal,29,0.9700000000000001,Average,4398046512527
Normal,30,0.9400000000000001,Worst,4398046512527
Normal,30,0.9664999999999999,Average,4398046512527
Normal,1,0.15450000000000003,Worst,15393162789604
Normal,1,0.362,Average,15393162789604
Normal,2,0.4285,Worst,15393162789604
Normal,2,0.5255,Average,15393162789604
Normal,3,0.5740000000000001,Worst,15393162789604
Normal,3,0.7725000000000002,Average,15393162789604
Normal,4,0.6435000000000001,Worst,15393162789604
Normal,4,0.7275,Average,15393162789604
Normal,5,0.723,Worst,15393162789604
Normal,5,0.835,Average,15393162789604
Normal,6,0.7455,Worst,15393162789604
Normal,6,0.8390000000000001,Average,15393162789604
Normal,7,0.8074999999999999,Worst,15393162789604
Normal,7,0.883,Average,15393162789604
Normal,8,0.808,Worst,15393162789604
Normal,8,0.8864999999999998,Average,15393162789604
Normal,9,0.8390000000000001,Worst,15393162789604
Normal,9,0.8915000000000001,Average,15393162789604
Normal,10,0.8365,Worst,15393162789604
Normal,10,0.8869999999999999,Average,15393162789604
Normal,11,0.8629999999999999,Worst,15393162789604
Normal,11,0.9305,Average,15393162789604
Normal,12,0.868,Worst,15393162789604
Normal,12,0.9225,Average,15393162789604
Normal,13,0.8630000000000001,Worst,15393162789604
Normal,13,0.9244999999999999,Average,15393162789604
Normal,14,0.882,Worst,15393162789604
Normal,14,0.9389999999999998,Average,15393162789604
Normal,15,0.8955,Worst,15393162789604
Normal,15,0.9444999999999999,Average,15393162789604
Normal,16,0.8979999999999999,Worst,15393162789604
Normal,16,0.9455,Average,15393162789604
Normal,17,0.9045,Worst,15393162789604
Normal,17,0.932,Average,15393162789604
Normal,18,0.909,Worst,15393162789604
Normal,18,0.954,Average,15393162789604
Normal,19,0.9155000000000001,Worst,15393162789604
Normal,19,0.9479999999999998,Average,15393162789604
Normal,20,0.9205,Worst,15393162789604
Normal,20,0.9640000000000001,Average,15393162789604
Normal,21,0.9269999999999999,Worst,15393162789604
Normal,21,0.9575000000000001,Average,15393162789604
Normal,22,0.9400000000000001,Worst,15393162789604
Normal,22,0.9705000000000001,Average,15393162789604
Normal,23,0.9389999999999998,Worst,15393162789604
Normal,23,0.9720000000000001,Average,15393162789604
Normal,24,0.9305,Worst,15393162789604
Normal,24,0.9540000000000001,Average,15393162789604
Normal,25,0.9339999999999999,Worst,15393162789604
Normal,25,0.9670000000000002,Average,15393162789604
Normal,26,0.9410000000000001,Worst,15393162789604
Normal,26,0.9559999999999998,Average,15393162789604
Normal,27,0.9349999999999999,Worst,15393162789604
Normal,27,0.95,Average,15393162789604
Normal,28,0.954,Worst,15393162789604
Normal,28,0.9669999999999999,Average,15393162789604
Normal,29,0.9470000000000003,Worst,15393162789604
Normal,29,0.9564999999999999,Average,15393162789604
Normal,30,0.9404999999999999,Worst,15393162789604
Normal,30,0.9754999999999999,Average,15393162789604
Normal,1,0.0,Worst,24189255811906
Normal,1,0.0,Average,24189255811906
Normal,2,0.49700000000000005,Worst,24189255811906
Normal,2,0.49000000000000005,Average,24189255811906
Normal,3,0.48249999999999993,Worst,24189255811906
Normal,3,0.607,Average,24189255811906
Normal,4,0.655,Worst,24189255811906
Normal,4,0.788,Average,24189255811906
Normal,5,0.6679999999999999,Worst,24189255811906
Normal,5,0.7969999999999999,Average,24189255811906
Normal,6,0.728,Worst,24189255811906
Normal,6,0.827,Average,24189255811906
Normal,7,0.7695000000000001,Worst,24189255811906
Normal,7,0.8639999999999999,Average,24189255811906
Normal,8,0.7895,Worst,24189255811906
Normal,8,0.8615,Average,24189255811906
Normal,9,0.8105,Worst,24189255811906
Normal,9,0.869,Average,24189255811906
Normal,10,0.835,Worst,24189255811906
Normal,10,0.8865000000000001,Average,24189255811906
Normal,11,0.8505,Worst,24189255811906
Normal,11,0.9004999999999999,Average,24189255811906
Normal,12,0.8785000000000001,Worst,24189255811906
Normal,12,0.9395,Average,24189255811906
Normal,13,0.8705,Worst,24189255811906
Normal,13,0.9059999999999999,Average,24189255811906
Normal,14,0.8829999999999998,Worst,24189255811906
Normal,14,0.9445,Average,24189255811906
Normal,15,0.9025000000000001,Worst,24189255811906
Normal,15,0.9390000000000001,Average,24189255811906
Normal,16,0.9075000000000001,Worst,24189255811906
Normal,16,0.9490000000000001,Average,24189255811906
Normal,17,0.9085000000000001,Worst,24189255811906
Normal,17,0.9570000000000001,Average,24189255811906
Normal,18,0.9155,Worst,24189255811906
Normal,18,0.9504999999999999,Average,24189255811906
Normal,19,0.9225,Worst,24189255811906
Normal,19,0.9485000000000001,Average,24189255811906
Normal,20,0.9135,Worst,24189255811906
Normal,20,0.9315,Average,24189255811906
Normal,21,0.9189999999999999,Worst,24189255811906
Normal,21,0.9315,Average,24189255811906
Normal,22,0.915,Worst,24189255811906
Normal,22,0.9505000000000001,Average,24189255811906
Normal,23,0.9245000000000001,Worst,24189255811906
Normal,23,0.9615,Average,24189255811906
Normal,24,0.9334999999999999,Worst,24189255811906
Normal,24,0.958,Average,24189255811906
Normal,25,0.9285,Worst,24189255811906
Normal,25,0.9475000000000001,Average,24189255811906
Normal,26,0.9410000000000001,Worst,24189255811906
Normal,26,0.9535,Average,24189255811906
Normal,27,0.9470000000000001,Worst,24189255811906
Normal,27,0.944,Average,24189255811906
Normal,28,0.943,Worst,24189255811906
Normal,28,0.9624999999999998,Average,24189255811906
Normal,29,0.95,Worst,24189255811906
Normal,29,0.966,Average,24189255811906
Normal,30,0.9504999999999999,Worst,24189255811906
Normal,30,0.9685,Average,24189255811906
Normal,1,0.6625,Worst,15393162789569
Normal,1,0.7290000000000001,Average,15393162789569
Normal,2,0.7364999999999999,Worst,15393162789569
Normal,2,0.835,Average,15393162789569
Normal,3,0.835,Worst,15393162789569
Normal,3,0.889,Average,15393162789569
Normal,4,0.8485000000000001,Worst,15393162789569
Normal,4,0.9635,Average,15393162789569
Normal,5,0.8805,Worst,15393162789569
Normal,5,0.9385,Average,15393162789569
Normal,6,0.9085000000000001,Worst,15393162789569
Normal,6,0.9504999999999999,Average,15393162789569
Normal,7,0.9200000000000002,Worst,15393162789569
Normal,7,0.9484999999999999,Average,15393162789569
Normal,8,0.9255000000000001,Worst,15393162789569
Normal,8,0.9559999999999998,Average,15393162789569
Normal,9,0.9435,Worst,15393162789569
Normal,9,0.9635,Average,15393162789569
Normal,10,0.9529999999999997,Worst,15393162789569
Normal,10,0.9804999999999999,Average,15393162789569
Normal,11,0.9399999999999998,Worst,15393162789569
Normal,11,0.9750000000000002,Average,15393162789569
Normal,12,0.9644999999999999,Worst,15393162789569
Normal,12,0.9729999999999999,Average,15393162789569
Normal,13,0.9625,Worst,15393162789569
Normal,13,0.9775,Average,15393162789569
Normal,14,0.9545,Worst,15393162789569
Normal,14,0.9814999999999999,Average,15393162789569
Normal,15,0.9605,Worst,15393162789569
Normal,15,0.9809999999999999,Average,15393162789569
Normal,16,0.9695,Worst,15393162789569
Normal,16,0.983,Average,15393162789569
Normal,17,0.9629999999999999,Worst,15393162789569
Normal,17,0.9824999999999999,Average,15393162789569
Normal,18,0.97,Worst,15393162789569
Normal,18,0.9784999999999998,Average,15393162789569
Normal,19,0.9789999999999999,Worst,15393162789569
Normal,19,0.9834999999999999,Average,15393162789569
Normal,20,0.9734999999999999,Worst,15393162789569
Normal,20,0.9795000000000001,Average,15393162789569
Normal,21,0.9775,Worst,15393162789569
Normal,21,0.9765,Average,15393162789569
Normal,22,0.978,Worst,15393162789569
Normal,22,0.986,Average,15393162789569
Normal,23,0.9770000000000001,Worst,15393162789569
Normal,23,0.9835000000000003,Average,15393162789569
Normal,24,0.9705,Worst,15393162789569
Normal,24,0.9869999999999999,Average,15393162789569
Normal,25,0.9775,Worst,15393162789569
Normal,25,0.984,Average,15393162789569
Normal,26,0.9814999999999999,Worst,15393162789569
Normal,26,0.9870000000000001,Average,15393162789569
Normal,27,0.9855,Worst,15393162789569
Normal,27,0.986,Average,15393162789569
Normal,28,0.984,Worst,15393162789569
Normal,28,0.9890000000000001,Average,15393162789569
Normal,29,0.9800000000000001,Worst,15393162789569
Normal,29,0.986,Average,15393162789569
Normal,30,0.9810000000000001,Worst,15393162789569
Normal,30,0.9884999999999999,Average,15393162789569
Normal,1,0.15949999999999998,Worst,2199023256219
Normal,1,0.3855,Average,2199023256219
Normal,2,0.42799999999999994,Worst,2199023256219
Normal,2,0.5650000000000001,Average,2199023256219
Normal,3,0.5465,Worst,2199023256219
Normal,3,0.6785,Average,2199023256219
Normal,4,0.6565000000000001,Worst,2199023256219
Normal,4,0.768,Average,2199023256219
Normal,5,0.7105,Worst,2199023256219
Normal,5,0.784,Average,2199023256219
Normal,6,0.754,Worst,2199023256219
Normal,6,0.7975,Average,2199023256219
Normal,7,0.779,Worst,2199023256219
Normal,7,0.8905,Average,2199023256219
Normal,8,0.8219999999999998,Worst,2199023256219
Normal,8,0.8545,Average,2199023256219
Normal,9,0.8280000000000001,Worst,2199023256219
Normal,9,0.892,Average,2199023256219
Normal,10,0.8644999999999999,Worst,2199023256219
Normal,10,0.9,Average,2199023256219
Normal,11,0.8565000000000002,Worst,2199023256219
Normal,11,0.8969999999999999,Average,2199023256219
Normal,12,0.86,Worst,2199023256219
Normal,12,0.9164999999999999,Average,2199023256219
Normal,13,0.8755000000000001,Worst,2199023256219
Normal,13,0.9295000000000002,Average,2199023256219
Normal,14,0.8879999999999999,Worst,2199023256219
Normal,14,0.93,Average,2199023256219
Normal,15,0.9010000000000001,Worst,2199023256219
Normal,15,0.9355,Average,2199023256219
Normal,16,0.8934999999999998,Worst,2199023256219
Normal,16,0.9475000000000001,Average,2199023256219
Normal,17,0.9105000000000001,Worst,2199023256219
Normal,17,0.944,Average,2199023256219
Normal,18,0.9045,Worst,2199023256219
Normal,18,0.959,Average,2199023256219
Normal,19,0.9135000000000002,Worst,2199023256219
Normal,19,0.9424999999999999,Average,2199023256219
Normal,20,0.9225000000000001,Worst,2199023256219
Normal,20,0.9364999999999999,Average,2199023256219
Normal,21,0.9265000000000001,Worst,2199023256219
Normal,21,0.9625,Average,2199023256219
Normal,22,0.9264999999999999,Worst,2199023256219
Normal,22,0.9585000000000001,Average,2199023256219
Normal,23,0.932,Worst,2199023256219
Normal,23,0.9555,Average,2199023256219
Normal,24,0.933,Worst,2199023256219
Normal,24,0.9580000000000002,Average,2199023256219
Normal,25,0.9285,Worst,2199023256219
Normal,25,0.9635,Average,2199023256219
Normal,26,0.9295000000000002,Worst,2199023256219
Normal,26,0.9455,Average,2199023256219
Normal,27,0.9484999999999999,Worst,2199023256219
Normal,27,0.969,Average,2199023256219
Normal,28,0.9490000000000001,Worst,2199023256219
Normal,28,0.9550000000000001,Average,2199023256219
Normal,29,0.9515,Worst,2199023256219
Normal,29,0.9645000000000001,Average,2199023256219
Normal,30,0.932,Worst,2199023256219
Normal,30,0.9724999999999999,Average,2199023256219
Normal,1,0.0,Worst,28587302323642
Normal,1,0.0,Average,28587302323642
Normal,2,0.489,Worst,28587302323642
Normal,2,0.5165,Average,28587302323642
Normal,3,0.462,Worst,28587302323642
Normal,3,0.7049999999999998,Average,28587302323642
Normal,4,0.6409999999999999,Worst,28587302323642
Normal,4,0.7325,Average,28587302323642
Normal,5,0.66,Worst,28587302323642
Normal,5,0.757,Average,28587302323642
Normal,6,0.7455,Worst,28587302323642
Normal,6,0.8935000000000002,Average,28587302323642
Normal,7,0.744,Worst,28587302323642
Normal,7,0.82,Average,28587302323642
Normal,8,0.8125,Worst,28587302323642
Normal,8,0.8700000000000001,Average,28587302323642
Normal,9,0.8194999999999999,Worst,28587302323642
Normal,9,0.8885,Average,28587302323642
Normal,10,0.8355,Worst,28587302323642
Normal,10,0.9125000000000002,Average,28587302323642
Normal,11,0.8494999999999999,Worst,28587302323642
Normal,11,0.9119999999999999,Average,28587302323642
Normal,12,0.8649999999999999,Worst,28587302323642
Normal,12,0.9195,Average,28587302323642
Normal,13,0.876,Worst,28587302323642
Normal,13,0.9245000000000001,Average,28587302323642
Normal,14,0.8965,Worst,28587302323642
Normal,14,0.9295,Average,28587302323642
Normal,15,0.8875,Worst,28587302323642
Normal,15,0.9350000000000002,Average,28587302323642
Normal,16,0.9075,Worst,28587302323642
Normal,16,0.9334999999999999,Average,28587302323642
Normal,17,0.922,Worst,28587302323642
Normal,17,0.9279999999999999,Average,28587302323642
Normal,18,0.9065,Worst,28587302323642
Normal,18,0.951,Average,28587302323642
Normal,19,0.9155000000000001,Worst,28587302323642
Normal,19,0.9385,Average,28587302323642
Normal,20,0.9215,Worst,28587302323642
Normal,20,0.9640000000000001,Average,28587302323642
Normal,21,0.9095000000000001,Worst,28587302323642
Normal,21,0.968,Average,28587302323642
Normal,22,0.9085000000000001,Worst,28587302323642
Normal,22,0.9564999999999999,Average,28587302323642
Normal,23,0.9260000000000002,Worst,28587302323642
Normal,23,0.9534999999999998,Average,28587302323642
Normal,24,0.9260000000000002,Worst,28587302323642
Normal,24,0.9584999999999999,Average,28587302323642
Normal,25,0.9424999999999999,Worst,28587302323642
Normal,25,0.9570000000000001,Average,28587302323642
Normal,26,0.9385,Worst,28587302323642
Normal,26,0.9625,Average,28587302323642
Normal,27,0.9470000000000001,Worst,28587302323642
Normal,27,0.9614999999999998,Average,28587302323642
Normal,28,0.9414999999999999,Worst,28587302323642
Normal,28,0.9684999999999999,Average,28587302323642
Normal,29,0.945,Worst,28587302323642
Normal,29,0.9625,Average,28587302323642
Normal,30,0.9469999999999998,Worst,28587302323642
Normal,30,0.9730000000000001,Average,28587302323642
Normal,1,0.0,Worst,6597069766821
Normal,1,0.0,Average,6597069766821
Normal,2,0.0615,Worst,6597069766821
Normal,2,0.11150000000000002,Average,6597069766821
Normal,3,0.2045,Worst,6597069766821
Normal,3,0.31500000000000006,Average,6597069766821
Normal,4,0.32999999999999996,Worst,6597069766821
Normal,4,0.45499999999999996,Average,6597069766821
Normal,5,0.42800000000000005,Worst,6597069766821
Normal,5,0.5944999999999999,Average,6597069766821
Normal,6,0.5065,Worst,6597069766821
Normal,6,0.6324999999999998,Average,6597069766821
Normal,7,0.56,Worst,6597069766821
Normal,7,0.6655,Average,6597069766821
Normal,8,0.624,Worst,6597069766821
Normal,8,0.702,Average,6597069766821
Normal,9,0.6545,Worst,6597069766821
Normal,9,0.732,Average,6597069766821
Normal,10,0.6755,Worst,6597069766821
Normal,10,0.7575000000000001,Average,6597069766821
Normal,11,0.6855,Worst,6597069766821
Normal,11,0.794,Average,6597069766821
Normal,12,0.7334999999999999,Worst,6597069766821
Normal,12,0.8145,Average,6597069766821
Normal,13,0.7285,Worst,6597069766821
Normal,13,0.8175000000000001,Average,6597069766821
Normal,14,0.764,Worst,6597069766821
Normal,14,0.8324999999999999,Average,6597069766821
Normal,15,0.7855000000000001,Worst,6597069766821
Normal,15,0.8134999999999998,Average,6597069766821
Normal,16,0.7775,Worst,6597069766821
Normal,16,0.8480000000000001,Average,6597069766821
Normal,17,0.7815000000000001,Worst,6597069766821
Normal,17,0.8504999999999999,Average,6597069766821
Normal,18,0.8145,Worst,6597069766821
Normal,18,0.8825,Average,6597069766821
Normal,19,0.8174999999999999,Worst,6597069766821
Normal,19,0.8684999999999998,Average,6597069766821
Normal,20,0.8315000000000001,Worst,6597069766821
Normal,20,0.8755000000000001,Average,6597069766821
Normal,21,0.8480000000000001,Worst,6597069766821
Normal,21,0.8895,Average,6597069766821
Normal,22,0.8480000000000001,Worst,6597069766821
Normal,22,0.8885,Average,6597069766821
Normal,23,0.833,Worst,6597069766821
Normal,23,0.8965,Average,6597069766821
Normal,24,0.8489999999999999,Worst,6597069766821
Normal,24,0.8995000000000001,Average,6597069766821
Normal,25,0.8664999999999999,Worst,6597069766821
Normal,25,0.9084999999999999,Average,6597069766821
Normal,26,0.8595,Worst,6597069766821
Normal,26,0.909,Average,6597069766821
Normal,27,0.8685,Worst,6597069766821
Normal,27,0.8995000000000001,Average,6597069766821
Normal,28,0.875,Worst,6597069766821
Normal,28,0.9075000000000001,Average,6597069766821
Normal,29,0.868,Worst,6597069766821
Normal,29,0.924,Average,6597069766821
Normal,30,0.8789999999999999,Worst,6597069766821
Normal,30,0.9165000000000001,Average,6597069766821
Exponential,1,0.0085,Worst,2199023256031
Exponential,1,0.5725,Average,2199023256031
Exponential,2,0.08049999999999999,Worst,2199023256031
Exponential,2,0.7210000000000001,Average,2199023256031
Exponential,3,0.1975,Worst,2199023256031
Exponential,3,0.8109999999999999,Average,2199023256031
Exponential,4,0.2865,Worst,2199023256031
Exponential,4,0.7725,Average,2199023256031
Exponential,5,0.35500000000000004,Worst,2199023256031
Exponential,5,0.7464999999999999,Average,2199023256031
Exponential,6,0.442,Worst,2199023256031
Exponential,6,0.9095000000000001,Average,2199023256031
Exponential,7,0.5010000000000001,Worst,2199023256031
Exponential,7,0.933,Average,2199023256031
Exponential,8,0.5365,Worst,2199023256031
Exponential,8,0.9305,Average,2199023256031
Exponential,9,0.5579999999999999,Worst,2199023256031
Exponential,9,0.8929999999999998,Average,2199023256031
Exponential,10,0.6129999999999999,Worst,2199023256031
Exponential,10,0.9729999999999999,Average,2199023256031
Exponential,11,0.6555,Worst,2199023256031
Exponential,11,0.9389999999999998,Average,2199023256031
Exponential,12,0.6665,Worst,2199023256031
Exponential,12,0.9159999999999998,Average,2199023256031
Exponential,13,0.6950000000000001,Worst,2199023256031
Exponential,13,0.9174999999999999,Average,2199023256031
Exponential,14,0.7024999999999999,Worst,2199023256031
Exponential,14,0.951,Average,2199023256031
Exponential,15,0.7155,Worst,2199023256031
Exponential,15,0.9395000000000001,Average,2199023256031
Exponential,16,0.721,Worst,2199023256031
Exponential,16,0.961,Average,2199023256031
Exponential,17,0.745,Worst,2199023256031
Exponential,17,0.937,Average,2199023256031
Exponential,18,0.7529999999999999,Worst,2199023256031
Exponential,18,0.892,Average,2199023256031
Exponential,19,0.7645000000000002,Worst,2199023256031
Exponential,19,0.9470000000000001,Average,2199023256031
Exponential,20,0.776,Worst,2199023256031
Exponential,20,0.95,Average,2199023256031
Exponential,21,0.795,Worst,2199023256031
Exponential,21,0.9589999999999999,Average,2199023256031
Exponential,22,0.7959999999999999,Worst,2199023256031
Exponential,22,0.9684999999999999,Average,2199023256031
Exponential,23,0.8015000000000001,Worst,2199023256031
Exponential,23,0.943,Average,2199023256031
Exponential,24,0.8055000000000001,Worst,2199023256031
Exponential,24,0.944,Average,2199023256031
Exponential,25,0.8205,Worst,2199023256031
Exponential,25,0.93,Average,2199023256031
Exponential,26,0.8185,Worst,2199023256031
Exponential,26,0.983,Average,2199023256031
Exponential,27,0.8480000000000001,Worst,2199023256031
Exponential,27,0.9535,Average,2199023256031
Exponential,28,0.8390000000000001,Worst,2199023256031
Exponential,28,0.9715,Average,2199023256031
Exponential,29,0.8380000000000001,Worst,2199023256031
Exponential,29,0.97,Average,2199023256031
Exponential,30,0.8545,Worst,2199023256031
Exponential,30,0.966,Average,2199023256031
Exponential,1,0.0,Worst,26388279067560
Exponential,1,0.0,Average,26388279067560
Exponential,2,0.0865,Worst,26388279067560
Exponential,2,0.3235,Average,26388279067560
Exponential,3,0.19099999999999998,Worst,26388279067560
Exponential,3,0.8450000000000001,Average,26388279067560
Exponential,4,0.281,Worst,26388279067560
Exponential,4,0.8619999999999999,Average,26388279067560
Exponential,5,0.33649999999999997,Worst,26388279067560
Exponential,5,0.769,Average,26388279067560
Exponential,6,0.43200000000000005,Worst,26388279067560
Exponential,6,0.8815,Average,26388279067560
Exponential,7,0.4925,Worst,26388279067560
Exponential,7,0.7805,Average,26388279067560
Exponential,8,0.541,Worst,26388279067560
Exponential,8,0.77,Average,26388279067560
Exponential,9,0.5824999999999999,Worst,26388279067560
Exponential,9,0.9055,Average,26388279067560
Exponential,10,0.5915,Worst,26388279067560
Exponential,10,0.9215,Average,26388279067560
Exponential,11,0.6380000000000001,Worst,26388279067560
Exponential,11,0.9145,Average,26388279067560
Exponential,12,0.6529999999999999,Worst,26388279067560
Exponential,12,0.8879999999999999,Average,26388279067560
Exponential,13,0.6825,Worst,26388279067560
Exponential,13,0.9574999999999999,Average,26388279067560
Exponential,14,0.6809999999999999,Worst,26388279067560
Exponential,14,0.9335000000000001,Average,26388279067560
Exponential,15,0.7145,Worst,26388279067560
Exponential,15,0.876,Average,26388279067560
Exponential,16,0.7435,Worst,26388279067560
Exponential,16,0.891,Average,26388279067560
Exponential,17,0.7475,Worst,26388279067560
Exponential,17,0.8939999999999999,Average,26388279067560
Exponential,18,0.74,Worst,26388279067560
Exponential,18,0.9475,Average,26388279067560
Exponential,19,0.755,Worst,26388279067560
Exponential,19,0.9279999999999999,Average,26388279067560
Exponential,20,0.7615000000000001,Worst,26388279067560
Exponential,20,0.9494999999999999,Average,26388279067560
Exponential,21,0.7759999999999999,Worst,26388279067560
Exponential,21,0.9830000000000002,Average,26388279067560
Exponential,22,0.8079999999999998,Worst,26388279067560
Exponential,22,0.9730000000000001,Average,26388279067560
Exponential,23,0.8084999999999999,Worst,26388279067560
Exponential,23,0.9659999999999999,Average,26388279067560
Exponential,24,0.813,Worst,26388279067560
Exponential,24,0.9654999999999999,Average,26388279067560
Exponential,25,0.8115,Worst,26388279067560
Exponential,25,0.9719999999999999,Average,26388279067560
Exponential,26,0.8320000000000001,Worst,26388279067560
Exponential,26,0.9629999999999999,Average,26388279067560
Exponential,27,0.8160000000000001,Worst,26388279067560
Exponential,27,0.9630000000000001,Average,26388279067560
Exponential,28,0.8414999999999999,Worst,26388279067560
Exponential,28,0.9909999999999999,Average,26388279067560
Exponential,29,0.8349999999999997,Worst,26388279067560
Exponential,29,0.9605,Average,26388279067560
Exponential,30,0.85,Worst,26388279067560
Exponential,30,0.9674999999999999,Average,26388279067560
Exponential,1,0.0,Worst,10995116278652
Exponential,1,0.0,Average,10995116278652
Exponential,2,0.08549999999999999,Worst,10995116278652
Exponential,2,0.3335,Average,10995116278652
Exponential,3,0.175,Worst,10995116278652
Exponential,3,0.6034999999999999,Average,10995116278652
Exponential,4,0.28150000000000003,Worst,10995116278652
Exponential,4,0.756,Average,10995116278652
Exponential,5,0.371,Worst,10995116278652
Exponential,5,0.8665,Average,10995116278652
Exponential,6,0.4265,Worst,10995116278652
Exponential,6,0.859,Average,10995116278652
Exponential,7,0.48199999999999993,Worst,10995116278652
Exponential,7,0.8395000000000001,Average,10995116278652
Exponential,8,0.528,Worst,10995116278652
Exponential,8,0.9015000000000002,Average,10995116278652
Exponential,9,0.581,Worst,10995116278652
Exponential,9,0.9359999999999999,Average,10995116278652
Exponential,10,0.6249999999999999,Worst,10995116278652
Exponential,10,0.8670000000000002,Average,10995116278652
Exponential,11,0.6305,Worst,10995116278652
Exponential,11,0.8845000000000001,Average,10995116278652
Exponential,12,0.6525,Worst,10995116278652
Exponential,12,0.9004999999999999,Average,10995116278652
Exponential,13,0.671,Worst,10995116278652
Exponential,13,0.9120000000000001,Average,10995116278652
Exponential,14,0.7095,Worst,10995116278652
Exponential,14,0.9199999999999999,Average,10995116278652
Exponential,15,0.696,Worst,10995116278652
Exponential,15,0.951,Average,10995116278652
Exponential,16,0.7309999999999999,Worst,10995116278652
Exponential,16,0.9119999999999999,Average,10995116278652
Exponential,17,0.745,Worst,10995116278652
Exponential,17,0.9695,Average,10995116278652
Exponential,18,0.7515,Worst,10995116278652
Exponential,18,0.9750000000000002,Average,10995116278652
Exponential,19,0.768,Worst,10995116278652
Exponential,19,0.9205,Average,10995116278652
Exponential,20,0.78,Worst,10995116278652
Exponential,20,0.9675,Average,10995116278652
Exponential,21,0.7790000000000001,Worst,10995116278652
Exponential,21,0.9235,Average,10995116278652
Exponential,22,0.7989999999999999,Worst,10995116278652
Exponential,22,0.9569999999999999,Average,10995116278652
Exponential,23,0.8205000000000002,Worst,10995116278652
Exponential,23,0.9275,Average,10995116278652
Exponential,24,0.8094999999999999,Worst,10995116278652
Exponential,24,0.9765,Average,10995116278652
Exponential,25,0.804,Worst,10995116278652
Exponential,25,0.9665000000000001,Average,10995116278652
Exponential,26,0.8159999999999998,Worst,10995116278652
Exponential,26,0.9865,Average,10995116278652
Exponential,27,0.8434999999999999,Worst,10995116278652
Exponential,27,0.9629999999999999,Average,10995116278652
Exponential,28,0.8300000000000001,Worst,10995116278652
Exponential,28,0.974,Average,10995116278652
Exponential,29,0.8414999999999999,Worst,10995116278652
Exponential,29,0.9625000000000001,Average,10995116278652
Exponential,30,0.8464999999999998,Worst,10995116278652
Exponential,30,0.9715,Average,10995116278652
Exponential,1,0.005,Worst,870
Exponential,1,0.5549999999999999,Average,870
Exponential,2,0.08099999999999999,Worst,870
Exponential,2,0.7535000000000001,Average,870
Exponential,3,0.1965,Worst,870
Exponential,3,0.8205,Average,870
Exponential,4,0.2904999999999999,Worst,870
Exponential,4,0.6214999999999999,Average,870
Exponential,5,0.35550000000000004,Worst,870
Exponential,5,0.8805,Average,870
Exponential,6,0.44200000000000006,Worst,870
Exponential,6,0.8260000000000002,Average,870
Exponential,7,0.469,Worst,870
Exponential,7,0.8764999999999998,Average,870
Exponential,8,0.5295,Worst,870
Exponential,8,0.9239999999999998,Average,870
Exponential,9,0.5589999999999999,Worst,870
Exponential,9,0.9530000000000001,Average,870
Exponential,10,0.614,Worst,870
Exponential,10,0.9334999999999999,Average,870
Exponential,11,0.631,Worst,870
Exponential,11,0.9389999999999998,Average,870
Exponential,12,0.6530000000000001,Worst,870
Exponential,12,0.9024999999999999,Average,870
Exponential,13,0.6805,Worst,870
Exponential,13,0.931,Average,870
Exponential,14,0.6985000000000001,Worst,870
Exponential,14,0.8945000000000001,Average,870
Exponential,15,0.7190000000000001,Worst,870
Exponential,15,0.916,Average,870
Exponential,16,0.743,Worst,870
Exponential,16,0.95,Average,870
Exponential,17,0.7380000000000001,Worst,870
Exponential,17,0.9540000000000001,Average,870
Exponential,18,0.7689999999999999,Worst,870
Exponential,18,0.9469999999999998,Average,870
Exponential,19,0.76,Worst,870
Exponential,19,0.9775,Average,870
Exponential,20,0.787,Worst,870
Exponential,20,0.9645000000000001,Average,870
Exponential,21,0.795,Worst,870
Exponential,21,0.9504999999999999,Average,870
Exponential,22,0.792,Worst,870
Exponential,22,0.9710000000000001,Average,870
Exponential,23,0.7995000000000001,Worst,870
Exponential,23,0.9564999999999999,Average,870
Exponential,24,0.8145,Worst,870
Exponential,24,0.9629999999999999,Average,870
Exponential,25,0.812,Worst,870
Exponential,25,0.9724999999999999,Average,870
Exponential,26,0.8194999999999999,Worst,870
Exponential,26,0.975,Average,870
Exponential,27,0.8220000000000001,Worst,870
Exponential,27,0.9625,Average,870
Exponential,28,0.8469999999999999,Worst,870
Exponential,28,0.9640000000000001,Average,870
Exponential,29,0.8539999999999999,Worst,870
Exponential,29,0.9425000000000001,Average,870
Exponential,30,0.842,Worst,870
Exponential,30,0.9695,Average,870
Exponential,1,0.005,Worst,15393162789933
Exponential,1,0.37849999999999995,Average,15393162789933
Exponential,2,0.07849999999999999,Worst,15393162789933
Exponential,2,0.483,Average,15393162789933
Exponential,3,0.178,Worst,15393162789933
Exponential,3,0.7680000000000001,Average,15393162789933
Exponential,4,0.29050000000000004,Worst,15393162789933
Exponential,4,0.7585000000000001,Average,15393162789933
Exponential,5,0.37200000000000005,Worst,15393162789933
Exponential,5,0.7835,Average,15393162789933
Exponential,6,0.44499999999999995,Worst,15393162789933
Exponential,6,0.8195,Average,15393162789933
Exponential,7,0.47800000000000004,Worst,15393162789933
Exponential,7,0.8544999999999998,Average,15393162789933
Exponential,8,0.5005,Worst,15393162789933
Exponential,8,0.8379999999999999,Average,15393162789933
Exponential,9,0.5635,Worst,15393162789933
Exponential,9,0.8515,Average,15393162789933
Exponential,10,0.603,Worst,15393162789933
Exponential,10,0.9049999999999999,Average,15393162789933
Exponential,11,0.6185000000000002,Worst,15393162789933
Exponential,11,0.8925000000000001,Average,15393162789933
Exponential,12,0.651,Worst,15393162789933
Exponential,12,0.9369999999999999,Average,15393162789933
Exponential,13,0.665,Worst,15393162789933
Exponential,13,0.9275,Average,15393162789933
Exponential,14,0.701,Worst,15393162789933
Exponential,14,0.9435,Average,15393162789933
Exponential,15,0.7045,Worst,15393162789933
Exponential,15,0.9109999999999999,Average,15393162789933
Exponential,16,0.7095,Worst,15393162789933
Exponential,16,0.9494999999999999,Average,15393162789933
Exponential,17,0.7585,Worst,15393162789933
Exponential,17,0.9574999999999999,Average,15393162789933
Exponential,18,0.7565000000000002,Worst,15393162789933
Exponential,18,0.95,Average,15393162789933
Exponential,19,0.765,Worst,15393162789933
Exponential,19,0.952,Average,15393162789933
Exponential,20,0.7845,Worst,15393162789933
Exponential,20,0.9810000000000001,Average,15393162789933
Exponential,21,0.795,Worst,15393162789933
Exponential,21,0.9605,Average,15393162789933
Exponential,22,0.7965,Worst,15393162789933
Exponential,22,0.9664999999999999,Average,15393162789933
Exponential,23,0.8074999999999999,Worst,15393162789933
Exponential,23,0.9875,Average,15393162789933
Exponential,24,0.8035,Worst,15393162789933
Exponential,24,0.913,Average,15393162789933
Exponential,25,0.825,Worst,15393162789933
Exponential,25,0.9485000000000001,Average,15393162789933
Exponential,26,0.8344999999999999,Worst,15393162789933
Exponential,26,0.9710000000000001,Average,15393162789933
Exponential,27,0.828,Worst,15393162789933
Exponential,27,0.9835,Average,15393162789933
Exponential,28,0.8430000000000002,Worst,15393162789933
Exponential,28,0.976,Average,15393162789933
Exponential,29,0.844,Worst,15393162789933
Exponential,29,0.9604999999999999,Average,15393162789933
Exponential,30,0.8425,Worst,15393162789933
Exponential,30,0.966,Average,15393162789933
Exponential,1,0.0,Worst,10995116278647
Exponential,1,0.0,Average,10995116278647
Exponential,2,0.0755,Worst,10995116278647
Exponential,2,0.5860000000000001,Average,10995116278647
Exponential,3,0.181,Worst,10995116278647
Exponential,3,0.4694999999999999,Average,10995116278647
Exponential,4,0.26,Worst,10995116278647
Exponential,4,0.5790000000000001,Average,10995116278647
Exponential,5,0.402,Worst,10995116278647
Exponential,5,0.798,Average,10995116278647
Exponential,6,0.4215,Worst,10995116278647
Exponential,6,0.9344999999999999,Average,10995116278647
Exponential,7,0.476,Worst,10995116278647
Exponential,7,0.9744999999999999,Average,10995116278647
Exponential,8,0.524,Worst,10995116278647
Exponential,8,0.8925000000000001,Average,10995116278647
Exponential,9,0.5809999999999998,Worst,10995116278647
Exponential,9,0.9005000000000001,Average,10995116278647
Exponential,10,0.5875,Worst,10995116278647
Exponential,10,0.9030000000000001,Average,10995116278647
Exponential,11,0.6335000000000001,Worst,10995116278647
Exponential,11,0.9165000000000001,Average,10995116278647
Exponential,12,0.6249999999999999,Worst,10995116278647
Exponential,12,0.9219999999999999,Average,10995116278647
Exponential,13,0.6820000000000002,Worst,10995116278647
Exponential,13,0.9334999999999999,Average,10995116278647
Exponential,14,0.704,Worst,10995116278647
Exponential,14,0.9600000000000002,Average,10995116278647
Exponential,15,0.7085,Worst,10995116278647
Exponential,15,0.9409999999999998,Average,10995116278647
Exponential,16,0.733,Worst,10995116278647
Exponential,16,0.9099999999999999,Average,10995116278647
Exponential,17,0.7414999999999999,Worst,10995116278647
Exponential,17,0.9615,Average,10995116278647
Exponential,18,0.7695000000000001,Worst,10995116278647
Exponential,18,0.9120000000000001,Average,10995116278647
Exponential,19,0.764,Worst,10995116278647
Exponential,19,0.9744999999999999,Average,10995116278647
Exponential,20,0.7775000000000001,Worst,10995116278647
Exponential,20,0.9650000000000002,Average,10995116278647
Exponential,21,0.8065,Worst,10995116278647
Exponential,21,0.9410000000000002,Average,10995116278647
Exponential,22,0.8039999999999999,Worst,10995116278647
Exponential,22,0.978,Average,10995116278647
Exponential,23,0.8099999999999999,Worst,10995116278647
Exponential,23,0.9715,Average,10995116278647
Exponential,24,0.8205,Worst,10995116278647
Exponential,24,0.978,Average,10995116278647
Exponential,25,0.8150000000000001,Worst,10995116278647
Exponential,25,0.9525,Average,10995116278647
Exponential,26,0.8275,Worst,10995116278647
Exponential,26,0.9545,Average,10995116278647
Exponential,27,0.8305,Worst,10995116278647
Exponential,27,0.9525,Average,10995116278647
Exponential,28,0.8435,Worst,10995116278647
Exponential,28,0.9584999999999999,Average,10995116278647
Exponential,29,0.8450000000000001,Worst,10995116278647
Exponential,29,0.95,Average,10995116278647
Exponential,30,0.8489999999999999,Worst,10995116278647
Exponential,30,0.9555,Average,10995116278647
Exponential,1,0.004,Worst,19791209301529
Exponential,1,0.6045,Average,19791209301529
Exponential,2,0.09099999999999998,Worst,19791209301529
Exponential,2,0.513,Average,19791209301529
Exponential,3,0.1795,Worst,19791209301529
Exponential,3,0.641,Average,19791209301529
Exponential,4,0.29500000000000004,Worst,19791209301529
Exponential,4,0.657,Average,19791209301529
Exponential,5,0.357,Worst,19791209301529
Exponential,5,0.869,Average,19791209301529
Exponential,6,0.41800000000000004,Worst,19791209301529
Exponential,6,0.808,Average,19791209301529
Exponential,7,0.49749999999999994,Worst,19791209301529
Exponential,7,0.8859999999999999,Average,19791209301529
Exponential,8,0.5145000000000001,Worst,19791209301529
Exponential,8,0.9225000000000001,Average,19791209301529
Exponential,9,0.56,Worst,19791209301529
Exponential,9,0.9265000000000001,Average,19791209301529
Exponential,10,0.6125,Worst,19791209301529
Exponential,10,0.9194999999999999,Average,19791209301529
Exponential,11,0.6480000000000001,Worst,19791209301529
Exponential,11,0.933,Average,19791209301529
Exponential,12,0.6460000000000001,Worst,19791209301529
Exponential,12,0.9545,Average,19791209301529
Exponential,13,0.671,Worst,19791209301529
Exponential,13,0.901,Average,19791209301529
Exponential,14,0.6905000000000001,Worst,19791209301529
Exponential,14,0.9585000000000001,Average,19791209301529
Exponential,15,0.714,Worst,19791209301529
Exponential,15,0.9245000000000001,Average,19791209301529
Exponential,16,0.7085,Worst,19791209301529
Exponential,16,0.9375000000000002,Average,19791209301529
Exponential,17,0.7485,Worst,19791209301529
Exponential,17,0.9269999999999999,Average,19791209301529
Exponential,18,0.7695,Worst,19791209301529
Exponential,18,0.921,Average,19791209301529
Exponential,19,0.7505000000000001,Worst,19791209301529
Exponential,19,0.917,Average,19791209301529
Exponential,20,0.779,Worst,19791209301529
Exponential,20,0.9485000000000001,Average,19791209301529
Exponential,21,0.7975,Worst,19791209301529
Exponential,21,0.9279999999999999,Average,19791209301529
Exponential,22,0.798,Worst,19791209301529
Exponential,22,0.9295,Average,19791209301529
Exponential,23,0.8035000000000002,Worst,19791209301529
Exponential,23,0.9349999999999999,Average,19791209301529
Exponential,24,0.8015000000000001,Worst,19791209301529
Exponential,24,0.9695,Average,19791209301529
Exponential,25,0.8195,Worst,19791209301529
Exponential,25,0.9594999999999999,Average,19791209301529
Exponential,26,0.8349999999999997,Worst,19791209301529
Exponential,26,0.9589999999999999,Average,19791209301529
Exponential,27,0.8234999999999999,Worst,19791209301529
Exponential,27,0.9545,Average,19791209301529
Exponential,28,0.833,Worst,19791209301529
Exponential,28,0.9480000000000001,Average,19791209301529
Exponential,29,0.834,Worst,19791209301529
Exponential,29,0.976,Average,19791209301529
Exponential,30,0.8455,Worst,19791209301529
Exponential,30,0.9630000000000001,Average,19791209301529
Exponential,1,0.006500000000000001,Worst,8796093023493
Exponential,1,0.5605,Average,8796093023493
Exponential,2,0.0685,Worst,8796093023493
Exponential,2,0.6205,Average,8796093023493
Exponential,3,0.1825,Worst,8796093023493
Exponential,3,0.635,Average,8796093023493
Exponential,4,0.281,Worst,8796093023493
Exponential,4,0.9019999999999999,Average,8796093023493
Exponential,5,0.35000000000000003,Worst,8796093023493
Exponential,5,0.75,Average,8796093023493
Exponential,6,0.42049999999999993,Worst,8796093023493
Exponential,6,0.8799999999999999,Average,8796093023493
Exponential,7,0.476,Worst,8796093023493
Exponential,7,0.9615,Average,8796093023493
Exponential,8,0.539,Worst,8796093023493
Exponential,8,0.8610000000000001,Average,8796093023493
Exponential,9,0.567,Worst,8796093023493
Exponential,9,0.9019999999999999,Average,8796093023493
Exponential,10,0.6104999999999999,Worst,8796093023493
Exponential,10,0.867,Average,8796093023493
Exponential,11,0.6365000000000001,Worst,8796093023493
Exponential,11,0.8985000000000001,Average,8796093023493
Exponential,12,0.653,Worst,8796093023493
Exponential,12,0.944,Average,8796093023493
Exponential,13,0.674,Worst,8796093023493
Exponential,13,0.958,Average,8796093023493
Exponential,14,0.724,Worst,8796093023493
Exponential,14,0.9174999999999999,Average,8796093023493
Exponential,15,0.7149999999999999,Worst,8796093023493
Exponential,15,0.966,Average,8796093023493
Exponential,16,0.7220000000000001,Worst,8796093023493
Exponential,16,0.938,Average,8796093023493
Exponential,17,0.7555,Worst,8796093023493
Exponential,17,0.9640000000000001,Average,8796093023493
Exponential,18,0.741,Worst,8796093023493
Exponential,18,0.9730000000000001,Average,8796093023493
Exponential,19,0.7660000000000001,Worst,8796093023493
Exponential,19,0.9475,Average,8796093023493
Exponential,20,0.7755,Worst,8796093023493
Exponential,20,0.9620000000000001,Average,8796093023493
Exponential,21,0.7889999999999999,Worst,8796093023493
Exponential,21,0.9719999999999999,Average,8796093023493
Exponential,22,0.797,Worst,8796093023493
Exponential,22,0.9674999999999999,Average,8796093023493
Exponential,23,0.799,Worst,8796093023493
Exponential,23,0.9540000000000003,Average,8796093023493
Exponential,24,0.8074999999999999,Worst,8796093023493
Exponential,24,0.9555,Average,8796093023493
Exponential,25,0.8150000000000001,Worst,8796093023493
Exponential,25,0.9729999999999999,Average,8796093023493
Exponential,26,0.834,Worst,8796093023493
Exponential,26,0.9654999999999999,Average,8796093023493
Exponential,27,0.8314999999999999,Worst,8796093023493
Exponential,27,0.9574999999999999,Average,8796093023493
Exponential,28,0.8300000000000001,Worst,8796093023493
Exponential,28,0.9585000000000001,Average,8796093023493
Exponential,29,0.845,Worst,8796093023493
Exponential,29,0.9690000000000001,Average,8796093023493
Exponential,30,0.8579999999999999,Worst,8796093023493
Exponential,30,0.9519999999999997,Average,8796093023493
Exponential,1,0.0045,Worst,1131
Exponential,1,0.6734999999999999,Average,1131
Exponential,2,0.06600000000000002,Worst,1131
Exponential,2,0.7285,Average,1131
Exponential,3,0.193,Worst,1131
Exponential,3,0.642,Average,1131
Exponential,4,0.274,Worst,1131
Exponential,4,0.8230000000000001,Average,1131
Exponential,5,0.35950000000000004,Worst,1131
Exponential,5,0.8309999999999998,Average,1131
Exponential,6,0.4285,Worst,1131
Exponential,6,0.8275,Average,1131
Exponential,7,0.4835,Worst,1131
Exponential,7,0.8825,Average,1131
Exponential,8,0.52,Worst,1131
Exponential,8,0.9030000000000001,Average,1131
Exponential,9,0.5635,Worst,1131
Exponential,9,0.842,Average,1131
Exponential,10,0.609,Worst,1131
Exponential,10,0.9745000000000001,Average,1131
Exponential,11,0.6214999999999999,Worst,1131
Exponential,11,0.9430000000000002,Average,1131
Exponential,12,0.6505,Worst,1131
Exponential,12,0.9115,Average,1131
Exponential,13,0.6875000000000001,Worst,1131
Exponential,13,0.9630000000000001,Average,1131
Exponential,14,0.6960000000000002,Worst,1131
Exponential,14,0.954,Average,1131
Exponential,15,0.711,Worst,1131
Exponential,15,0.9174999999999999,Average,1131
Exponential,16,0.734,Worst,1131
Exponential,16,0.9789999999999999,Average,1131
Exponential,17,0.7525,Worst,1131
Exponential,17,0.9440000000000002,Average,1131
Exponential,18,0.7470000000000001,Worst,1131
Exponential,18,0.9575000000000001,Average,1131
Exponential,19,0.7755000000000001,Worst,1131
Exponential,19,0.9105000000000001,Average,1131
Exponential,20,0.7925000000000001,Worst,1131
Exponential,20,0.9034999999999999,Average,1131
Exponential,21,0.7855,Worst,1131
Exponential,21,0.9734999999999999,Average,1131
Exponential,22,0.8084999999999999,Worst,1131
Exponential,22,0.9399999999999998,Average,1131
Exponential,23,0.807,Worst,1131
Exponential,23,0.9585000000000001,Average,1131
Exponential,24,0.8100000000000002,Worst,1131
Exponential,24,0.975,Average,1131
Exponential,25,0.82,Worst,1131
Exponential,25,0.9524999999999999,Average,1131
Exponential,26,0.8234999999999999,Worst,1131
Exponential,26,0.976,Average,1131
Exponential,27,0.8329999999999999,Worst,1131
Exponential,27,0.9639999999999999,Average,1131
Exponential,28,0.8390000000000001,Worst,1131
Exponential,28,0.9674999999999999,Average,1131
Exponential,29,0.8335000000000001,Worst,1131
Exponential,29,0.9809999999999999,Average,1131
Exponential,30,0.8390000000000001,Worst,1131
Exponential,30,0.9685,Average,1131
Exponential,1,0.005,Worst,32985348833548
Exponential,1,0.43549999999999994,Average,32985348833548
Exponential,2,0.07200000000000004,Worst,32985348833548
Exponential,2,0.897,Average,32985348833548
Exponential,3,0.175,Worst,32985348833548
Exponential,3,0.741,Average,32985348833548
Exponential,4,0.277,Worst,32985348833548
Exponential,4,0.8285,Average,32985348833548
Exponential,5,0.38150000000000006,Worst,32985348833548
Exponential,5,0.8494999999999999,Average,32985348833548
Exponential,6,0.43599999999999994,Worst,32985348833548
Exponential,6,0.8159999999999998,Average,32985348833548
Exponential,7,0.47350000000000003,Worst,32985348833548
Exponential,7,0.8794999999999998,Average,32985348833548
Exponential,8,0.5265000000000001,Worst,32985348833548
Exponential,8,0.8714999999999999,Average,32985348833548
Exponential,9,0.5655,Worst,32985348833548
Exponential,9,0.8705000000000002,Average,32985348833548
Exponential,10,0.6075,Worst,32985348833548
Exponential,10,0.9295,Average,32985348833548
Exponential,11,0.6375000000000001,Worst,32985348833548
Exponential,11,0.835,Average,32985348833548
Exponential,12,0.6799999999999999,Worst,32985348833548
Exponential,12,0.9274999999999999,Average,32985348833548
Exponential,13,0.6655,Worst,32985348833548
Exponential,13,0.951,Average,32985348833548
Exponential,14,0.7045000000000001,Worst,32985348833548
Exponential,14,0.9109999999999999,Average,32985348833548
Exponential,15,0.7015,Worst,32985348833548
Exponential,15,0.89,Average,32985348833548
Exponential,16,0.7195,Worst,32985348833548
Exponential,16,0.9155000000000001,Average,32985348833548
Exponential,17,0.734,Worst,32985348833548
Exponential,17,0.945,Average,32985348833548
Exponential,18,0.76,Worst,32985348833548
Exponential,18,0.952,Average,32985348833548
Exponential,19,0.7735,Worst,32985348833548
Exponential,19,0.9765,Average,32985348833548
Exponential,20,0.781,Worst,32985348833548
Exponential,20,0.9115,Average,32985348833548
Exponential,21,0.7875,Worst,32985348833548
Exponential,21,0.945,Average,32985348833548
Exponential,22,0.8015000000000001,Worst,32985348833548
Exponential,22,0.9625,Average,32985348833548
Exponential,23,0.8115,Worst,32985348833548
Exponential,23,0.958,Average,32985348833548
Exponential,24,0.8015000000000001,Worst,32985348833548
Exponential,24,0.9685,Average,32985348833548
Exponential,25,0.817,Worst,32985348833548
Exponential,25,0.9555,Average,32985348833548
Exponential,26,0.82,Worst,32985348833548
Exponential,26,0.9625,Average,32985348833548
Exponential,27,0.8275,Worst,32985348833548
Exponential,27,0.9644999999999999,Average,32985348833548
Exponential,28,0.8385,Worst,32985348833548
Exponential,28,0.9284999999999999,Average,32985348833548
Exponential,29,0.8404999999999999,Worst,32985348833548
Exponential,29,0.9550000000000001,Average,32985348833548
Exponential,30,0.849,Worst,32985348833548
Exponential,30,0.967,Average,32985348833548
Exponential,1,0.0055,Worst,4398046511257
Exponential,1,0.359,Average,4398046511257
Exponential,2,0.08149999999999999,Worst,4398046511257
Exponential,2,0.6114999999999999,Average,4398046511257
Exponential,3,0.19250000000000003,Worst,4398046511257
Exponential,3,0.711,Average,4398046511257
Exponential,4,0.271,Worst,4398046511257
Exponential,4,0.8155000000000001,Average,4398046511257
Exponential,5,0.355,Worst,4398046511257
Exponential,5,0.8644999999999999,Average,4398046511257
Exponential,6,0.4375,Worst,4398046511257
Exponential,6,0.8235000000000001,Average,4398046511257
Exponential,7,0.4739999999999999,Worst,4398046511257
Exponential,7,0.8424999999999999,Average,4398046511257
Exponential,8,0.5330000000000001,Worst,4398046511257
Exponential,8,0.8180000000000002,Average,4398046511257
Exponential,9,0.5765,Worst,4398046511257
Exponential,9,0.9345000000000001,Average,4398046511257
Exponential,10,0.6214999999999999,Worst,4398046511257
Exponential,10,0.9594999999999999,Average,4398046511257
Exponential,11,0.621,Worst,4398046511257
Exponential,11,0.9574999999999999,Average,4398046511257
Exponential,12,0.661,Worst,4398046511257
Exponential,12,0.9340000000000002,Average,4398046511257
Exponential,13,0.689,Worst,4398046511257
Exponential,13,0.9139999999999999,Average,4398046511257
Exponential,14,0.703,Worst,4398046511257
Exponential,14,0.93,Average,4398046511257
Exponential,15,0.733,Worst,4398046511257
Exponential,15,0.9599999999999997,Average,4398046511257
Exponential,16,0.7150000000000001,Worst,4398046511257
Exponential,16,0.9285,Average,4398046511257
Exponential,17,0.7409999999999999,Worst,4398046511257
Exponential,17,0.8895000000000002,Average,4398046511257
Exponential,18,0.768,Worst,4398046511257
Exponential,18,0.9315,Average,4398046511257
Exponential,19,0.768,Worst,4398046511257
Exponential,19,0.9419999999999998,Average,4398046511257
Exponential,20,0.7765000000000001,Worst,4398046511257
Exponential,20,0.9109999999999999,Average,4398046511257
Exponential,21,0.8015000000000001,Worst,4398046511257
Exponential,21,0.9560000000000001,Average,4398046511257
Exponential,22,0.791,Worst,4398046511257
Exponential,22,0.9804999999999999,Average,4398046511257
Exponential,23,0.82,Worst,4398046511257
Exponential,23,0.932,Average,4398046511257
Exponential,24,0.8160000000000001,Worst,4398046511257
Exponential,24,0.95,Average,4398046511257
Exponential,25,0.8195,Worst,4398046511257
Exponential,25,0.9814999999999999,Average,4398046511257
Exponential,26,0.821,Worst,4398046511257
Exponential,26,0.9550000000000001,Average,4398046511257
Exponential,27,0.8234999999999999,Worst,4398046511257
Exponential,27,0.9739999999999999,Average,4398046511257
Exponential,28,0.8365,Worst,4398046511257
Exponential,28,0.966,Average,4398046511257
Exponential,29,0.851,Worst,4398046511257
Exponential,29,0.974,Average,4398046511257
Exponential,30,0.8385,Worst,4398046511257
Exponential,30,0.9375,Average,4398046511257
Exponential,1,1.0,Worst,24189255811315
Exponential,1,1.0,Average,24189255811315
Exponential,2,1.0,Worst,24189255811315
Exponential,2,1.0,Average,24189255811315
Exponential,3,1.0,Worst,24189255811315
Exponential,3,1.0,Average,24189255811315
Exponential,4,1.0,Worst,24189255811315
Exponential,4,1.0,Average,24189255811315
Exponential,5,1.0,Worst,24189255811315
Exponential,5,1.0,Average,24189255811315
Exponential,6,1.0,Worst,24189255811315
Exponential,6,1.0,Average,24189255811315
Exponential,7,1.0,Worst,24189255811315
Exponential,7,1.0,Average,24189255811315
Exponential,8,1.0,Worst,24189255811315
Exponential,8,1.0,Average,24189255811315
Exponential,9,1.0,Worst,24189255811315
Exponential,9,1.0,Average,24189255811315
Exponential,10,1.0,Worst,24189255811315
Exponential,10,1.0,Average,24189255811315
Exponential,11,1.0,Worst,24189255811315
Exponential,11,1.0,Average,24189255811315
Exponential,12,1.0,Worst,24189255811315
Exponential,12,1.0,Average,24189255811315
Exponential,13,1.0,Worst,24189255811315
Exponential,13,1.0,Average,24189255811315
Exponential,14,1.0,Worst,24189255811315
Exponential,14,1.0,Average,24189255811315
Exponential,15,1.0,Worst,24189255811315
Exponential,15,1.0,Average,24189255811315
Exponential,16,1.0,Worst,24189255811315
Exponential,16,1.0,Average,24189255811315
Exponential,17,1.0,Worst,24189255811315
Exponential,17,1.0,Average,24189255811315
Exponential,18,1.0,Worst,24189255811315
Exponential,18,1.0,Average,24189255811315
Exponential,19,1.0,Worst,24189255811315
Exponential,19,1.0,Average,24189255811315
Exponential,20,1.0,Worst,24189255811315
Exponential,20,1.0,Average,24189255811315
Exponential,21,1.0,Worst,24189255811315
Exponential,21,1.0,Average,24189255811315
Exponential,22,1.0,Worst,24189255811315
Exponential,22,1.0,Average,24189255811315
Exponential,23,1.0,Worst,24189255811315
Exponential,23,1.0,Average,24189255811315
Exponential,24,1.0,Worst,24189255811315
Exponential,24,1.0,Average,24189255811315
Exponential,25,1.0,Worst,24189255811315
Exponential,25,1.0,Average,24189255811315
Exponential,26,1.0,Worst,24189255811315
Exponential,26,1.0,Average,24189255811315
Exponential,27,1.0,Worst,24189255811315
Exponential,27,1.0,Average,24189255811315
Exponential,28,1.0,Worst,24189255811315
Exponential,28,1.0,Average,24189255811315
Exponential,29,1.0,Worst,24189255811315
Exponential,29,1.0,Average,24189255811315
Exponential,30,1.0,Worst,24189255811315
Exponential,30,1.0,Average,24189255811315
Exponential,1,0.0045,Worst,1644
Exponential,1,0.627,Average,1644
Exponential,2,0.074,Worst,1644
Exponential,2,0.4545,Average,1644
Exponential,3,0.18949999999999997,Worst,1644
Exponential,3,0.731,Average,1644
Exponential,4,0.2705,Worst,1644
Exponential,4,0.7875,Average,1644
Exponential,5,0.3615,Worst,1644
Exponential,5,0.9365,Average,1644
Exponential,6,0.43400000000000005,Worst,1644
Exponential,6,0.8014999999999999,Average,1644
Exponential,7,0.47450000000000003,Worst,1644
Exponential,7,0.768,Average,1644
Exponential,8,0.529,Worst,1644
Exponential,8,0.8685,Average,1644
Exponential,9,0.5765,Worst,1644
Exponential,9,0.806,Average,1644
Exponential,10,0.6014999999999999,Worst,1644
Exponential,10,0.9275,Average,1644
Exponential,11,0.64,Worst,1644
Exponential,11,0.9395000000000001,Average,1644
Exponential,12,0.6475,Worst,1644
Exponential,12,0.953,Average,1644
Exponential,13,0.6825,Worst,1644
Exponential,13,0.983,Average,1644
Exponential,14,0.6765000000000001,Worst,1644
Exponential,14,0.882,Average,1644
Exponential,15,0.7015,Worst,1644
Exponential,15,0.9120000000000001,Average,1644
Exponential,16,0.74,Worst,1644
Exponential,16,0.9829999999999999,Average,1644
Exponential,17,0.7309999999999999,Worst,1644
Exponential,17,0.9299999999999999,Average,1644
Exponential,18,0.7460000000000001,Worst,1644
Exponential,18,0.932,Average,1644
Exponential,19,0.7815000000000001,Worst,1644
Exponential,19,0.9600000000000002,Average,1644
Exponential,20,0.7779999999999999,Worst,1644
Exponential,20,0.9694999999999998,Average,1644
Exponential,21,0.7935000000000001,Worst,1644
Exponential,21,0.985,Average,1644
Exponential,22,0.7799999999999999,Worst,1644
Exponential,22,0.9114999999999999,Average,1644
Exponential,23,0.8165000000000001,Worst,1644
Exponential,23,0.9415000000000001,Average,1644
Exponential,24,0.8230000000000001,Worst,1644
Exponential,24,0.952,Average,1644
Exponential,25,0.8194999999999999,Worst,1644
Exponential,25,0.9245000000000001,Average,1644
Exponential,26,0.8184999999999999,Worst,1644
Exponential,26,0.9600000000000002,Average,1644
Exponential,27,0.8394999999999999,Worst,1644
Exponential,27,0.9395,Average,1644
Exponential,28,0.8314999999999999,Worst,1644
Exponential,28,0.9640000000000001,Average,1644
Exponential,29,0.8380000000000001,Worst,1644
Exponential,29,0.9695,Average,1644
Exponential,30,0.842,Worst,1644
Exponential,30,0.9675,Average,1644
Exponential,1,0.006499999999999999,Worst,4398046512527
Exponential,1,0.43149999999999994,Average,4398046512527
Exponential,2,0.0865,Worst,4398046512527
Exponential,2,0.7394999999999999,Average,4398046512527
Exponential,3,0.17400000000000002,Worst,4398046512527
Exponential,3,0.6549999999999999,Average,4398046512527
Exponential,4,0.27199999999999996,Worst,4398046512527
Exponential,4,0.7905,Average,4398046512527
Exponential,5,0.3480000000000001,Worst,4398046512527
Exponential,5,0.8480000000000001,Average,4398046512527
Exponential,6,0.4385,Worst,4398046512527
Exponential,6,0.833,Average,4398046512527
Exponential,7,0.49700000000000005,Worst,4398046512527
Exponential,7,0.9145,Average,4398046512527
Exponential,8,0.5215,Worst,4398046512527
Exponential,8,0.8979999999999999,Average,4398046512527
Exponential,9,0.5824999999999999,Worst,4398046512527
Exponential,9,0.8605,Average,4398046512527
Exponential,10,0.6079999999999999,Worst,4398046512527
Exponential,10,0.8664999999999999,Average,4398046512527
Exponential,11,0.632,Worst,4398046512527
Exponential,11,0.9029999999999999,Average,4398046512527
Exponential,12,0.6475000000000002,Worst,4398046512527
Exponential,12,0.8719999999999999,Average,4398046512527
Exponential,13,0.6805000000000001,Worst,4398046512527
Exponential,13,0.9355,Average,4398046512527
Exponential,14,0.712,Worst,4398046512527
Exponential,14,0.9049999999999999,Average,4398046512527
Exponential,15,0.7030000000000001,Worst,4398046512527
Exponential,15,0.9744999999999999,Average,4398046512527
Exponential,16,0.7440000000000001,Worst,4398046512527
Exponential,16,0.925,Average,4398046512527
Exponential,17,0.7275,Worst,4398046512527
Exponential,17,0.9635,Average,4398046512527
Exponential,18,0.7455,Worst,4398046512527
Exponential,18,0.9605,Average,4398046512527
Exponential,19,0.7700000000000001,Worst,4398046512527
Exponential,19,0.9315000000000001,Average,4398046512527
Exponential,20,0.7755,Worst,4398046512527
Exponential,20,0.9215,Average,4398046512527
Exponential,21,0.8005000000000001,Worst,4398046512527
Exponential,21,0.9445,Average,4398046512527
Exponential,22,0.806,Worst,4398046512527
Exponential,22,0.9795,Average,4398046512527
Exponential,23,0.798,Worst,4398046512527
Exponential,23,0.9114999999999999,Average,4398046512527
Exponential,24,0.8055,Worst,4398046512527
Exponential,24,0.968,Average,4398046512527
Exponential,25,0.8115,Worst,4398046512527
Exponential,25,0.966,Average,4398046512527
Exponential,26,0.8140000000000001,Worst,4398046512527
Exponential,26,0.9860000000000001,Average,4398046512527
Exponential,27,0.8280000000000001,Worst,4398046512527
Exponential,27,0.961,Average,4398046512527
Exponential,28,0.8324999999999999,Worst,4398046512527
Exponential,28,0.9899999999999999,Average,4398046512527
Exponential,29,0.8355,Worst,4398046512527
Exponential,29,0.9720000000000001,Average,4398046512527
Exponential,30,0.8370000000000001,Worst,4398046512527
Exponential,30,0.9795,Average,4398046512527
Exponential,1,0.0045000000000000005,Worst,15393162789604
Exponential,1,0.5130000000000001,Average,15393162789604
Exponential,2,0.0755,Worst,15393162789604
Exponential,2,0.7245000000000001,Average,15393162789604
Exponential,3,0.1865,Worst,15393162789604
Exponential,3,0.7095,Average,15393162789604
Exponential,4,0.283,Worst,15393162789604
Exponential,4,0.8800000000000002,Average,15393162789604
Exponential,5,0.353,Worst,15393162789604
Exponential,5,0.8225000000000001,Average,15393162789604
Exponential,6,0.4185,Worst,15393162789604
Exponential,6,0.8320000000000001,Average,15393162789604
Exponential,7,0.4760000000000001,Worst,15393162789604
Exponential,7,0.8799999999999999,Average,15393162789604
Exponential,8,0.5494999999999999,Worst,15393162789604
Exponential,8,0.8525,Average,15393162789604
Exponential,9,0.5815000000000001,Worst,15393162789604
Exponential,9,0.857,Average,15393162789604
Exponential,10,0.5985,Worst,15393162789604
Exponential,10,0.9369999999999999,Average,15393162789604
Exponential,11,0.6495,Worst,15393162789604
Exponential,11,0.9889999999999999,Average,15393162789604
Exponential,12,0.671,Worst,15393162789604
Exponential,12,0.9025000000000001,Average,15393162789604
Exponential,13,0.661,Worst,15393162789604
Exponential,13,0.8989999999999998,Average,15393162789604
Exponential,14,0.712,Worst,15393162789604
Exponential,14,0.889,Average,15393162789604
Exponential,15,0.7219999999999998,Worst,15393162789604
Exponential,15,0.8969999999999999,Average,15393162789604
Exponential,16,0.7395,Worst,15393162789604
Exponential,16,0.9339999999999999,Average,15393162789604
Exponential,17,0.7455,Worst,15393162789604
Exponential,17,0.8895,Average,15393162789604
Exponential,18,0.7424999999999999,Worst,15393162789604
Exponential,18,0.9195,Average,15393162789604
Exponential,19,0.7625000000000001,Worst,15393162789604
Exponential,19,0.9785000000000001,Average,15393162789604
Exponential,20,0.7615000000000001,Worst,15393162789604
Exponential,20,0.982,Average,15393162789604
Exponential,21,0.7809999999999999,Worst,15393162789604
Exponential,21,0.9715,Average,15393162789604
Exponential,22,0.8,Worst,15393162789604
Exponential,22,0.951,Average,15393162789604
Exponential,23,0.8059999999999998,Worst,15393162789604
Exponential,23,0.9419999999999998,Average,15393162789604
Exponential,24,0.7919999999999999,Worst,15393162789604
Exponential,24,0.9264999999999999,Average,15393162789604
Exponential,25,0.826,Worst,15393162789604
Exponential,25,0.9450000000000001,Average,15393162789604
Exponential,26,0.8255000000000001,Worst,15393162789604
Exponential,26,0.978,Average,15393162789604
Exponential,27,0.8380000000000001,Worst,15393162789604
Exponential,27,0.9734999999999999,Average,15393162789604
Exponential,28,0.8314999999999999,Worst,15393162789604
Exponential,28,0.9484999999999999,Average,15393162789604
Exponential,29,0.8334999999999999,Worst,15393162789604
Exponential,29,0.9520000000000002,Average,15393162789604
Exponential,30,0.8474999999999999,Worst,15393162789604
Exponential,30,0.968,Average,15393162789604
Exponential,1,0.0,Worst,24189255811906
Exponential,1,0.0,Average,24189255811906
Exponential,2,0.06999999999999999,Worst,24189255811906
Exponential,2,0.5915,Average,24189255811906
Exponential,3,0.178,Worst,24189255811906
Exponential,3,0.6220000000000001,Average,24189255811906
Exponential,4,0.2925,Worst,24189255811906
Exponential,4,0.748,Average,24189255811906
Exponential,5,0.367,Worst,24189255811906
Exponential,5,0.9025000000000001,Average,24189255811906
Exponential,6,0.41600000000000004,Worst,24189255811906
Exponential,6,0.8729999999999999,Average,24189255811906
Exponential,7,0.4660000000000001,Worst,24189255811906
Exponential,7,0.8345,Average,24189255811906
Exponential,8,0.5335,Worst,24189255811906
Exponential,8,0.8345,Average,24189255811906
Exponential,9,0.596,Worst,24189255811906
Exponential,9,0.9024999999999999,Average,24189255811906
Exponential,10,0.605,Worst,24189255811906
Exponential,10,0.909,Average,24189255811906
Exponential,11,0.639,Worst,24189255811906
Exponential,11,0.9010000000000001,Average,24189255811906
Exponential,12,0.6565000000000001,Worst,24189255811906
Exponential,12,0.8779999999999999,Average,24189255811906
Exponential,13,0.6895000000000001,Worst,24189255811906
Exponential,13,0.923,Average,24189255811906
Exponential,14,0.696,Worst,24189255811906
Exponential,14,0.9295,Average,24189255811906
Exponential,15,0.7135,Worst,24189255811906
Exponential,15,0.9065000000000001,Average,24189255811906
Exponential,16,0.7424999999999999,Worst,24189255811906
Exponential,16,0.9549999999999998,Average,24189255811906
Exponential,17,0.733,Worst,24189255811906
Exponential,17,0.9720000000000001,Average,24189255811906
Exponential,18,0.75,Worst,24189255811906
Exponential,18,0.9504999999999999,Average,24189255811906
Exponential,19,0.7605,Worst,24189255811906
Exponential,19,0.9309999999999998,Average,24189255811906
Exponential,20,0.7885,Worst,24189255811906
Exponential,20,0.951,Average,24189255811906
Exponential,21,0.7905,Worst,24189255811906
Exponential,21,0.9775,Average,24189255811906
Exponential,22,0.8074999999999999,Worst,24189255811906
Exponential,22,0.951,Average,24189255811906
Exponential,23,0.8029999999999999,Worst,24189255811906
Exponential,23,0.9765,Average,24189255811906
Exponential,24,0.8099999999999999,Worst,24189255811906
Exponential,24,0.9549999999999998,Average,24189255811906
Exponential,25,0.8045,Worst,24189255811906
Exponential,25,0.9880000000000001,Average,24189255811906
Exponential,26,0.8285,Worst,24189255811906
Exponential,26,0.9674999999999999,Average,24189255811906
Exponential,27,0.8234999999999999,Worst,24189255811906
Exponential,27,0.967,Average,24189255811906
Exponential,28,0.8335000000000001,Worst,24189255811906
Exponential,28,0.9720000000000001,Average,24189255811906
Exponential,29,0.826,Worst,24189255811906
Exponential,29,0.945,Average,24189255811906
Exponential,30,0.8485000000000001,Worst,24189255811906
Exponential,30,0.9764999999999999,Average,24189255811906
Exponential,1,0.7995000000000001,Worst,15393162789569
Exponential,1,0.6930000000000001,Average,15393162789569
Exponential,2,0.43599999999999994,Worst,15393162789569
Exponential,2,0.882,Average,15393162789569
Exponential,3,0.5635,Worst,15393162789569
Exponential,3,0.9065000000000001,Average,15393162789569
Exponential,4,0.659,Worst,15393162789569
Exponential,4,0.9824999999999999,Average,15393162789569
Exponential,5,0.72,Worst,15393162789569
Exponential,5,0.9584999999999999,Average,15393162789569
Exponential,6,0.7445,Worst,15393162789569
Exponential,6,0.9710000000000001,Average,15393162789569
Exponential,7,0.7775000000000001,Worst,15393162789569
Exponential,7,0.9405000000000001,Average,15393162789569
Exponential,8,0.8105,Worst,15393162789569
Exponential,8,0.9479999999999998,Average,15393162789569
Exponential,9,0.8284999999999998,Worst,15393162789569
Exponential,9,0.9349999999999999,Average,15393162789569
Exponential,10,0.852,Worst,15393162789569
Exponential,10,0.9695,Average,15393162789569
Exponential,11,0.858,Worst,15393162789569
Exponential,11,0.9864999999999998,Average,15393162789569
Exponential,12,0.8710000000000001,Worst,15393162789569
Exponential,12,0.984,Average,15393162789569
Exponential,13,0.8640000000000001,Worst,15393162789569
Exponential,13,0.983,Average,15393162789569
Exponential,14,0.8885,Worst,15393162789569
Exponential,14,0.9890000000000001,Average,15393162789569
Exponential,15,0.8955,Worst,15393162789569
Exponential,15,0.9920000000000002,Average,15393162789569
Exponential,16,0.8915000000000001,Worst,15393162789569
Exponential,16,0.9655000000000001,Average,15393162789569
Exponential,17,0.9035,Worst,15393162789569
Exponential,17,0.986,Average,15393162789569
Exponential,18,0.915,Worst,15393162789569
Exponential,18,0.975,Average,15393162789569
Exponential,19,0.9170000000000001,Worst,15393162789569
Exponential,19,0.9865,Average,15393162789569
Exponential,20,0.9275000000000002,Worst,15393162789569
Exponential,20,0.9710000000000001,Average,15393162789569
Exponential,21,0.9199999999999999,Worst,15393162789569
Exponential,21,0.9884999999999999,Average,15393162789569
Exponential,22,0.9259999999999999,Worst,15393162789569
Exponential,22,0.9899999999999999,Average,15393162789569
Exponential,23,0.9260000000000002,Worst,15393162789569
Exponential,23,0.9719999999999999,Average,15393162789569
Exponential,24,0.9334999999999999,Worst,15393162789569
Exponential,24,0.9865,Average,15393162789569
Exponential,25,0.9465,Worst,15393162789569
Exponential,25,0.9795000000000001,Average,15393162789569
Exponential,26,0.932,Worst,15393162789569
Exponential,26,0.9775,Average,15393162789569
Exponential,27,0.9209999999999999,Worst,15393162789569
Exponential,27,0.9814999999999999,Average,15393162789569
Exponential,28,0.938,Worst,15393162789569
Exponential,28,0.9865,Average,15393162789569
Exponential,29,0.9420000000000002,Worst,15393162789569
Exponential,29,0.99,Average,15393162789569
Exponential,30,0.9450000000000001,Worst,15393162789569
Exponential,30,0.992,Average,15393162789569
Exponential,1,0.0035000000000000005,Worst,2199023256219
Exponential,1,0.4694999999999999,Average,2199023256219
Exponential,2,0.0895,Worst,2199023256219
Exponential,2,0.552,Average,2199023256219
Exponential,3,0.1945,Worst,2199023256219
Exponential,3,0.7825,Average,2199023256219
Exponential,4,0.282,Worst,2199023256219
Exponential,4,0.876,Average,2199023256219
Exponential,5,0.34750000000000003,Worst,2199023256219
Exponential,5,0.882,Average,2199023256219
Exponential,6,0.438,Worst,2199023256219
Exponential,6,0.9269999999999999,Average,2199023256219
Exponential,7,0.4920000000000001,Worst,2199023256219
Exponential,7,0.859,Average,2199023256219
Exponential,8,0.513,Worst,2199023256219
Exponential,8,0.9189999999999999,Average,2199023256219
Exponential,9,0.5785,Worst,2199023256219
Exponential,9,0.9730000000000001,Average,2199023256219
Exponential,10,0.5925,Worst,2199023256219
Exponential,10,0.9115,Average,2199023256219
Exponential,11,0.6335000000000001,Worst,2199023256219
Exponential,11,0.9209999999999999,Average,2199023256219
Exponential,12,0.6609999999999999,Worst,2199023256219
Exponential,12,0.9484999999999999,Average,2199023256219
Exponential,13,0.6575,Worst,2199023256219
Exponential,13,0.9525,Average,2199023256219
Exponential,14,0.694,Worst,2199023256219
Exponential,14,0.8695,Average,2199023256219
Exponential,15,0.6855,Worst,2199023256219
Exponential,15,0.9400000000000001,Average,2199023256219
Exponential,16,0.7355,Worst,2199023256219
Exponential,16,0.9139999999999999,Average,2199023256219
Exponential,17,0.7635,Worst,2199023256219
Exponential,17,0.9410000000000001,Average,2199023256219
Exponential,18,0.7545,Worst,2199023256219
Exponential,18,0.9339999999999999,Average,2199023256219
Exponential,19,0.7535000000000002,Worst,2199023256219
Exponential,19,0.9545,Average,2199023256219
Exponential,20,0.7755,Worst,2199023256219
Exponential,20,0.9414999999999999,Average,2199023256219
Exponential,21,0.7809999999999999,Worst,2199023256219
Exponential,21,0.9280000000000002,Average,2199023256219
Exponential,22,0.777,Worst,2199023256219
Exponential,22,0.9574999999999999,Average,2199023256219
Exponential,23,0.8085000000000001,Worst,2199023256219
Exponential,23,0.9524999999999999,Average,2199023256219
Exponential,24,0.808,Worst,2199023256219
Exponential,24,0.9654999999999999,Average,2199023256219
Exponential,25,0.827,Worst,2199023256219
Exponential,25,0.9789999999999999,Average,2199023256219
Exponential,26,0.8280000000000001,Worst,2199023256219
Exponential,26,0.975,Average,2199023256219
Exponential,27,0.8320000000000001,Worst,2199023256219
Exponential,27,0.952,Average,2199023256219
Exponential,28,0.837,Worst,2199023256219
Exponential,28,0.9824999999999999,Average,2199023256219
Exponential,29,0.8474999999999999,Worst,2199023256219
Exponential,29,0.9770000000000001,Average,2199023256219
Exponential,30,0.8445,Worst,2199023256219
Exponential,30,0.9630000000000001,Average,2199023256219
Exponential,1,0.0,Worst,28587302323642
Exponential,1,0.0,Average,28587302323642
Exponential,2,0.079,Worst,28587302323642
Exponential,2,0.331,Average,28587302323642
Exponential,3,0.174,Worst,28587302323642
Exponential,3,0.7609999999999999,Average,28587302323642
Exponential,4,0.278,Worst,28587302323642
Exponential,4,0.829,Average,28587302323642
Exponential,5,0.3315,Worst,28587302323642
Exponential,5,0.738,Average,28587302323642
Exponential,6,0.4165000000000001,Worst,28587302323642
Exponential,6,0.8734999999999999,Average,28587302323642
Exponential,7,0.4885,Worst,28587302323642
Exponential,7,0.86,Average,28587302323642
Exponential,8,0.5395000000000001,Worst,28587302323642
Exponential,8,0.8955,Average,28587302323642
Exponential,9,0.5559999999999999,Worst,28587302323642
Exponential,9,0.8494999999999999,Average,28587302323642
Exponential,10,0.593,Worst,28587302323642
Exponential,10,0.8744999999999999,Average,28587302323642
Exponential,11,0.6265000000000001,Worst,28587302323642
Exponential,11,0.9445000000000002,Average,28587302323642
Exponential,12,0.637,Worst,28587302323642
Exponential,12,0.9285,Average,28587302323642
Exponential,13,0.677,Worst,28587302323642
Exponential,13,0.9259999999999999,Average,28587302323642
Exponential,14,0.711,Worst,28587302323642
Exponential,14,0.9510000000000002,Average,28587302323642
Exponential,15,0.7295,Worst,28587302323642
Exponential,15,0.8705,Average,28587302323642
Exponential,16,0.7295,Worst,28587302323642
Exponential,16,0.9440000000000002,Average,28587302323642
Exponential,17,0.7180000000000001,Worst,28587302323642
Exponential,17,0.9565000000000001,Average,28587302323642
Exponential,18,0.748,Worst,28587302323642
Exponential,18,0.9245000000000001,Average,28587302323642
Exponential,19,0.7605000000000001,Worst,28587302323642
Exponential,19,0.9650000000000001,Average,28587302323642
Exponential,20,0.768,Worst,28587302323642
Exponential,20,0.9829999999999999,Average,28587302323642
Exponential,21,0.804,Worst,28587302323642
Exponential,21,0.945,Average,28587302323642
Exponential,22,0.8045,Worst,28587302323642
Exponential,22,0.9284999999999999,Average,28587302323642
Exponential,23,0.8005000000000001,Worst,28587302323642
Exponential,23,0.932,Average,28587302323642
Exponential,24,0.8115,Worst,28587302323642
Exponential,24,0.9825000000000003,Average,28587302323642
Exponential,25,0.8285,Worst,28587302323642
Exponential,25,0.9155000000000001,Average,28587302323642
Exponential,26,0.8095000000000001,Worst,28587302323642
Exponential,26,0.9700000000000001,Average,28587302323642
Exponential,27,0.835,Worst,28587302323642
Exponential,27,0.9549999999999998,Average,28587302323642
Exponential,28,0.8354999999999999,Worst,28587302323642
Exponential,28,0.9465,Average,28587302323642
Exponential,29,0.8290000000000001,Worst,28587302323642
Exponential,29,0.9359999999999999,Average,28587302323642
Exponential,30,0.8215,Worst,28587302323642
Exponential,30,0.9390000000000001,Average,28587302323642
Exponential,1,0.0,Worst,6597069766821
Exponential,1,0.0,Average,6597069766821
Exponential,2,0.0055,Worst,6597069766821
Exponential,2,0.07949999999999999,Average,6597069766821
Exponential,3,0.06450000000000002,Worst,6597069766821
Exponential,3,0.24800000000000005,Average,6597069766821
Exponential,4,0.1145,Worst,6597069766821
Exponential,4,0.3975,Average,6597069766821
Exponential,5,0.1615,Worst,6597069766821
Exponential,5,0.4154999999999999,Average,6597069766821
Exponential,6,0.23199999999999998,Worst,6597069766821
Exponential,6,0.5714999999999999,Average,6597069766821
Exponential,7,0.2835,Worst,6597069766821
Exponential,7,0.619,Average,6597069766821
Exponential,8,0.3275,Worst,6597069766821
Exponential,8,0.6615000000000001,Average,6597069766821
Exponential,9,0.3925,Worst,6597069766821
Exponential,9,0.677,Average,6597069766821
Exponential,10,0.39249999999999996,Worst,6597069766821
Exponential,10,0.6765000000000001,Average,6597069766821
Exponential,11,0.43149999999999994,Worst,6597069766821
Exponential,11,0.7295,Average,6597069766821
Exponential,12,0.4525,Worst,6597069766821
Exponential,12,0.7485000000000002,Average,6597069766821
Exponential,13,0.484,Worst,6597069766821
Exponential,13,0.7545,Average,6597069766821
Exponential,14,0.5185,Worst,6597069766821
Exponential,14,0.7615000000000001,Average,6597069766821
Exponential,15,0.5579999999999999,Worst,6597069766821
Exponential,15,0.7675,Average,6597069766821
Exponential,16,0.55,Worst,6597069766821
Exponential,16,0.7775000000000001,Average,6597069766821
Exponential,17,0.5505000000000001,Worst,6597069766821
Exponential,17,0.793,Average,6597069766821
Exponential,18,0.5830000000000001,Worst,6597069766821
Exponential,18,0.805,Average,6597069766821
Exponential,19,0.603,Worst,6597069766821
Exponential,19,0.85,Average,6597069766821
Exponential,20,0.6040000000000001,Worst,6597069766821
Exponential,20,0.8709999999999999,Average,6597069766821
Exponential,21,0.634,Worst,6597069766821
Exponential,21,0.866,Average,6597069766821
Exponential,22,0.647,Worst,6597069766821
Exponential,22,0.865,Average,6597069766821
Exponential,23,0.663,Worst,6597069766821
Exponential,23,0.8640000000000001,Average,6597069766821
Exponential,24,0.672,Worst,6597069766821
Exponential,24,0.859,Average,6597069766821
Exponential,25,0.6895,Worst,6597069766821
Exponential,25,0.86,Average,6597069766821
Exponential,26,0.6715,Worst,6597069766821
Exponential,26,0.8885,Average,6597069766821
Exponential,27,0.7045,Worst,6597069766821
Exponential,27,0.891,Average,6597069766821
Exponential,28,0.7075,Worst,6597069766821
Exponential,28,0.8835000000000001,Average,6597069766821
Exponential,29,0.7194999999999998,Worst,6597069766821
Exponential,29,0.8655000000000002,Average,6597069766821
Exponential,30,0.717,Worst,6597069766821
Exponential,30,0.8925000000000001,Average,6597069766821
